# Blender v2.79 (sub 0) OBJ File: ''
# www.blender.org
mtllib untitled.mtl
o Copilot3D-ce6fb7ef-08c4-49c6-8ab7-09273bb811c2
v -49.861660 -29.404665 19.913149
v -49.888832 -29.216805 20.005049
v -49.995155 -29.224997 19.815371
v -49.747040 -26.923685 19.665215
v -49.881817 -29.478765 19.413366
v -49.820648 -27.375626 19.456448
v -49.577038 -24.996048 19.355427
v -50.004112 -29.272326 16.946083
v -49.902317 -28.313505 18.720139
v -49.684246 -25.900452 18.921240
v -49.482708 -23.295601 19.065744
v -49.761314 -26.978487 18.167700
v -49.561836 -24.462683 17.794968
v -49.421688 -22.189407 18.927288
v -49.906940 -29.445324 15.490295
v -49.938385 -28.312582 17.987116
v -49.816139 -28.114531 18.189144
v -49.791607 -27.676912 18.203377
v -49.676876 -26.578478 18.053936
v -49.571304 -24.900810 17.787212
v -49.853691 -28.250864 17.927170
v -50.002354 -28.720165 16.434303
v -49.977730 -28.288746 15.167150
v -49.563408 -6.002688 16.974920
v -49.597485 -5.147180 17.106602
v -49.563213 -5.756163 16.222765
v -49.585831 -4.323995 14.996737
v -49.613327 -3.688348 17.094564
v -49.868519 -28.222912 16.892775
v -49.624035 -3.709584 12.610140
v -49.605503 -4.188360 12.875890
v -50.014515 -28.711544 7.779937
v -49.907326 -29.415752 9.494954
v -49.605064 -5.088565 11.856296
v -49.611195 -3.692309 11.866320
v -49.620235 -3.707326 9.983947
v -49.990669 -28.271507 7.550341
v -49.583145 -4.515988 7.815331
v -49.578606 -3.724426 7.555212
v -49.993160 -29.264055 4.419588
v -49.874146 -28.164522 0.375437
v -49.510067 -4.561877 7.550091
v -49.999855 -28.778793 2.263905
v -49.893932 -29.432611 -0.072170
v -49.983479 -28.266525 -0.795886
v -49.992401 -29.255436 -1.829421
v -49.885139 -29.430723 -4.769360
v -49.991875 -28.740988 -8.800834
v -49.901340 -29.393400 -7.540428
v -49.975552 -28.251001 -16.942062
v -49.872227 -28.147028 -14.158528
v -49.895550 -29.390718 -13.194531
v -49.984234 -29.244951 -17.347527
v -49.866901 -28.119337 -17.517752
v -49.899494 -29.423981 -18.820551
v -49.562855 -22.603451 -16.531536
v -49.514088 -21.065176 -16.235958
v -49.634983 -24.103743 -16.989264
v -49.509666 -21.084602 -17.366856
v -49.944115 -28.355488 -18.261660
v -49.845673 -28.015860 -17.799038
v -49.731014 -25.449530 -17.336620
v -49.689274 -24.980944 -17.243032
v -49.615459 -24.077946 -18.304104
v -49.543659 -22.787579 -17.878090
v -49.984337 -29.212704 -19.530149
v -49.827621 -26.802559 -17.641706
v -49.872570 -26.978729 -18.116425
v -49.697372 -25.225279 -18.645405
v -49.884354 -27.265001 -19.055698
v -49.756386 -26.495275 -19.039419
v -49.866295 -29.361078 -19.486729
v -49.858295 -28.133217 -19.531145
v -49.813114 -29.301916 -19.676096
v -49.843483 -29.137169 -19.763891
v -49.310280 -20.288023 18.661522
v -49.366264 -19.933556 18.524639
v -49.479122 -22.656691 17.598139
v -49.413643 -20.726271 17.270802
v -49.217724 -17.761889 18.197222
v -49.110283 -15.873332 17.943930
v -49.160152 -16.190645 17.700014
v -49.423687 -22.350990 17.314945
v -49.299232 -19.125004 16.865072
v -49.162453 -16.444412 16.546219
v -49.483028 -6.044841 17.044687
v -49.480003 -5.976878 14.419000
v -49.580997 -5.735742 12.916264
v -49.492725 -5.873818 12.634409
v -49.514370 -4.092160 12.603896
v -49.487144 -5.897897 11.869942
v -49.601643 -5.750759 11.607113
v -49.564217 -5.780938 7.925456
v -49.494572 -5.911984 9.945804
v -49.483501 -5.872275 7.646499
v -49.467442 -5.872382 6.875087
v -49.476879 -4.071427 6.844740
v -49.527695 -5.726238 6.606384
v -49.537384 -3.746420 6.815908
v -49.499939 -5.730811 3.559988
v -49.516094 -3.725489 4.955896
v -49.584770 -29.455351 3.936302
v -49.444275 -5.864882 3.315415
v -49.490307 -3.997576 3.335097
v -49.442379 -3.717315 3.249954
v -49.604790 -5.893841 2.514247
v -49.571358 -5.731497 2.150358
v -49.488216 -5.897513 2.314669
v -49.581310 -3.719278 2.477075
v -49.592678 -3.725785 0.879698
v -49.535629 -5.739300 -0.637593
v -49.461315 -5.885900 -2.923311
v -49.560051 -4.129033 -2.701775
v -49.572262 -3.742043 -2.940747
v -49.525814 -5.734101 -2.700124
v -49.470245 -4.481729 -2.932316
v -49.461815 -5.877308 -3.747338
v -49.480335 -3.721093 -3.769437
v -49.569775 -3.747669 -4.021840
v -49.530514 -5.708177 -3.988569
v -49.529682 -3.796586 -7.729606
v -49.448902 -5.899848 -7.823202
v -49.475163 -5.717959 -10.123054
v -49.436993 -5.896961 -9.409902
v -49.500961 -3.788892 -10.374447
v -49.409477 -5.799755 -10.359776
v -49.428387 -5.316532 -10.392715
v -49.440842 -3.982603 -10.411944
v -49.195473 -11.942389 -13.402780
v -49.212910 -12.148683 -14.251311
v -49.234211 -13.483826 -13.940609
v -49.118988 -10.652235 -13.154389
v -49.106323 -10.680423 -14.246187
v -49.071899 -9.315028 -13.654459
v -49.340023 -15.840441 -14.593338
v -49.260220 -14.711823 -14.288673
v -49.271347 -14.492838 -14.904225
v -49.197922 -12.774059 -14.770220
v -49.208401 -13.627627 -15.155951
v -49.434769 -18.729755 -15.422993
v -49.392502 -17.510134 -15.055249
v -49.374290 -16.519962 -15.873960
v -49.238167 -14.470581 -15.437696
v -49.426434 -20.317308 -15.859645
v -49.467342 -19.958267 -15.919809
v -49.428185 -18.123398 -16.294191
v -49.278641 -15.868109 -15.872840
v -49.433140 -21.458706 -16.211016
v -49.364609 -17.310392 -16.285511
v -49.420792 -18.841202 -16.769197
v -49.070721 -29.418716 -18.283543
v -49.415672 -19.772310 -17.067520
v -49.411766 -21.023514 -17.448580
v -49.376007 -22.658348 -17.916201
v -49.569912 -28.121241 -19.536600
v -49.420235 -28.879841 -19.749216
v -47.119686 -27.744753 18.083815
v -49.126549 -25.154062 17.773848
v -48.986660 -14.402531 17.779284
v -48.996605 -13.698891 17.488787
v -48.841324 -11.691849 17.409338
v -49.187134 -22.783546 17.364674
v -48.875179 -11.457391 16.990479
v -48.733253 -8.143043 17.011595
v -49.110584 -19.654314 16.910347
v -49.078613 -21.500696 17.181211
v -48.923576 -12.692437 15.872743
v -48.747581 -7.942761 16.771002
v -48.983791 -17.042507 16.519321
v -49.006973 -14.650178 16.191391
v -48.770672 -8.964119 15.440775
v -48.815407 -10.507112 15.593354
v -49.151150 -3.920760 12.520926
v -49.225479 -5.749615 12.560376
v -49.207542 -5.713879 7.508371
v -49.097397 -5.103915 7.483336
v -49.081276 -5.869452 4.661934
v -49.139793 -5.733650 3.174222
v -49.206402 -4.036584 3.201534
v -48.664589 -5.885584 0.982462
v -49.196312 -5.750484 -3.008271
v -49.132339 -5.840374 -10.446304
v -49.103401 -5.705789 -10.467669
v -49.060791 -5.904663 -10.692849
v -49.021938 -6.561459 -11.040970
v -49.130112 -5.871097 -11.121301
v -49.082668 -5.657970 -11.316766
v -48.998394 -7.079958 -11.535585
v -49.052685 -6.706064 -11.829103
v -48.972965 -7.297564 -11.762614
v -49.007496 -7.598907 -12.152657
v -49.074657 -5.979430 -12.624676
v -49.025379 -7.988402 -12.500291
v -49.012486 -5.645775 -12.665512
v -49.015602 -9.403146 -12.705044
v -49.018398 -8.798805 -12.658873
v -49.080524 -8.439928 -12.853709
v -49.024475 -10.888012 -13.078590
v -49.076019 -9.184028 -13.188172
v -49.023266 -7.255441 -13.134267
v -49.024876 -8.540401 -13.538878
v -49.019485 -9.893273 -14.058826
v -49.035038 -12.361084 -14.773432
v -49.170898 -17.554977 -16.390814
v -48.683975 -26.419912 -18.998537
v -47.846645 -28.067444 18.126610
v -46.927513 -26.561329 17.909039
v -47.785572 -29.479080 13.178834
v -48.660057 -7.278090 16.950205
v -48.639088 -6.433302 16.934978
v -48.687599 -6.272410 16.735277
v -48.731953 -6.320754 16.218983
v -48.788036 -6.086085 16.749155
v -48.714302 -14.063582 16.072710
v -48.823490 -6.047793 15.013248
v -48.709877 -6.314839 15.442700
v -48.720676 -12.031166 15.733265
v -48.597820 -9.287356 15.351715
v -48.673145 -7.948971 15.167357
v -48.616428 -6.291790 14.985737
v -48.247356 -5.944313 14.286652
v -48.271767 -5.800678 12.673615
v -48.523285 -5.134847 12.537996
v -47.156418 -3.706134 12.590401
v -48.363392 -5.849101 11.842999
v -47.832966 -29.467234 8.108227
v -48.075459 -5.878300 9.165841
v -48.622730 -5.809895 7.564383
v -47.938305 -5.829459 8.075111
v -48.420460 -4.061759 7.566346
v -47.723286 -3.708954 7.669370
v -48.070244 -5.854802 6.074520
v -48.086311 -5.837710 3.655998
v -48.756065 -5.355559 3.123983
v -48.704849 -3.941805 3.129400
v -48.037327 -29.471264 1.033619
v -48.619736 -5.883057 -1.618537
v -48.231537 -29.473066 -4.505040
v -48.144497 -5.842951 -2.989124
v -48.145321 -5.733042 -3.064354
v -48.159988 -4.679744 -3.020309
v -48.698570 -5.875407 -4.077314
v -48.133305 -5.841509 -3.717562
v -48.065128 -5.920933 -7.768046
v -48.187973 -29.421413 -8.601394
v -48.616104 -5.918785 -9.531449
v -48.761425 -5.955435 -10.509207
v -48.265926 -5.370545 -10.426329
v -47.802437 -3.828398 -10.461425
v -48.557411 2.378068 -11.073492
v -48.532825 3.857031 -11.460805
v -48.549267 4.782001 -11.786755
v -48.586937 1.277898 -10.771812
v -48.690701 -7.401238 -11.925178
v -48.605877 1.521466 -12.589332
v -48.603447 1.177669 -12.303447
v -48.755112 -8.155534 -12.385408
v -48.589527 3.808444 -12.890235
v -48.519238 5.223368 -12.036766
v -48.544632 6.256821 -12.473339
v -48.493774 6.245018 -12.286418
v -48.554222 2.575953 -12.822817
v -48.521896 7.752434 -12.634989
v -48.570152 4.217909 -13.186208
v -48.556454 5.025334 -13.475854
v -48.547859 8.634150 -12.879680
v -48.749390 -7.257484 -13.175622
v -48.585350 7.374740 -13.993786
v -48.544140 5.736335 -13.658238
v -48.520409 9.425861 -13.181596
v -48.539017 10.195162 -13.444226
v -48.521103 8.748067 -12.979842
v -48.759689 -8.602833 -13.595096
v -48.564064 8.640344 -14.366165
v -48.548454 9.630965 -14.762141
v -48.546425 11.675114 -13.854804
v -48.551464 10.754478 -15.081005
v -48.587154 12.163933 -15.582314
v -48.556911 12.741478 -14.177420
v -48.578430 13.667195 -15.636266
v -48.480091 13.967529 -14.452241
v -48.519650 14.100440 -15.295279
v -48.538666 14.560900 -16.076702
v -48.477161 14.595703 -14.703264
v -48.560833 16.893175 -15.411765
v -48.499184 15.800796 -15.060075
v -48.537533 13.895428 -16.024029
v -48.546104 15.352757 -16.656527
v -48.526749 14.728696 -16.466047
v -48.589352 16.647049 -17.082085
v -48.543186 18.551113 -15.961800
v -48.593582 18.686819 -16.223900
v -48.497459 19.012934 -16.175724
v -48.608902 18.709808 -17.432037
v -48.550602 17.508307 -17.454916
v -48.566349 16.522612 -17.074295
v -47.196053 -20.914978 -17.421429
v -48.543587 18.604115 -17.768269
v -47.926907 -23.679665 -18.181467
v -46.543739 -29.428400 -19.017710
v -47.371510 -29.353069 19.887890
v -45.169899 -29.455029 19.731789
v -48.196995 -6.073166 16.978300
v -48.362865 -6.099597 16.931486
v -47.286858 -16.570993 16.449133
v -48.376186 -11.017920 15.615623
v -48.491573 -8.115964 15.146728
v -48.401253 -6.889363 14.970676
v -48.355537 -6.043481 14.662322
v -47.901096 -5.842197 13.446205
v -47.911205 -5.852318 10.395866
v -48.093079 -5.778697 7.463081
v -47.667007 -4.945557 7.461874
v -48.167961 -5.818050 6.859074
v -48.089840 -5.886742 4.838899
v -47.950546 -5.775713 3.244462
v -47.882908 -5.412791 3.041455
v -47.901787 -5.015252 3.044636
v -47.975559 -5.857122 2.135089
v -48.098991 -5.930990 0.782100
v -48.099567 -5.929935 -1.218308
v -48.049038 -5.754875 -3.674434
v -47.978165 -6.015041 -3.413127
v -47.043274 -3.916106 -2.988471
v -48.087540 -5.897720 -4.853551
v -48.102997 -5.986181 -10.041842
v -47.984303 -6.730706 -10.124573
v -47.949947 -6.061694 -9.832352
v -48.184376 -6.035038 -10.350116
v -48.101341 -7.578348 -10.824294
v -48.265942 -6.828553 -10.849160
v -48.434464 -6.086377 -10.577860
v -48.287525 -6.404226 -10.709354
v -46.602482 -4.407241 -10.495424
v -48.737438 -6.660555 -11.075559
v -48.440674 -7.251161 -11.382346
v -48.093258 -7.524838 -11.817132
v -48.221619 -7.935657 -12.232309
v -48.356300 1.179404 -12.570857
v -46.526859 -6.011170 -12.868767
v -48.361740 4.215016 -13.235385
v -46.742523 -9.823302 -14.010846
v -48.353531 7.083644 -13.972914
v -48.258610 8.337370 -14.335946
v -48.267311 14.383543 -14.893966
v -48.139034 14.540369 -14.664062
v -48.263763 11.182715 -15.287693
v -48.359020 14.327722 -15.461290
v -46.768776 -14.308630 -15.353683
v -48.346237 14.098758 -15.582464
v -48.313766 14.048103 -15.915215
v -48.271290 13.404071 -15.935205
v -48.225330 14.299760 -16.238008
v -47.359219 -18.143274 -16.570129
v -46.864361 -29.446684 -17.466877
v -49.519123 -27.502844 -17.755411
v -48.926910 -28.017036 -17.917759
v -47.187744 -27.603069 -17.817144
v -48.241310 18.534708 -17.888086
v -47.102707 -25.412983 -18.712589
v -47.046852 -28.465580 -19.654623
v -44.993790 -29.541420 19.335501
v -46.633938 -10.590508 15.575118
v -47.984146 -7.623816 15.018925
v -47.447170 -7.774377 15.040968
v -48.064060 -6.762743 14.706876
v -47.855423 -7.597932 14.814144
v -47.872963 -6.904463 14.227367
v -47.831013 -7.625177 14.229020
v -48.032429 -6.026900 14.365775
v -47.852295 -6.369295 13.092879
v -47.857811 -7.648470 11.695473
v -47.885223 -5.724047 12.632018
v -47.866051 -5.750564 12.213932
v -47.033741 -4.924591 12.475571
v -47.413620 -3.924821 12.502923
v -47.855885 -5.758053 11.648167
v -47.890144 -5.943285 10.258173
v -47.894962 -5.958121 8.496857
v -47.893810 -7.635277 7.555493
v -47.892784 -6.672602 7.371766
v -47.913074 -5.945908 7.763085
v -47.930710 -5.775656 7.243564
v -47.906322 -5.757664 6.962451
v -47.432777 -5.383784 7.256568
v -48.087799 -5.003937 7.093181
v -48.233177 -5.409184 7.027469
v -49.161537 -3.988096 6.962984
v -48.115009 -3.851620 7.001492
v -47.903690 -5.859904 6.335142
v -47.950241 -7.635895 4.993793
v -47.930180 -6.004894 4.886139
v -47.933128 -7.654605 3.758076
v -47.947483 -5.779415 2.894797
v -47.954994 -5.761106 3.168995
v -47.192036 -3.982699 3.099404
v -46.933281 -3.717330 3.244585
v -47.918972 -7.648108 0.534490
v -47.945686 -7.400751 0.686487
v -47.921337 -5.952271 1.795338
v -48.182613 -5.775604 2.486952
v -47.912098 -5.733087 2.536833
v -47.951488 -6.030892 0.604475
v -47.932316 -7.017542 -3.516919
v -47.945404 -5.976517 -2.414114
v -47.932636 -7.612013 -3.563075
v -47.893589 -7.643000 -3.742000
v -47.925819 -5.984003 -4.464054
v -47.847385 -6.005317 -7.757608
v -47.832020 -7.628917 -7.628798
v -47.915169 -7.363709 -9.884274
v -47.886703 -7.599821 -10.214170
v -47.496387 1.238794 -10.765013
v -47.028774 1.220563 -10.814006
v -48.032066 -7.518566 -11.979077
v -46.679947 1.148780 -12.661353
v -48.291309 9.029970 -13.172686
v -48.130779 8.770630 -13.374781
v -47.888199 8.891812 -13.462852
v -46.682491 5.165745 -13.515694
v -45.987648 -11.778405 -14.576490
v -47.184174 8.593699 -14.427510
v -47.905239 14.296778 -15.437366
v -47.050220 12.231875 -15.738708
v -48.006039 13.947393 -15.934060
v -48.109306 14.139068 -15.980677
v -47.887009 13.868109 -16.098301
v -46.960629 14.753004 -16.513535
v -47.088726 -24.371861 17.593937
v -46.063015 -8.557848 15.245568
v -47.568882 -7.676558 14.200934
v -47.607300 -7.687983 12.757856
v -47.645447 -7.656432 8.486459
v -47.674225 -5.671485 7.373582
v -47.636032 -5.678058 7.076335
v -47.606323 -7.700510 4.351530
v -47.464870 -5.296656 2.867086
v -47.627537 -5.687421 2.806309
v -47.561440 -7.666218 -2.385381
v -47.486774 -5.632616 -3.136384
v -46.283157 -29.441433 -8.065082
v -47.607292 -7.628722 -11.127444
v -46.852509 -5.474978 -10.415586
v -46.506927 -5.677508 -10.433954
v -47.408733 -3.895227 -10.512625
v -47.504784 -7.660219 -12.034577
v -47.019470 1.129289 -12.344584
v -46.728706 -5.741421 -12.769852
v -46.692913 2.200953 -12.852744
v -46.587337 -7.595842 -13.292174
v -46.957184 2.721371 -12.962081
v -46.911137 4.651056 -13.314750
v -47.691353 8.774564 -13.779221
v -46.763176 8.854947 -13.835513
v -47.454437 6.956614 -13.935808
v -46.997948 7.514281 -14.138141
v -46.923107 9.583978 -14.887791
v -46.950130 11.383080 -15.407582
v -46.750965 13.381009 -15.926601
v -47.795341 14.286106 -15.995295
v -47.112503 14.487708 -16.341644
v -46.991592 15.603379 -16.812378
v -47.037659 16.784443 -17.296215
v -46.627384 18.472385 -18.042189
v -45.387108 -29.388849 -19.497578
v -45.015942 -22.196545 17.245422
v -44.966900 -20.383024 16.962786
v -45.004051 -14.252124 16.117506
v -47.029789 -7.733768 14.812190
v -46.921429 -7.692916 13.655312
v -47.330578 -5.663471 12.566419
v -46.823303 -5.197001 12.100814
v -47.257301 -5.671589 12.064459
v -46.807514 -5.092219 12.276582
v -45.266937 -7.657027 10.899342
v -47.043137 -4.945613 7.381597
v -47.126614 -4.997392 7.260007
v -46.058510 -4.392010 7.511218
v -47.320011 -5.638566 2.634851
v -46.963516 -4.958795 2.809608
v -47.011848 -5.004692 2.642145
v -47.013237 -4.410487 3.024418
v -46.225185 -7.678721 3.644742
v -45.747452 -29.492920 -4.171712
v -46.666763 -4.882921 -3.124047
v -46.775990 -5.104752 -3.209693
v -47.121429 -5.437564 -3.330369
v -47.323227 -5.662034 -3.646590
v -47.302319 -5.522172 -3.666518
v -46.454262 -4.923349 -10.466106
v -46.368484 -3.816354 -10.343576
v -46.536533 -7.622095 -11.746516
v -47.907551 5.077541 -12.044935
v -47.622875 4.913631 -12.086412
v -46.650417 5.351102 -12.124151
v -48.767525 -9.629004 -12.719641
v -46.703033 -10.208439 -12.794993
v -48.370018 -8.802262 -12.492512
v -46.712654 4.465828 -13.247760
v -46.795986 9.172958 -13.207974
v -46.490009 9.079007 -13.397986
v -44.601559 -8.124669 -13.481117
v -46.948933 6.017847 -13.730390
v -46.713123 8.553896 -14.360080
v -46.713604 8.655346 -14.455984
v -46.706009 9.534475 -14.916843
v -46.741383 10.520908 -15.153820
v -46.617203 14.312438 -15.504007
v -46.657528 14.274042 -16.030161
v -46.747375 12.239035 -15.777524
v -46.995953 13.868641 -16.010080
v -46.737923 16.492683 -17.167265
v -45.629044 17.399994 -17.703854
v -45.208061 -25.658447 -18.834215
v -45.436798 -29.320168 -19.715174
v -45.525082 -29.149830 -19.810749
v -45.962395 -28.898441 -19.786364
v -45.737419 -29.504017 16.545235
v -44.700264 -11.917577 15.768042
v -45.735222 -7.849041 15.013405
v -45.703995 -3.968736 12.406750
v -45.900105 -4.685957 12.380175
v -45.739010 -29.481453 9.859703
v -45.729836 -29.504591 13.566708
v -46.618328 -4.970216 12.084599
v -44.643585 -7.637794 8.302921
v -45.126881 -3.721984 7.648834
v -46.249210 -3.782143 3.102262
v -46.132782 -4.446685 2.939322
v -45.932327 -7.653491 -4.533213
v -46.664219 -5.274831 -3.581129
v -45.551491 -7.623423 -9.645345
v -46.212070 -4.005722 -10.430210
v -46.730061 -5.694691 -11.105818
v -46.658943 -5.343107 -11.202459
v -46.714256 -5.349482 -11.550384
v -46.682964 -3.820014 -11.227467
v -46.722187 -2.851840 -11.342235
v -46.664631 0.360557 -11.384054
v -46.710941 0.516315 -11.524628
v -46.722813 -5.657667 -12.408357
v -46.702858 1.089280 -11.410738
v -46.707893 0.940426 -12.270638
v -46.763977 -3.966629 -13.078218
v -46.724426 -0.722190 -12.708321
v -46.645882 4.911271 -12.107675
v -46.764519 -2.631073 -13.545134
v -46.702099 0.484110 -13.086726
v -46.686989 -5.679970 -12.916031
v -46.694073 -4.170517 -13.280209
v -46.713997 2.509719 -13.009966
v -46.708927 -3.031771 -13.572181
v -46.742966 -0.587360 -14.146184
v -46.705063 -1.480426 -13.938625
v -46.759666 1.381518 -14.358886
v -46.763691 2.760386 -14.663092
v -46.708199 5.894262 -13.764796
v -46.695034 0.854947 -14.437788
v -46.737190 4.013852 -14.888315
v -46.699558 6.644516 -14.252142
v -46.728222 7.273480 -14.163815
v -46.652779 1.050740 -14.582089
v -46.746349 1.739605 -14.701920
v -46.729435 3.410040 -15.091530
v -46.725487 5.952871 -14.775931
v -46.619629 2.618495 -14.937562
v -46.657394 4.138241 -15.374269
v -46.695786 5.170733 -15.550981
v -46.747391 7.389284 -15.697803
v -46.522877 14.459970 -14.910991
v -46.705120 10.717319 -15.319709
v -46.676338 14.112119 -14.922685
v -46.556602 14.196591 -15.394658
v -46.715847 13.970931 -15.873825
v -46.699181 6.670164 -15.959400
v -46.667915 5.271049 -15.647546
v -46.710388 7.480512 -16.225870
v -46.729259 8.177876 -16.267450
v -46.733551 8.888217 -16.257753
v -46.724678 10.280847 -16.676043
v -46.641735 8.633863 -16.563066
v -46.691734 14.464390 -16.473034
v -46.671547 9.820128 -16.796589
v -46.763565 12.274150 -17.167206
v -46.660187 10.030923 -16.958271
v -46.678726 11.010877 -17.171703
v -46.755146 13.138161 -17.779924
v -46.744476 14.023894 -17.784113
v -46.702583 15.316670 -16.803291
v -46.684734 11.372305 -17.309999
v -46.700607 12.499972 -17.543863
v -46.705555 16.683617 -17.347870
v -46.689274 13.860312 -18.057688
v -46.760330 16.283001 -17.969309
v -45.116268 -23.412697 -18.124710
v -46.693123 14.664700 -18.383770
v -46.771793 16.115252 -18.739048
v -46.711205 16.623692 -18.769640
v -46.705978 15.591033 -18.747316
v -45.175476 -24.777344 -18.514622
v -46.698448 16.521721 -19.005270
v -45.282558 -27.583721 -19.423450
v -45.455048 -28.071938 18.112661
v -45.155888 -27.495752 18.043003
v -45.737602 -29.488745 4.144364
v -46.114113 -5.075261 -3.364488
v -46.046055 -5.185253 -3.601459
v -45.840298 -29.453020 -12.817151
v -46.253719 -5.647977 -10.300661
v -46.148167 -5.665800 -10.636307
v -46.455692 -5.530916 -11.040615
v -44.175430 -7.682015 -11.992490
v -46.057919 -6.350977 -12.893307
v -46.446377 -4.355945 -13.273962
v -46.254124 8.859056 -13.711920
v -44.300682 -8.664985 -13.641862
v -46.354099 0.788110 -14.534695
v -46.367611 2.284298 -14.874650
v -46.353783 3.790297 -15.270320
v -46.200890 14.314269 -15.242584
v -46.492603 6.830828 -16.105583
v -46.398663 8.324863 -16.493357
v -46.347340 9.729951 -16.876118
v -47.229420 -24.779648 -17.142254
v -45.922966 -26.726254 -17.543524
v -45.859650 -25.905645 -17.298101
v -45.143047 -18.607006 -16.737268
v -46.479687 12.432717 -17.614323
v -46.428646 16.843447 -17.428055
v -46.753357 -28.010471 -17.971998
v -46.444660 -28.027994 -17.885752
v -46.333611 13.591270 -17.998224
v -46.452393 16.327824 -18.989010
v -44.745029 -29.376471 19.881521
v -45.058998 -24.684481 17.653315
v -43.563515 -6.112302 16.868292
v -45.012421 -16.526241 16.459949
v -44.654121 -9.672104 15.411246
v -45.084145 -7.722089 13.935991
v -45.120083 -4.976717 7.391026
v -45.495132 -4.963523 2.764659
v -45.001987 -4.004072 3.032554
v -45.591400 -4.822532 -3.141061
v -44.626854 -3.739951 -2.913808
v -45.440868 -29.448374 -9.227916
v -44.290836 -7.592572 -10.893519
v -45.498302 -5.672527 -10.147625
v -45.737995 -4.401598 -10.376051
v -44.926563 1.216592 -10.858036
v -45.062817 -4.847819 -13.182743
v -45.558357 -3.067873 -13.576775
v -46.017326 9.672705 -13.303438
v -46.475582 9.345185 -13.230498
v -45.808857 9.407686 -13.296678
v -45.077293 -0.211117 -14.272851
v -45.468010 14.696221 -14.700385
v -44.717911 -14.818048 -15.538438
v -44.696640 -13.908862 -15.240557
v -44.970127 5.516794 -15.725919
v -45.024555 -16.359840 -16.019817
v -45.406696 -29.477325 -18.647652
v -44.344585 8.269370 -16.463089
v -44.265602 9.660892 -16.838362
v -45.809536 11.655975 -17.388479
v -45.432922 -27.623995 -17.698414
v -46.657444 -27.034748 -17.667198
v -45.105480 -21.489048 -17.602036
v -45.724724 16.980865 -17.553144
v -45.362072 18.452555 -18.120813
v -45.737984 15.293009 -18.619793
v -45.293514 -28.538664 -19.714371
v -45.179535 -29.498590 17.718063
v -45.375404 -29.479876 16.911446
v -45.458118 -29.486279 14.795797
v -44.948338 -7.830813 14.768078
v -45.923645 -4.870944 12.275535
v -45.477314 -4.979699 12.200256
v -45.415119 -4.557585 12.389618
v -45.473824 -29.469936 7.416575
v -44.871353 -7.678735 3.812788
v -45.454811 -29.474979 -4.002089
v -44.973938 -5.067714 -3.190666
v -45.179138 -5.311903 -3.654344
v -44.171803 -7.641036 -7.952777
v -45.175259 -5.103531 -10.180695
v -45.046001 -3.812450 -10.078307
v -45.485600 1.075660 -11.295140
v -44.842693 -7.606157 -11.724565
v -44.586346 -9.468329 -12.576508
v -45.820663 -8.376897 -12.328673
v -45.107800 -6.190935 -12.907701
v -44.415684 -7.447264 -13.244501
v -44.741295 9.096848 -13.488761
v -44.356907 8.977359 -13.626659
v -44.682842 14.347775 -15.229203
v -45.797726 16.843521 -17.685919
v -44.253849 14.541385 -18.348867
v -44.645279 16.380238 -18.963179
v -45.282166 -29.217192 -19.698454
v -44.889698 -29.477612 18.489271
v -45.048759 -28.382826 18.147457
v -44.777184 -27.866211 18.167845
v -44.771530 -26.056604 17.841482
v -44.526543 -9.096357 15.281734
v -45.039768 -8.082642 15.027246
v -44.754765 -3.707312 12.577301
v -45.255074 -5.583254 12.081695
v -45.061066 -5.369368 12.318454
v -45.210819 -5.606987 12.005846
v -45.120129 -4.919797 12.319736
v -44.737667 -4.881046 7.494020
v -44.334148 -3.737110 3.262724
v -44.659309 -3.808154 3.129243
v -45.234985 -5.268935 2.612091
v -44.760605 -5.009801 2.906275
v -44.934677 -5.548874 2.669752
v -45.102768 -4.443706 2.978109
v -44.444664 -7.640885 -4.392788
v -44.085434 -4.023027 -3.027871
v -44.964882 -5.338403 -3.435058
v -44.820702 -3.976255 -10.126743
v -44.263954 -6.311936 -12.883120
v -44.338581 -9.648166 -13.981246
v -44.225712 0.648722 -14.464873
v -44.521774 -12.135525 -14.697728
v -44.305099 2.226424 -14.835386
v -44.301849 3.845203 -15.278886
v -44.319489 6.814769 -16.087076
v -44.883224 -18.511242 -16.690254
v -44.949749 -19.918116 -17.117458
v -44.141926 12.768504 -17.697668
v -44.979790 16.856401 -17.806067
v -45.001648 16.992090 -17.692337
v -44.771439 -29.479441 19.189877
v -44.941513 -29.186344 18.275965
v -44.749237 -28.263468 18.392344
v -44.738831 -24.667593 17.685995
v -44.719879 -22.414701 17.327925
v -44.717808 -20.052753 16.938313
v -44.735123 -17.128462 16.565977
v -44.709454 -14.360085 16.165731
v -44.717636 -8.177327 14.936239
v -44.712132 -7.724580 14.656322
v -44.719078 -7.659412 12.936546
v -44.878094 -5.625165 12.539317
v -44.500751 -5.090975 12.419593
v -43.611206 -3.932503 12.471854
v -44.823551 -5.593457 7.318860
v -44.623463 -5.656989 7.477839
v -44.584461 -5.587532 2.892230
v -44.570442 -5.398452 -3.193434
v -44.246490 -5.232789 -10.008020
v -43.961708 -5.686912 -9.978675
v -44.195240 -4.118280 -10.032902
v -43.873276 1.139253 -10.856917
v -44.191750 0.915310 -11.290443
v -43.954201 -6.110692 -12.882268
v -43.985298 -1.611314 -13.903735
v -44.346653 -10.453417 -14.206610
v -43.887611 14.704947 -14.720187
v -44.730625 -16.021727 -15.887482
v -44.821175 -17.210993 -16.252155
v -44.302387 11.166053 -17.203339
v -44.101448 10.293364 -16.981855
v -44.354061 12.230716 -17.538609
v -44.986580 -21.312227 -17.476116
v -44.320518 13.430756 -17.920057
v -44.269875 17.096546 -17.654865
v -44.143654 18.259689 -18.070070
v -43.943439 15.618414 -18.746042
v -43.920200 16.576635 -18.991524
v -44.537659 -9.687345 15.595633
v -44.353573 -8.755134 14.998462
v -44.422218 -7.571062 14.705776
v -44.660400 -7.186557 14.617282
v -44.616932 -6.050092 14.499160
v -44.645115 -5.747633 14.133765
v -44.286827 -5.764658 14.475595
v -44.660423 -5.678891 12.577325
v -44.123035 -5.347179 12.457326
v -44.657192 -7.617663 12.795351
v -44.589436 -5.693318 7.827189
v -44.375431 -5.660775 7.590942
v -44.275085 -4.942793 7.537983
v -44.912136 -5.392707 7.191651
v -44.824738 -5.640780 7.089050
v -44.398663 -5.423999 7.120759
v -44.593060 -5.786973 6.519716
v -44.559650 -6.096354 4.833039
v -44.522396 -5.756282 5.583289
v -44.579674 -7.651425 4.093773
v -44.546257 -5.721650 3.858490
v -44.464970 -5.586431 2.984872
v -44.207462 -5.203005 2.961170
v -44.531002 -7.644278 -0.911465
v -44.535275 -5.877923 2.227183
v -44.420643 -6.009470 -0.448763
v -44.390060 -5.830283 -0.007375
v -44.483879 -5.790537 1.776193
v -44.141491 -3.806194 -9.952467
v -44.821880 5.113827 -12.234454
v -44.313652 4.891120 -12.477559
v -43.921402 5.221030 -12.290023
v -43.970211 -6.561556 -12.924289
v -44.010708 -4.497993 -13.230659
v -44.004787 -2.850893 -13.601366
v -44.316135 9.356057 -13.432446
v -44.482998 8.837224 -13.615003
v -44.226418 8.897487 -13.181362
v -44.397266 -11.008795 -14.331911
v -44.047115 1.421759 -14.631780
v -44.591881 -13.399302 -15.040696
v -44.074085 2.925750 -15.012168
v -44.209541 14.332039 -15.441880
v -44.047791 5.065092 -15.550387
v -44.049896 4.183786 -15.371305
v -44.027580 5.746516 -15.770962
v -44.093658 8.853453 -16.592381
v -44.202702 16.856384 -17.747425
v -44.005241 13.814178 -18.041563
v -43.941490 14.689206 -18.425934
v -43.527378 -3.715892 17.155861
v -43.992786 -3.706453 17.069511
v -43.529911 -3.895523 17.128757
v -43.945007 -8.810356 16.867481
v -44.358624 -8.866657 16.956852
v -43.995121 -8.865751 16.709921
v -44.411499 -8.895567 15.334694
v -43.449947 -8.783455 14.932005
v -43.922264 -8.089302 14.793146
v -43.274158 -6.148352 14.542001
v -44.669933 -5.695963 11.885014
v -44.656723 -5.696678 8.612502
v -43.494854 -5.719955 11.215804
v -43.518112 -5.705603 8.228747
v -43.018879 -5.665576 7.639558
v -43.057102 -3.923386 7.634111
v -44.045723 -3.723599 7.682670
v -43.549641 -5.722686 3.495580
v -44.474514 -5.685073 3.148038
v -44.529362 -5.716279 2.305157
v -43.811821 -5.722384 2.259875
v -44.312172 -5.714171 -3.100778
v -43.820026 -5.710049 -3.045592
v -44.341103 -5.723614 -3.976882
v -44.276428 -5.808431 -4.639347
v -43.439594 -5.797981 -4.189370
v -44.103104 -5.829148 -4.937476
v -44.317810 -7.628014 -4.588686
v -44.300072 -5.934670 -4.912812
v -44.193283 -6.013991 -7.098411
v -43.925941 -6.001069 -8.405931
v -44.036396 -6.060193 -8.302965
v -43.946369 -7.581976 -10.084641
v -43.142876 -5.241880 -9.907721
v -43.569046 -4.201368 -9.953064
v -43.972141 -7.621768 -12.007504
v -43.961823 0.870570 -11.461013
v -43.988270 4.960275 -12.797347
v -44.019623 -7.361647 -13.090447
v -43.984116 0.885777 -12.711961
v -44.005959 2.021449 -13.063462
v -43.963242 1.524537 -12.879827
v -44.122757 -8.190252 -13.422235
v -43.987812 9.408041 -13.921469
v -44.004677 9.541691 -13.484500
v -43.974968 -0.184587 -14.224883
v -43.996918 0.978460 -14.410381
v -44.012650 5.871499 -14.100447
v -44.009747 6.939091 -14.466443
v -43.827553 6.132139 -14.161270
v -44.038315 2.532205 -14.782467
v -44.005848 3.998931 -15.185413
v -44.010632 9.209659 -15.050196
v -44.024830 9.898259 -15.427914
v -43.942959 9.690643 -15.099498
v -44.059727 14.289360 -15.803543
v -44.010307 6.531673 -15.885100
v -44.052624 7.303538 -16.175993
v -44.044331 8.557353 -16.393026
v -44.093826 9.757891 -16.755070
v -44.046825 11.233093 -17.117704
v -44.026577 12.045776 -17.402637
v -44.035469 12.811684 -17.560778
v -41.431446 18.450407 -18.089632
v -46.496880 18.675627 -17.490129
v -40.596996 18.718792 -17.278452
v -43.888447 16.740164 -17.643105
v -43.844761 17.053202 -17.614822
v -41.513866 -6.005451 16.959402
v -43.453762 -8.902663 16.231333
v -42.126621 -5.672005 12.648695
v -42.431171 -3.989124 7.002384
v -44.531456 -4.597004 7.119887
v -43.195347 -5.446311 7.084123
v -41.819687 -5.704896 3.209166
v -42.435497 -5.633193 3.019770
v -42.809574 -3.776471 3.060257
v -44.278103 -5.762398 -0.472084
v -43.064644 -5.746943 -2.735407
v -39.581596 -3.813071 -3.002342
v -43.451614 -5.902099 -7.361292
v -43.535049 -5.955041 -8.745672
v -43.778492 -6.006076 -9.666142
v -43.480408 -5.950398 -9.870234
v -43.524616 -5.779527 -9.954331
v -43.768539 -7.203247 -10.883952
v -43.761166 -6.089972 -11.951066
v -43.930958 0.676734 -11.904142
v -43.940937 0.610454 -12.458251
v -43.690735 0.682492 -11.902206
v -43.506454 0.603320 -12.429326
v -43.380756 0.609165 -12.596299
v -43.531654 5.157251 -12.619161
v -43.503876 1.648996 -12.907555
v -43.635170 5.072353 -13.148423
v -43.956608 2.757718 -13.199838
v -43.980347 2.913879 -13.368356
v -43.634014 3.077776 -13.302882
v -44.010231 5.117634 -13.751437
v -43.589722 5.170837 -13.607384
v -43.969101 3.873433 -13.496024
v -43.919975 5.338820 -13.814893
v -43.824734 9.874518 -13.463033
v -43.861889 9.704123 -13.814583
v -43.522758 9.906114 -13.890819
v -43.617222 9.847886 -15.047269
v -43.979519 8.029837 -14.996867
v -43.952656 8.820694 -15.136615
v -43.818394 8.065599 -14.901931
v -43.292793 9.140592 -15.103856
v -43.524223 10.011678 -15.438608
v -43.543083 14.599034 -14.906595
v -43.582489 14.473072 -15.418248
v -43.955971 10.649522 -15.788326
v -43.650360 10.672892 -15.740716
v -43.966824 13.987893 -15.901196
v -44.066845 14.178192 -15.511258
v -43.684475 14.116440 -14.912705
v -43.705708 14.401676 -16.286461
v -43.962471 11.605755 -16.047409
v -43.629612 11.865901 -16.154091
v -43.955284 11.780683 -16.193956
v -43.981300 14.328630 -16.309355
v -43.951092 12.981904 -16.416832
v -43.694508 13.210917 -16.507523
v -43.968616 13.120896 -16.646610
v -43.979530 14.490714 -16.673927
v -43.541573 14.624001 -16.629509
v -43.962124 13.712908 -16.716166
v -43.683075 13.589108 -16.596066
v -43.683571 13.772036 -16.560175
v -43.917130 15.099479 -16.844513
v -42.339153 -5.734857 14.521870
v -41.893997 -4.681428 12.549075
v -41.829739 -3.941215 12.544521
v -41.930340 -3.705329 12.610344
v -41.806812 -5.685149 11.630529
v -42.595490 -4.879534 7.609277
v -40.718033 -5.728932 1.921058
v -42.493546 -5.435252 -3.154842
v -42.540215 -4.480365 -3.096281
v -42.598225 -3.845966 -9.908015
v -42.224770 0.885657 -11.281638
v -42.559917 5.128816 -13.184058
v -42.940216 3.885128 -13.517487
v -43.985161 4.172500 -13.480694
v -42.504395 5.294240 -13.844335
v -42.892132 10.083536 -13.814997
v -43.157337 9.911317 -14.748405
v -43.239105 7.706760 -14.780117
v -43.972649 7.186834 -14.587407
v -42.263187 9.960124 -15.240698
v -42.677578 9.145455 -15.277729
v -42.579887 14.439818 -15.850500
v -42.516499 14.444199 -16.377958
v -43.836632 16.281548 -17.309145
v -42.669502 16.223911 -17.305319
v -41.346458 -8.933392 15.249402
v -41.234001 -8.905254 14.980850
v -41.165459 -8.811113 14.874109
v -41.838577 -5.409218 12.599414
v -42.285053 -5.664377 11.804495
v -41.527599 -3.763799 3.066071
v -41.034744 -5.827371 -5.076768
v -41.982845 5.689064 -12.218303
v -44.263401 5.488046 -12.158177
v -41.239826 5.550498 -12.268095
v -42.183750 0.578936 -12.527327
v -41.829727 14.569379 -14.909684
v -40.109837 12.632181 -16.382816
v -42.065674 13.764817 -16.626936
v -41.641533 -8.909803 16.651211
v -41.440365 -7.454717 14.669133
v -41.912621 -4.518444 7.021698
v -40.182419 -5.712804 6.542455
v -40.079288 -5.737553 0.587987
v -38.543503 -4.006037 -3.096537
v -41.272034 -5.724247 -4.055744
v -41.694416 -6.018977 -9.710738
v -40.260403 0.537125 -12.121802
v -42.016975 10.053837 -14.464230
v -40.772240 14.681395 -14.758514
v -40.714958 14.453081 -15.352230
v -41.001549 14.563567 -16.732601
v -41.698311 -4.832816 11.741394
v -41.639568 -5.436369 11.749993
v -39.586067 -5.692183 8.979012
v -39.077118 -3.725283 7.650215
v -39.780033 -3.755927 3.228332
v -41.142498 -5.414838 3.062386
v -39.391842 -5.884604 -7.052403
v -40.509384 5.355569 -12.400778
v -40.935555 5.258148 -12.698183
v -41.271408 1.554682 -12.857648
v -41.047916 3.472159 -13.403030
v -41.278233 5.142221 -13.647251
v -39.940308 4.192053 -13.542015
v -42.986771 10.277554 -13.524001
v -41.408508 10.395295 -13.561192
v -41.143337 10.281703 -13.784710
v -41.095154 6.928919 -14.483593
v -40.586102 8.222356 -14.927105
v -40.370201 9.955638 -15.483748
v -40.424320 11.502635 -16.026011
v -39.155437 -5.669829 12.644827
v -44.639660 -5.726583 6.951545
v -39.454281 -5.966869 -9.851955
v -39.959423 1.096630 -10.867875
v -39.798149 0.788880 -11.324697
v -40.271961 0.489700 -12.393236
v -40.555336 10.064174 -14.597839
v -40.790901 14.360993 -16.392187
v -39.372288 13.589339 -16.703281
v -39.993332 -6.345622 14.565723
v -39.170624 -5.697086 11.272521
v -40.997158 -5.685968 3.191761
v -39.626602 -3.985997 3.097057
v -39.040680 9.169209 -15.273688
v -37.263500 -5.691673 2.215775
v -40.045925 -5.734935 -2.780869
v -38.049023 -4.450516 -3.141080
v -38.474712 3.893227 -13.541369
v -40.062801 15.584504 -17.152397
v -32.933971 -8.807854 16.671219
v -36.948933 -8.908895 16.323389
v -39.395134 -8.812102 14.899130
v -39.379635 -7.455304 14.687380
v -38.280758 -5.353527 12.584154
v -38.105904 -5.670999 11.568372
v -38.678505 -5.650844 7.605171
v -38.893196 -4.773534 7.572773
v -37.126232 -5.673775 6.900457
v -38.316879 -5.796228 -4.121721
v -38.431870 -5.992285 -9.685992
v -40.456932 4.612350 -11.649208
v -40.233997 4.759613 -11.707339
v -40.464199 4.740334 -11.852324
v -37.186832 0.846021 -12.630988
v -39.343052 5.149824 -13.186165
v -37.571865 1.645473 -12.894439
v -37.764610 5.882031 -14.098976
v -38.015602 9.908787 -15.458391
v -38.382122 -8.888022 14.985263
v -38.036572 -3.956374 12.561855
v -38.067131 -5.450051 3.094046
v -38.396404 -5.239605 -9.871225
v -35.708553 5.207202 -13.829843
v -41.732128 -6.089203 16.830145
v -38.094215 -6.076834 16.785997
v -37.947449 -5.731793 14.520659
v -32.838764 -5.665214 7.882916
v -37.474678 10.278185 -13.794421
v -37.159710 10.148575 -14.187855
v -38.536831 11.600192 -16.031294
v -39.124035 13.703493 -16.654764
v -36.863079 -5.692448 3.540392
v -37.815102 5.700229 -12.240363
v -37.364712 10.404596 -13.573385
v -37.038857 14.433388 -15.365459
v -38.059704 14.307302 -16.398842
v -38.068451 14.494050 -16.716555
v -34.673565 14.754843 -16.857582
v -37.518162 -4.906384 12.559810
v -38.249317 -3.933022 7.615586
v -36.179169 -5.696064 6.618152
v -38.198368 -3.992146 3.112619
v -37.894447 -5.436994 -3.195448
v -37.698254 -4.023676 -9.861402
v -36.480656 0.820023 -11.324421
v -37.710052 5.535740 -12.263843
v -36.614628 5.039584 -13.624645
v -37.628159 4.180712 -13.549294
v -38.222416 4.294909 -13.487957
v -38.128235 9.860435 -15.240621
v -37.200935 16.774546 -17.564236
v -38.472084 18.461874 -18.116720
v -35.072811 -8.876045 16.622059
v -36.854519 -8.912881 15.264825
v -35.837345 -8.471526 14.785608
v -40.218418 -3.709513 11.748617
v -36.607441 -3.734846 11.613903
v -37.894794 -3.749590 3.234339
v -38.283813 -3.848139 -9.839230
v -36.724457 0.559843 -12.516278
v -36.250923 8.120974 -14.923245
v -36.698303 14.583320 -14.946414
v -35.379074 -5.689684 -3.069607
v -37.318565 5.299117 -12.375492
v -36.926258 5.181082 -12.703110
v -37.025070 5.069180 -13.207737
v -37.831680 14.255244 -16.611763
v -33.565311 12.818763 -16.429436
v -35.723976 13.238731 -16.583960
v -33.436348 -8.839806 14.819842
v -35.237091 -4.843973 7.620097
v -36.442577 -5.671794 3.234687
v -32.120056 -5.821636 -4.398384
v -34.333332 0.545256 -12.134191
v -34.086567 3.494635 -13.442647
v -36.646759 6.886392 -14.486428
v -36.881298 13.714785 -16.649748
v -36.004986 -5.636058 12.654385
v -36.524532 -3.948401 3.173992
v -36.145416 -5.969781 -9.855186
v -29.895153 15.484695 -17.159927
v -35.374500 18.298292 -18.115210
v -35.642662 -5.639739 7.657286
v -36.298729 -5.436120 3.150992
v -36.479103 -4.597097 3.141970
v -35.548706 -4.005075 -3.077092
v -36.162754 14.730794 -14.801135
v -35.412762 8.887235 -15.216019
v -36.006432 9.909383 -15.226101
v -32.205490 9.145624 -15.300101
v -36.056824 14.488061 -16.721678
v -33.223553 -7.651815 14.659928
v -32.139267 -6.306719 14.534050
v -33.775208 -3.717869 12.636315
v -32.875637 -5.695646 11.177450
v -34.294312 -5.231131 -9.862685
v -36.297127 14.255812 -16.606422
v -35.122616 -5.731071 -2.977401
v -34.844379 -5.429657 -3.159330
v -33.391552 9.950002 -15.465002
v -36.032166 14.304531 -16.374405
v -35.210823 14.458279 -15.348569
v -35.553036 -3.724767 17.135763
v -35.833012 -3.702586 17.087193
v -35.848442 -3.905095 17.123486
v -32.531410 -5.736500 14.521472
v -33.884315 -4.858636 12.594203
v -34.703045 -3.740487 7.680743
v -33.377274 -3.764295 3.240922
v -32.105618 -5.717087 1.889445
v -32.606430 -5.735068 -0.381927
v -33.775826 5.312818 -12.383253
v -33.109016 3.887772 -13.575730
v -32.028854 11.140168 -15.868631
v -34.983829 13.693000 -16.621729
v -33.600506 -8.922702 16.329479
v -33.592216 -8.920163 14.979016
v -33.611851 -5.411281 3.136396
v -33.941849 -4.442546 -3.116575
v -28.106285 -3.863877 -9.775011
v -33.620117 5.213796 -12.698419
v -33.383938 5.103011 -13.218709
v -32.934666 10.340171 -13.767154
v -33.061745 14.611257 -14.941405
v -32.513458 13.578292 -16.663586
v -37.628292 18.928082 -16.640486
v -31.420135 18.756218 -17.183945
v -33.607300 -3.973893 12.590489
v -34.277946 -3.720098 11.571980
v -34.017689 -3.968996 11.602856
v -33.049397 -5.701840 6.576963
v -30.591333 -5.909471 -7.499160
v -31.384357 0.949185 -11.059651
v -29.871067 0.467748 -12.387648
v -32.745380 -5.657683 11.549451
v -32.012192 -5.706601 3.550976
v -33.179024 -4.411350 3.140811
v -32.378471 -3.955441 3.157111
v -28.992065 -5.802264 -9.817948
v -30.742519 1.083472 -10.887787
v -32.146137 5.077343 -13.616693
v -33.111923 9.903085 -15.217028
v -32.501595 -5.653252 12.925319
v -33.026314 -5.403896 12.619695
v -31.377769 -5.671182 3.240447
v -32.725155 -5.783721 -4.102180
v -32.664371 0.780437 -11.384683
v -32.809921 10.166957 -14.228352
v -33.111534 14.458329 -15.356760
v -33.802147 14.295686 -16.392118
v -33.791519 14.458003 -16.708088
v -33.142769 18.295921 -18.124420
v -29.726007 -5.619771 12.635309
v -32.674793 -5.639923 7.642076
v -32.198315 -3.734504 7.667379
v -30.843008 -4.513964 -9.840535
v -27.440735 -4.039764 -9.802466
v -29.156368 1.762711 -12.937911
v -31.887049 10.440142 -13.573097
v -29.035282 7.282829 -14.624907
v -33.631279 14.256304 -16.599747
v -31.481543 18.443521 -18.153873
v -32.434151 -4.970191 7.606704
v -30.692684 -3.839238 -3.000554
v -28.299009 -5.982294 -9.782847
v -31.459457 4.168326 -13.560151
v -28.744225 5.800756 -14.026044
v -30.282957 7.957662 -14.877368
v -31.604940 13.265654 -16.592136
v -32.877232 13.694662 -16.634544
v -30.424992 -3.722447 17.145634
v -36.989655 -6.005920 16.936733
v -34.947632 -6.118780 16.753199
v -30.275887 -6.147308 16.759869
v -30.739140 -5.660719 6.905920
v -30.513950 -5.678244 -3.066255
v -30.683521 -5.402156 -3.168082
v -25.934856 -6.019527 -9.648726
v -29.495949 0.863340 -12.642365
v -31.385288 -6.039382 16.968462
v -29.701382 -8.857700 14.974379
v -30.349293 -4.063607 -3.106063
v -29.162163 5.242155 -13.773893
v -30.694160 14.570614 -16.805178
v -28.670729 18.270683 -18.171129
v -28.616158 -8.838395 16.632051
v -30.824486 -8.813458 14.702316
v -30.368176 -5.398434 3.162395
v -30.909332 9.871105 -15.228548
v -31.361671 14.245436 -16.616756
v -27.869787 -4.937184 12.540477
v -25.548664 -3.791409 3.302401
v -29.612381 -5.675620 2.166674
v -30.429750 -4.490793 -3.153818
v -30.565422 0.516747 -12.105055
v -29.607899 0.536661 -12.502999
v -30.643970 5.280671 -12.375499
v -30.919794 5.179171 -12.693892
v -30.582949 10.057019 -14.335091
v -31.139454 13.664909 -16.579199
v -29.317173 -5.706689 14.499895
v -27.174721 -3.983486 12.538411
v -29.114428 -5.667070 11.162169
v -28.805986 -3.943336 7.524539
v -30.198597 0.739322 -11.346691
v -30.617575 5.081792 -13.195614
v -30.412880 10.281880 -13.806086
v -30.383575 15.229680 -14.963832
v -33.492439 14.746633 -14.810065
v -30.564632 14.886005 -14.882294
v -27.154940 8.415361 -15.072001
v -29.449553 8.785427 -15.229606
v -30.647064 14.612556 -14.975287
v -29.320007 12.728513 -16.416380
v -30.939102 13.540553 -16.636034
v -29.905752 -5.630538 11.502459
v -28.300650 -5.376069 7.503253
v -28.029633 -5.726519 -2.241281
v -29.212463 -5.773341 -4.142130
v -29.449228 3.892248 -13.610602
v -27.604189 9.947776 -15.445962
v -29.217848 -8.572522 14.629663
v -26.546505 -5.671741 3.488411
v -29.140577 -4.491807 3.162949
v -29.494125 9.031770 -15.278547
v -28.154242 13.269094 -16.610289
v -28.345776 -5.628605 7.568570
v -28.545137 -3.736064 7.577168
v -27.401093 -5.737531 -2.944020
v -32.450546 5.709648 -12.238175
v -32.515366 5.533339 -12.247970
v -26.124006 5.524158 -12.251036
v -26.560493 14.490980 -15.343565
v -28.618093 14.307410 -16.378557
v -27.115917 -8.788602 16.699448
v -28.092033 -8.869141 16.360329
v -28.103214 -6.321915 14.488481
v -25.276917 -3.708826 12.584321
v -28.704994 -4.482438 7.501417
v -26.225552 -5.676565 6.596253
v -27.091030 -5.853396 -4.929270
v -27.763363 5.094942 -13.582193
v -28.693178 10.028857 -14.515285
v -28.607759 14.462603 -16.720284
v -27.461851 -5.381511 12.562901
v -26.492062 10.420105 -13.589493
v -27.631716 -5.400252 3.203491
v -27.547560 -5.681443 -3.054857
v -24.640821 0.758320 -11.314852
v -27.174320 5.197614 -12.662136
v -27.266085 5.090376 -13.180663
v -27.236065 9.893814 -15.229397
v -25.949997 14.626489 -14.984694
v -28.783119 14.264090 -16.599098
v -24.446676 18.442917 -18.182552
v -24.539988 -6.129938 14.479667
v -24.481464 -5.708851 14.516198
v -26.029905 -5.652763 7.807036
v -27.355221 -3.968475 3.230279
v -22.986212 -5.708940 1.871370
v -27.402609 -5.399116 -3.171228
v -25.513712 -8.574066 14.599912
v -26.560284 -5.668276 5.324126
v -26.200071 5.681988 -12.213565
v -26.592291 10.061269 -14.284000
v -25.758257 -5.678506 2.188785
v -23.765316 -4.481164 -3.155732
v -25.774208 -5.300426 -9.825961
v -24.350924 0.546647 -12.102152
v -24.318399 5.262869 -12.349105
v -24.843170 0.885014 -12.619002
v -25.357935 10.260139 -13.764650
v -24.462070 13.525607 -16.658001
v -27.199152 14.495387 -16.758583
v -25.442585 17.715414 -17.975063
v -25.377222 -5.634990 12.600187
v -25.553385 -5.637643 11.495058
v -23.084120 4.150844 -13.561798
v -27.178011 14.308367 -16.390467
v -22.479696 18.290194 -18.200218
v -26.245600 -5.405657 7.517754
v -25.730679 -4.349966 7.508049
v -24.107605 -5.654612 6.854352
v -23.813286 -5.656003 3.307919
v -26.077820 -5.416267 3.214170
v -22.247400 -5.733095 -2.118592
v -27.019754 14.259123 -16.615097
v -24.061504 -6.013658 16.963808
v -25.378880 -5.364962 12.507983
v -20.779123 -5.954952 -7.747396
v -23.994806 3.880909 -13.610255
v -23.553751 8.809451 -15.255183
v -24.865526 -8.871396 14.958035
v -24.972675 -5.678868 -3.080448
v -19.912983 -3.850679 -3.005351
v -23.996296 -5.822074 -4.386883
v -23.436523 5.195557 -13.786855
v -24.710493 13.276660 -16.632715
v -24.086914 -6.118114 16.749306
v -23.673559 -7.648353 14.509555
v -25.208267 -3.969574 12.486552
v -23.732006 -4.379900 3.262854
v -23.565964 -3.941198 3.282350
v -24.976488 -5.416363 -3.186123
v -20.675339 -5.795613 -4.133354
v -24.245251 0.510318 -12.377151
v -24.978039 9.907361 -15.452563
v -20.088104 11.404574 -15.969110
v -23.927036 14.417502 -16.779144
v -24.366896 1.068141 -10.924160
v -24.254169 5.031670 -13.179031
v -20.996752 1.470210 -12.831740
v -22.417072 6.833247 -14.462997
v -24.564787 9.818571 -15.225587
v -24.273352 14.242020 -16.468624
v -23.448591 15.152249 -17.052275
v -20.425907 -8.890131 16.326094
v -23.722515 -8.816327 14.572868
v -25.002888 -3.730722 12.465610
v -24.578125 10.068958 -14.046392
v -23.220659 5.744779 -14.026890
v -24.689270 9.973742 -14.391074
v -20.442039 -5.663282 13.720926
v -19.717583 2.913747 -13.299613
v -23.939692 14.469241 -15.326920
v -23.155958 14.614906 -14.978090
v -20.007820 -5.649487 7.798971
v -22.380943 -3.960477 7.546775
v -22.716736 -3.738550 7.611896
v -20.430513 -6.044152 -9.667498
v -23.814110 5.143615 -12.676386
v -23.530733 5.021596 -13.592027
v -20.799685 -4.936420 12.487831
v -18.298477 -4.067618 -3.121859
v -23.072828 -5.884077 -5.637004
v -20.618595 10.416638 -13.585440
v -19.373371 12.901898 -16.486944
v -20.505104 -8.833932 16.577017
v -21.988115 -4.785323 7.500742
v -21.544016 -5.686309 6.560927
v -21.585011 -5.407412 -3.169193
v -18.955084 0.570528 -12.498324
v -25.129335 18.759888 -17.192730
v -21.900999 18.927645 -16.540773
v -20.471273 18.753494 -17.174026
v -23.097660 -3.730385 17.148874
v -23.327055 -3.689571 17.072535
v -23.346666 -3.937809 17.128204
v -20.742725 -8.762732 16.643368
v -20.867821 -5.707206 14.526011
v -20.834280 -5.630323 12.604479
v -20.315331 -5.656871 11.174348
v -20.343182 -5.686906 3.519768
v -19.133560 -5.762602 -2.959613
v -19.757175 -5.829730 -9.814155
v -20.265490 -4.423472 -9.818176
v -21.112984 8.152155 -14.973170
v -21.157980 9.797646 -15.218697
v -19.989586 14.244016 -16.657608
v -20.466633 17.754749 -18.019878
v -19.452354 15.608149 -17.242132
v -20.893345 -8.875110 14.941230
v -20.023602 -5.417424 12.513069
v -21.139347 -5.633233 11.482503
v -20.980780 -5.713945 1.932213
v -19.375607 -6.021055 -9.775311
v -20.168581 0.771031 -11.244213
v -20.183264 0.646743 -11.620103
v -21.025013 5.186113 -12.678021
v -20.658403 -5.660401 3.293908
v -21.107302 -5.369592 3.234033
v -20.740030 -5.680526 2.167548
v -18.654404 -5.301373 -9.826739
v -21.136362 5.296219 -12.377850
v -20.216047 5.056604 -13.581522
v -21.437864 10.044916 -14.078281
v -17.910084 -8.838363 14.609365
v -19.888016 -6.334302 14.510056
v -20.622437 -3.775516 3.309009
v -18.228691 -5.859903 -4.360138
v -19.552032 -5.878351 -4.670043
v -19.923946 -5.914156 -5.706312
v -20.828381 -3.877401 -9.781180
v -19.102663 9.871399 -15.454995
v -19.121105 14.387705 -16.783268
v -20.029251 -8.799750 14.538508
v -19.623983 -7.827117 14.504784
v -19.890455 -4.230729 12.464804
v -20.381815 -5.394214 7.515128
v -19.571518 -3.743538 7.583105
v -20.336262 -3.978291 3.256268
v -17.322643 -5.672620 -3.092148
v -18.646988 3.858672 -13.614911
v -20.796417 10.211173 -13.808885
v -16.324944 8.483342 -15.113919
v -19.906240 18.446859 -18.203388
v -19.392891 -6.040462 16.979639
v -19.134089 -6.151413 16.748362
v -19.435892 -3.945256 7.524902
v -20.535233 -4.499425 3.215567
v -16.988955 5.220686 -13.777383
v -15.471655 5.789477 -14.048650
v -18.107077 14.239093 -16.429567
v -15.772949 13.244017 -16.612707
v -17.974012 -5.649034 6.944148
v -16.146866 1.013918 -10.949612
v -18.083981 0.495303 -12.376380
v -18.926603 5.039686 -13.180295
v -18.458395 9.903711 -14.389871
v -18.781595 8.798090 -15.251334
v -17.175945 -5.624922 7.619145
v -18.855642 10.024563 -13.945015
v -17.705219 14.481971 -15.367829
v -19.201115 -5.678529 14.558060
v -18.901281 -5.550443 12.589980
v -17.923620 -4.508710 -3.190865
v -17.829514 13.483212 -16.637842
v -17.714531 -3.724405 12.400874
v -17.823891 -5.568398 11.340803
v -17.968437 -4.422406 7.519335
v -18.375755 -5.346905 3.290920
v -16.814898 -6.134733 -9.608295
v -13.917288 -3.718078 17.147003
v -17.355932 -4.920461 12.407418
v -17.483559 0.504114 -12.100949
v -17.289606 5.255450 -12.388747
v -18.291296 5.134010 -12.687467
v -18.721584 10.178866 -13.741174
v -18.345423 9.745159 -15.231589
v -17.680321 -5.596511 11.220181
v -16.835640 -5.665887 6.620527
v -17.448551 -5.657011 5.181510
v -15.235533 -5.760448 -2.099816
v -17.780422 -5.369174 -3.202143
v -17.500612 -5.778904 -4.152342
v -16.644062 -6.063086 -7.649666
v -14.272051 1.557818 -12.829647
v -16.146151 14.903479 -16.959558
v -16.675770 17.574282 -18.003050
v -17.202728 18.251326 -18.266172
v -17.200901 -8.819954 16.529993
v -17.067762 -5.496904 13.845755
v -16.837139 -5.616058 10.863983
v -17.410200 -5.293987 7.552136
v -15.803975 -5.639769 3.494591
v -14.538127 -5.672328 2.232971
v -12.903076 -5.721987 1.923871
v -16.411568 0.836170 -11.115768
v -14.908979 10.361278 -13.624873
v -13.990248 6.875372 -14.497333
v -17.858301 14.633424 -15.025409
v -17.769859 18.416111 -18.222992
v -17.553204 -5.937543 16.992304
v -16.941130 -8.861479 16.353642
v -17.988256 -4.042270 7.120980
v -18.249743 -3.956819 6.989870
v -18.227051 -4.505204 7.109238
v -16.753717 -5.665311 3.867244
v -14.466294 -4.557824 3.349769
v -16.772789 -5.973253 -5.331631
v -16.830393 0.599129 -11.640870
v -16.462904 0.716531 -11.288041
v -16.333242 4.087646 -13.549719
v -15.191076 -8.806357 14.480012
v -15.608088 -3.943645 7.560335
v -17.479181 -5.403465 7.168579
v -15.466781 10.006419 -13.966893
v -14.285448 9.768422 -15.217409
v -14.665220 8.788555 -15.252790
v -15.136340 14.420769 -16.782154
v -14.756131 -6.082947 16.753469
v -16.485292 -5.535024 14.396741
v -16.374695 -5.460940 12.588113
v -16.875549 -5.310122 12.431361
v -16.072042 -3.710013 7.618954
v -14.574491 3.048748 -13.321381
v -15.672790 -6.375989 14.540919
v -16.999474 -3.735252 11.309443
v -16.756865 -5.386014 11.311672
v -13.584434 -3.823349 3.366814
v -14.665125 -4.525252 -3.166870
v -15.924742 -5.939507 -4.736938
v -11.839136 -5.830836 -9.801229
v -12.538830 0.585344 -12.442522
v -15.539798 5.144325 -12.670405
v -15.319659 10.173778 -13.753926
v -12.449457 11.275659 -15.905068
v -12.312823 14.228679 -16.661730
v -11.498225 -8.848700 14.561514
v -15.656235 -5.621935 14.589281
v -14.238702 -5.592073 11.211783
v -13.481892 -5.599442 3.408211
v -12.382762 5.001997 -13.159404
v -13.272961 9.888939 -15.434757
v -12.012446 -5.951468 16.970711
v -13.952854 -5.051141 7.519089
v -12.201435 -3.870389 -2.988857
v -13.383296 -4.443538 -9.808801
v -11.483300 -4.035912 -9.786451
v -16.254387 -3.900135 -9.750845
v -14.131805 14.238604 -16.442118
v -12.430603 13.482034 -16.638660
v -11.324128 14.956044 -16.988710
v -14.355137 -5.345113 12.419462
v -13.234533 -5.417900 7.546524
v -16.619928 -5.567193 7.168507
v -14.182279 -5.219682 7.162354
v -12.891420 0.508912 -12.099018
v -12.804492 1.047760 -12.642377
v -12.873009 16.558144 -17.606541
v -11.242839 -5.494005 13.803798
v -14.476773 -3.710621 12.401124
v -13.836351 -4.503217 7.529642
v -14.485410 -5.644978 6.949191
v -13.911955 -5.404470 -3.161285
v -11.638317 -4.087482 -3.090285
v -12.139309 -5.798711 -4.164972
v -12.230112 -6.134847 -9.617190
v -13.690923 14.490915 -15.346793
v -11.074142 -8.871159 14.962826
v -14.222914 -5.444952 7.127308
v -10.894827 -6.050471 -9.757926
v -12.508440 13.253935 -16.617359
v -12.166790 18.262093 -18.255289
v -8.347316 18.416233 -18.222422
v -12.688179 -5.629035 10.893442
v -14.016763 -5.629292 7.906854
v -6.662751 -5.884820 -4.368178
v -11.507393 5.011994 -13.569730
v -12.616648 -5.599073 7.595717
v -13.266197 0.612549 -11.633638
v -12.352169 0.524988 -12.362400
v -10.845497 5.206953 -13.774491
v -12.198545 14.616751 -15.018263
v -8.165827 -8.838657 16.497625
v -10.985358 -8.808716 14.421488
v -11.571260 -6.307208 14.493014
v -12.424274 -3.719957 7.625228
v -8.767686 -5.677189 3.866983
v -8.811379 3.844930 -13.592581
v -8.546807 7.971106 -14.919020
v -11.534881 -5.630615 14.545619
v -11.364245 -5.549688 14.373863
v -13.883021 -4.024425 2.393037
v -14.130123 -4.918627 2.342727
v -11.522983 -4.469461 2.448083
v -10.283404 -5.709158 -3.067386
v -10.897258 -4.505526 -3.142835
v -8.776447 -5.424273 -9.815994
v -11.516997 0.847393 -11.137217
v -11.786104 10.124153 -13.666576
v -12.120238 10.010139 -13.843768
v -12.086325 9.879824 -14.341186
v -11.858068 -5.399508 12.382342
v -11.538028 -3.716855 12.340139
v -11.841808 -5.645939 3.541409
v -12.077133 -4.880287 2.406480
v -12.324974 -5.688702 2.281950
v -15.930292 -5.793830 -2.624067
v -6.592957 -5.822632 -2.778378
v -11.673765 5.099155 -12.664561
v -11.626169 5.233603 -12.345577
v -9.965606 5.868114 -14.070928
v -10.007266 8.787033 -15.255982
v -12.002142 14.219803 -16.279211
v -10.389670 14.395047 -16.787525
v -11.730744 14.447052 -15.352165
v -10.655106 12.881591 -16.466475
v -8.729058 -3.899858 7.625825
v -9.674889 -5.637691 6.955204
v -11.752207 -4.137825 3.356611
v -12.143817 -5.645323 2.446905
v -12.348180 -5.432652 2.418162
v -10.400043 -6.146023 -9.624513
v -11.378986 1.044661 -10.957629
v -8.997746 -4.429418 -9.817129
v -4.643608 -3.878547 -9.756511
v -8.032537 10.316283 -13.606324
v -8.908997 9.726859 -15.212286
v -7.558010 -5.804097 -2.410628
v -10.519238 -5.409851 -3.135882
v -7.220989 -5.964328 -4.741012
v -7.668547 1.138453 -12.690084
v -8.127345 -5.435835 7.592405
v -10.175072 -4.818815 2.417111
v -7.717834 -5.780669 -2.077889
v -4.596148 0.707024 -11.277555
v -6.377562 11.341430 -15.942200
v -8.678741 17.893707 -18.135406
v -9.526337 -3.714234 12.354363
v -7.379194 -5.632949 7.895503
v -7.492125 -5.615273 7.616681
v -9.811921 -4.800434 7.572504
v -7.700562 -5.669424 5.027923
v -8.459222 -5.638104 3.436017
v -8.500089 -4.539165 3.368527
v -8.360935 -3.792686 3.429679
v -8.983808 -3.936790 3.393039
v -5.959044 -5.802843 -2.956659
v -8.443345 5.022269 -13.165886
v -8.164735 9.889794 -14.278788
v -9.835593 14.443704 -15.386728
v -7.634104 -6.085819 16.750877
v -7.439566 -5.458094 12.559515
v -7.445314 -5.369123 12.385664
v -7.575871 -5.581028 11.186097
v -7.491266 -5.671361 6.614041
v -7.580520 -3.865896 -3.013002
v -8.061378 -6.055486 -7.217239
v -8.818280 14.234052 -16.390221
v -7.854663 -5.533592 14.386711
v -7.733292 -6.490127 14.493032
v -7.830005 -3.732985 7.650174
v -7.299941 -5.746616 1.909852
v -3.757956 0.829712 -11.105323
v -4.757590 0.590960 -11.631119
v -8.101130 5.245893 -12.364206
v -4.818512 17.307081 -17.913198
v -0.657560 15.352904 -17.141870
v -6.194099 -8.892381 16.319805
v -7.966443 -8.808483 14.432130
v -10.953594 -5.144089 7.163749
v -10.785955 -5.431550 7.127008
v -8.368589 -5.579655 7.179530
v -8.121056 -5.651495 2.435282
v -7.361607 -4.087108 -3.135778
v -8.264478 5.129564 -12.673018
v -7.233826 4.055964 -13.538082
v -6.474288 14.620650 -15.009749
v -6.679386 -5.986487 16.997341
v -7.712128 -5.479252 13.802313
v -7.966704 -5.697305 2.279444
v -7.324834 -4.483161 -3.183766
v -4.956788 0.510064 -12.376875
v -8.012776 5.045838 -13.566782
v -7.217455 9.976824 -13.893213
v -6.584954 14.241054 -16.663149
v -6.428132 14.793951 -16.913441
v -6.078753 -5.644459 14.592175
v -6.767931 -5.615192 10.895535
v -7.765661 -5.366135 -3.168495
v -5.987256 -5.796389 -4.173479
v -7.404137 -6.141747 -9.612473
v -7.970893 10.126469 -13.693809
v -5.342006 13.645235 -16.196228
v -12.901300 13.671567 -16.266056
v -8.033092 14.093287 -14.933238
v -4.712049 -8.849693 14.630192
v -7.225934 -4.743721 7.558545
v -3.182000 1.009432 -10.953635
v -6.771925 9.858768 -15.445475
v -3.033475 13.244938 -16.604149
v -4.923960 3.200053 -13.361259
v -5.903738 9.704928 -15.219807
v -5.452603 14.465093 -15.373031
v -5.775101 14.284862 -16.103334
v -6.350356 -3.702636 12.323592
v -1.973339 5.228300 -13.773993
v -5.726517 -5.629179 7.193815
v -5.451901 -4.717870 3.387446
v -5.428240 -5.691855 -3.060176
v -0.815762 0.514169 -12.098172
v -1.835205 18.267057 -18.273438
v -5.861604 -5.657054 3.580554
v -5.719016 -5.449311 3.445646
v -4.799017 -4.661619 2.405014
v -4.905841 -5.361856 -3.159689
v -5.977569 10.086429 -13.639520
v -2.358324 5.858443 -14.062922
v -6.062984 9.843064 -14.336223
v -4.577920 -8.844995 16.434626
v -4.103838 -8.815916 14.541220
v -4.716312 -5.546225 13.702457
v -4.343885 -3.942494 7.543879
v -4.553335 -5.665668 6.948689
v -5.746050 -3.906518 3.405430
v -5.109415 -4.137150 2.438107
v -5.328125 -5.719756 2.260182
v -5.684111 5.107656 -12.659620
v -2.315224 8.775048 -15.236976
v -4.718242 -6.063533 16.672632
v -4.914778 -5.597929 14.405214
v -4.122980 -6.511442 14.579138
v -4.428818 -5.540372 12.617767
v -5.108421 -5.512139 12.317953
v -4.924470 -4.109378 12.288523
v -4.432389 -3.770216 3.595264
v -5.490926 -5.779150 1.899137
v -4.405852 -3.884387 -2.995156
v -4.477080 -6.013483 -4.772618
v -3.951642 -6.106139 -6.916529
v -0.614747 -6.063780 -9.743180
v -1.517063 0.593174 -12.457870
v -4.329145 1.065504 -12.671245
v -2.309922 5.040651 -13.565556
v -2.399987 13.443201 -16.629938
v -2.489242 -5.677010 10.880835
v -3.848385 -5.418418 7.511490
v -1.280315 -5.711746 3.888436
v -4.042534 -5.836566 -1.843884
v -4.163723 -5.823634 -0.136158
v -1.657588 -4.113522 -3.094951
v -0.623675 -6.161119 -9.625203
v -2.226207 3.851341 -13.563023
v -1.293812 10.240925 -13.592115
v -4.715821 -5.611094 11.116755
v -5.250632 -5.658528 7.587989
v -3.860289 -3.701653 7.606799
v -4.882634 -5.797694 2.165280
v 0.392170 -5.793192 -9.796146
v -1.652659 5.013231 -13.141878
v -2.286883 7.015268 -14.548371
v -1.292445 -5.989047 17.003420
v -0.936731 -5.944958 -4.336052
v 5.936395 -4.007554 -9.786547
v -2.113623 8.576724 -15.160253
v -1.599717 9.790810 -14.742195
v -0.014828 14.375081 -16.783922
v -3.882628 -4.763511 7.491919
v -3.736107 -4.024185 3.461910
v -2.214512 -5.870419 -2.427049
v -3.717677 -6.165166 -9.317783
v -0.942508 9.876213 -14.227540
v -3.910505 -5.485295 7.127394
v -3.594054 -5.210631 7.198728
v -0.851851 -5.706877 6.607321
v -1.987161 -5.399643 3.502578
v -3.700218 -4.354178 3.426469
v 0.232593 -4.540686 -3.158592
v -0.846143 -4.421273 -9.805982
v -0.725294 9.986757 -13.783279
v -1.696858 9.734737 -15.221147
v 0.422806 14.627366 -15.013162
v -2.018869 14.226823 -16.425903
v 0.843466 -3.701564 12.266986
v 3.548281 -5.711842 4.858888
v 0.122727 4.046642 -13.524409
v -1.653941 14.479055 -15.362938
v -1.473798 -5.683367 7.841078
v 0.713749 -5.654389 7.571198
v -1.617699 -5.805742 2.183312
v -0.164390 -5.415270 -3.156145
v -0.415438 3.052901 -13.300257
v -1.426879 9.883154 -15.437679
v -0.097557 17.853514 -18.109337
v 0.804270 -8.915479 16.358734
v -1.741224 -4.118223 12.283611
v -1.754644 -5.643821 11.127577
v -1.987769 -3.898988 7.564432
v -1.506741 -3.773451 3.608353
v 0.592366 -5.851971 -4.144331
v -0.727907 1.020770 -12.633025
v 0.612940 10.052208 -13.582851
v 4.260970 -8.845461 16.425903
v 0.580436 -8.866614 14.624411
v 3.522884 -5.614737 14.415943
v 3.181066 -5.571757 13.784428
v -1.272571 -4.789674 7.515790
v -1.258966 -5.501936 7.142213
v -1.364767 -4.030992 3.484811
v 0.802968 -5.832287 -0.257980
v 2.620143 -6.031093 -4.734497
v -0.415335 5.112774 -12.660682
v -0.807321 18.412079 -18.223768
v -1.381188 -5.237291 7.212231
v -0.926210 -4.505373 3.450659
v 0.295342 -5.872871 -2.765926
v 1.549630 5.237038 -12.348609
v 4.659113 -5.662077 14.600670
v 0.564603 -5.534211 12.274563
v -0.383459 -5.456110 7.531633
v -0.355512 0.755028 -11.237075
v -0.483547 0.608235 -11.653411
v 0.199493 14.225834 -16.667749
v 4.834739 14.874988 -16.955210
v 1.066959 -6.065015 16.679878
v 0.724142 -4.078207 12.244346
v 0.808942 -3.693893 7.574888
v 0.297729 -5.669241 3.593944
v 0.451218 -5.829533 -2.985126
v -0.409206 0.535715 -12.367504
v 2.784388 11.401131 -15.945561
v 0.523357 -6.350140 14.574201
v 0.227529 -5.674919 6.909209
v 1.089648 -5.823696 2.124989
v 0.328518 -5.713197 -3.088939
v 1.713735 -3.869510 -2.977314
v 0.722599 7.435298 -14.699622
v 0.095171 14.218870 -16.306890
v -0.217157 -5.342369 7.176716
v 0.855334 8.576206 -15.138716
v -2.123065 8.865269 -15.136989
v 2.671306 -5.562189 12.522065
v 5.174288 -5.671882 10.837809
v 3.866427 -5.681341 7.878128
v 0.601246 -5.400374 3.470738
v -1.049814 -4.138582 2.442432
v -1.680361 -4.545382 2.399888
v -0.017707 -4.832932 2.424576
v 3.939782 1.017868 -10.957970
v -3.166074 4.243019 -13.211045
v -4.124961 4.427492 -12.837040
v 1.572679 4.354411 -12.968451
v 3.076006 9.867566 -15.434025
v 1.381245 14.473658 -15.343671
v 4.064231 -6.102122 -6.845273
v 2.346296 9.726777 -15.225780
v 3.567562 13.262085 -16.591318
v 1.235450 -5.642648 11.094680
v 2.831137 -4.515726 7.438187
v 4.482982 15.403678 -17.171701
v 3.808138 1.345611 -12.758609
v 3.287201 5.019539 -13.572453
v 3.819590 3.140387 -13.324039
v 4.176985 5.212665 -13.768255
v 3.426823 17.821180 -18.107273
v 3.367842 -3.938914 7.482906
v 1.517505 -5.658055 2.443420
v 1.203605 -5.421984 2.441938
v 1.226182 -5.712410 2.352106
v 3.285491 -4.858103 2.428121
v 3.585946 -5.849704 -1.888065
v 3.082575 10.050452 -13.624763
v 2.570677 9.849489 -14.389728
v 4.683165 8.876111 -15.129552
v 3.475546 14.231234 -16.381325
v 4.144922 -8.810503 14.535102
v 3.457755 -5.394245 3.464720
v 2.817831 -4.421667 3.430455
v 2.805810 -4.017711 3.470989
v 3.680719 -3.766503 3.601610
v 3.061900 -4.502455 -3.123712
v 3.805368 -4.111856 -3.072681
v 3.472802 -6.166577 -9.584823
v 7.941475 -4.439450 -9.815204
v 4.487975 0.837144 -11.110124
v 4.801221 0.712932 -11.289478
v 5.928412 0.503374 -12.106948
v 3.376896 5.843854 -14.058520
v 5.644166 -8.899547 16.310291
v 6.857451 -4.726941 12.297810
v 3.166038 -5.370508 7.436923
v 5.898325 -5.678657 6.906743
v 3.154545 -4.107565 2.465838
v 3.673628 -5.846774 2.166102
v 5.590897 5.003391 -13.163891
v 4.749474 -6.001029 17.009239
v 1.059337 -4.817938 7.180315
v 4.452737 -5.006669 7.173894
v 5.174267 -4.773305 7.193446
v 3.972059 -5.766920 2.367782
v 5.072479 -5.385201 -3.111126
v 4.962925 5.104869 -12.670086
v 7.027647 -5.518483 12.308914
v 7.262622 -5.687997 3.570266
v 6.946486 -5.846016 -2.305484
v 5.446948 -5.705297 -3.021321
v 6.323536 -8.852967 14.606127
v 4.520471 -6.317014 14.578126
v 8.111712 -5.730405 6.534230
v 5.760751 -5.728266 3.898669
v 4.522576 -3.883278 3.452083
v 5.576325 -3.873319 -9.752677
v 9.383191 0.511463 -12.371907
v 6.918022 0.589928 -12.492229
v 8.528286 4.024699 -13.525620
v 4.009347 10.260528 -13.593251
v -0.023365 11.482679 -13.866397
v 4.703709 13.095383 -14.334323
v 1.334451 13.514189 -14.472730
v 9.339767 7.208082 -14.635135
v 8.812807 18.246649 -18.268442
v 5.268811 -4.471311 3.404471
v 4.930009 -4.034984 3.414037
v 7.228134 -5.916664 -4.348568
v 6.058321 -5.988791 -4.704737
v 5.834306 -6.126814 -9.634029
v 8.996585 3.834399 -13.566800
v 8.837303 8.588083 -15.158474
v 8.349403 8.572358 -15.152643
v 5.863400 14.282530 -16.069548
v 6.046000 -6.075612 16.685629
v 5.414643 -5.445891 7.460538
v 5.027894 -4.688473 7.426675
v 5.744484 -3.709819 7.574337
v 6.721343 -5.817747 -2.916344
v 9.026122 -5.760726 -9.808885
v 6.095850 0.598014 -11.651374
v 7.042751 9.664376 -15.217881
v 5.591743 14.471175 -15.367411
v 6.736032 9.834913 -15.445069
v 6.871768 11.323621 -15.936996
v 11.396468 13.444309 -16.637190
v 8.980840 18.379940 -18.217264
v 7.265347 -5.670783 7.528047
v 5.334427 -3.931848 7.495003
v 5.241533 -4.514555 -3.122487
v 8.001202 -6.021415 -9.762117
v 5.998189 9.839550 -14.263616
v 6.478974 9.962272 -13.783626
v 6.713553 14.623382 -15.032903
v 11.020101 14.231395 -16.667143
v 6.804609 -3.704450 12.278625
v 8.462681 -5.653223 11.075126
v 7.283714 -5.844933 -4.131648
v 6.091958 10.040918 -13.585039
v 7.693830 -8.808719 14.460703
v 6.510325 -5.424256 3.441924
v 8.510550 4.227563 -13.158352
v 3.904318 4.368570 -12.987647
v 8.634500 4.385192 -12.828730
v 7.912602 1.522449 -12.836437
v 7.923429 -8.835737 16.509356
v 8.320688 -5.731199 3.827972
v 7.771714 5.237309 -12.359278
v 9.028410 3.259572 -13.381551
v 8.290872 -6.303406 14.494606
v 8.789275 -5.546930 13.768042
v 7.536973 -5.700129 7.813098
v 7.013044 -4.605092 7.346173
v 8.261253 -3.830303 3.559192
v 8.064302 -5.703119 2.472845
v 8.289235 -4.794984 2.426365
v 8.564069 -4.394533 2.458524
v 7.251088 -5.805331 2.166663
v 8.470833 -6.006236 -6.224822
v 6.262346 -4.103679 7.125897
v 6.526767 -4.482876 7.122748
v 9.118928 0.844049 -11.136904
v 11.992496 5.879631 -14.087350
v 7.478931 -3.941399 7.401367
v 10.330758 -4.077778 -3.021938
v 8.300040 -6.077405 -9.637938
v 10.029333 12.771473 -16.436447
v 9.752186 16.700644 -17.672155
v 9.790770 -5.655780 14.526693
v 9.518019 -5.600936 14.352530
v 10.327297 -3.946714 3.442245
v 10.787877 -5.815367 -2.749206
v 10.294596 -3.915889 -2.954762
v 8.812805 5.118623 -12.667797
v 8.305093 5.038575 -13.570525
v 8.595866 8.850518 -15.155204
v 9.848334 14.408376 -16.790733
v 9.846777 17.803850 -18.094992
v 9.013072 -5.410689 7.363899
v 16.401962 0.723230 -11.301762
v 8.809463 5.017160 -13.154978
v 12.761786 9.831136 -14.348588
v 10.567422 -4.455958 7.287169
v 12.866661 -5.707055 -3.005878
v 9.389663 -5.421669 -3.095919
v 12.772304 1.026480 -10.961535
v 10.619492 14.229050 -16.276495
v 11.884432 14.792735 -16.917007
v 10.350133 -5.525589 12.276395
v 10.262794 -4.078993 12.242932
v 10.415253 -5.709328 10.824634
v 10.606166 -3.946767 7.353144
v 10.724962 -3.721357 7.515208
v 10.281334 -4.157577 3.404446
v 9.981563 -5.955189 -4.731315
v 13.068763 -8.851526 14.880539
v 10.709339 -5.426975 3.452257
v 11.325883 -5.792353 0.010124
v 9.789209 -5.814694 -2.219100
v 12.765291 5.192666 -13.765143
v 12.888516 9.687349 -15.216720
v 11.584042 -6.030219 16.723728
v 10.824936 -6.319252 14.489056
v 11.256192 -5.730365 6.491147
v 12.425148 -6.070577 -9.400185
v 16.951775 0.618889 -11.634880
v 10.503287 14.454468 -15.338852
v 13.423363 13.247389 -16.618795
v 11.691223 -5.683154 6.835210
v 15.647849 -3.875470 -9.711492
v 16.407734 0.520953 -12.086661
v 12.259497 5.227685 -12.348446
v 11.344586 1.103274 -12.678190
v 12.293279 11.312150 -15.925480
v 14.960811 -8.861443 16.353714
v 10.808949 -8.809988 14.460692
v 12.816951 -5.728665 3.882468
v 11.206852 -3.826242 3.577961
v 10.744849 -5.774620 2.141115
v 13.351374 -5.851104 -4.107184
v 12.631898 -3.697682 12.275795
v 12.016400 0.578724 -12.469391
v 13.050636 4.997796 -13.563031
v 13.159879 10.045088 -13.571446
v 12.613888 8.587049 -15.145563
v 12.593915 8.877680 -15.131160
v 12.133992 9.835052 -15.440383
v 12.192661 -5.524358 13.787994
v 10.811087 -4.094708 7.252409
v 13.365525 -4.460165 -3.059495
v 12.821783 -5.331847 -9.800252
v 12.655079 5.089664 -12.682467
v 12.536701 -5.953011 16.975328
v 13.861028 -5.705765 7.843218
v 12.013406 -5.424827 7.298671
v 11.595724 -4.577961 7.257303
v 11.443045 -3.877932 7.329844
v 16.025270 -5.963044 -4.789311
v 14.482307 -8.820976 14.525852
v 14.898738 -5.645055 14.586556
v 12.343701 -5.575530 14.379763
v 13.334333 -5.502552 12.308010
v 16.871851 -5.658235 11.074555
v 13.416269 -5.694512 3.558772
v 13.297275 -3.903173 3.397280
v 12.827590 -5.802086 -1.818503
v 14.120653 -5.421537 -3.062954
v 16.386444 -6.012534 -6.692381
v 13.979572 -4.084249 -9.774064
v 16.370081 3.831907 -13.592363
v 13.416375 9.972097 -13.748223
v 12.801002 14.247323 -16.022367
v 13.014622 17.858744 -18.088543
v 13.258271 18.249266 -18.233406
v 14.196880 -6.376044 14.531449
v 14.106329 -5.671136 7.500797
v 13.980891 -3.721127 7.520903
v 13.209427 -4.097559 7.235838
v 14.888546 -5.747188 4.541286
v 13.277696 -4.389705 3.392255
v 13.525321 -5.665009 2.442255
v 10.169968 -5.661585 2.445948
v 13.418969 -5.777246 2.194158
v 12.585327 -4.856696 2.417228
v 13.257339 4.994287 -13.166273
v 13.121737 14.206909 -16.337934
v 13.924488 -4.087147 12.284979
v 13.852456 -5.424489 3.415651
v 17.549831 -4.118171 -3.046454
v 13.281375 4.063128 -13.533392
v 15.450541 14.434893 -15.349149
v 16.652260 14.409631 -16.786459
v 13.428203 -6.068044 16.721849
v 13.460657 -3.937667 7.324340
v 15.142655 -5.751399 6.540406
v 17.114948 -5.769213 -2.916973
v 12.777394 8.776223 -15.234459
v 19.245192 -5.704459 9.951450
v 13.508937 -4.432001 7.274153
v 18.776611 -5.810248 -2.326324
v 16.602160 14.235365 -16.664598
v 14.763965 -4.944813 7.334034
v 13.393283 -5.751135 3.658876
v 13.858104 -5.706615 2.330285
v 17.630695 -5.766472 -9.796241
v 16.393177 7.943397 -14.905190
v 15.687580 -5.786863 2.169277
v 18.409399 -3.927078 -2.967656
v 16.013161 -5.925325 -4.356999
v 17.112989 -6.070019 -9.629916
v 17.806925 1.319232 -12.766585
v 16.978827 5.809297 -14.062587
v 15.158137 9.847809 -14.386243
v 16.788536 8.770814 -15.248110
v 16.563324 14.602024 -15.023911
v 19.051319 14.724561 -16.882454
v 17.457323 -5.532032 13.767003
v 15.255507 -5.430799 7.385179
v 20.333452 -5.995797 -9.760485
v 19.630030 -4.423441 -9.807550
v 15.822647 5.125644 -12.673594
v 17.740908 3.035788 -13.315594
v 16.040899 4.044329 -13.526023
v 15.597139 14.217302 -16.260843
v 17.853937 10.426081 -15.640035
v 20.489904 11.390682 -15.961532
v 16.910938 15.430530 -17.168280
v 16.391651 -3.943356 7.394535
v 15.763577 -3.890392 3.420070
v 16.340300 -3.833999 3.554249
v 16.751045 5.243568 -12.364159
v 19.653530 9.853878 -15.437029
v 16.519011 17.672476 -18.015064
v 16.840797 -5.587612 14.364712
v 18.101913 -4.039843 12.273317
v 18.091400 -4.460014 7.346354
v 15.823230 -5.690635 3.518507
v 16.514402 -5.634793 3.412795
v 16.503222 -4.168574 3.378439
v 19.749092 -5.798216 -1.904508
v 18.489815 5.013443 -13.571218
v 18.816555 5.207240 -13.782025
v 17.008533 18.210791 -18.227951
v 17.056873 -8.850507 14.871315
v 17.121979 -6.477188 14.515921
v 18.534100 -3.702837 12.279601
v 17.498219 8.989137 -14.899448
v 13.071330 9.001270 -14.985811
v 15.644896 9.213319 -14.179228
v 18.181660 -5.960718 16.979694
v 17.718630 -5.499469 12.307533
v 17.904037 -5.753256 3.616003
v 21.177572 -5.793319 -0.261425
v 19.529434 -5.795398 -2.731119
v 17.328627 -4.490584 -3.088271
v 18.326622 0.866271 -11.120312
v 22.500423 0.507237 -12.376553
v 18.319242 0.587735 -12.503828
v 17.013895 8.573820 -15.151910
v 20.948986 13.243472 -16.618343
v 18.225691 13.454895 -16.632444
v 18.525358 -6.069064 16.712381
v 20.000353 -8.795542 16.600889
v 18.244331 -8.797801 14.529067
v 18.727989 -5.746103 4.480633
v 19.892809 -5.707411 -2.993959
v 17.429392 -5.395230 -3.088814
v 17.702480 -5.834820 -4.100571
v 18.354816 9.916734 -13.985436
v 18.366385 12.807860 -16.449306
v 17.270895 18.348808 -18.201149
v 18.956257 -8.809470 14.612421
v 20.415150 -5.710193 7.831048
v 18.368717 -5.407834 7.384319
v 19.993469 -5.702237 6.868517
v 18.181404 5.010784 -13.170196
v 18.311422 9.703184 -15.222033
v 18.210888 14.259865 -16.048876
v 19.275980 -5.665373 14.514782
v 19.671581 -5.652295 11.109995
v 18.900438 -5.676783 7.514194
v 21.484072 -3.865575 -9.785534
v 18.192635 5.109792 -12.686672
v 20.391678 -8.840120 16.346102
v 19.788754 -4.486204 3.346677
v 20.147064 -5.919640 -5.798625
v 19.700020 1.075064 -10.918148
v 20.470245 4.094884 -13.527403
v 19.683510 10.056074 -13.562572
v 19.675711 -5.686640 10.888429
v 19.813576 -5.693571 3.368689
v 20.660919 -3.844335 3.361344
v 19.192049 -5.773443 2.161075
v 20.343988 -4.171921 -3.001135
v 20.850975 -5.940841 -8.051491
v 20.285044 6.354229 -14.263186
v 16.986431 8.855440 -15.139643
v 21.077881 8.902466 -15.106913
v 21.296116 14.596409 -15.003077
v 24.935781 12.813430 -16.452034
v 19.473719 -8.574768 14.561631
v 20.573845 -3.722409 7.552173
v 20.399302 -5.882889 -4.327374
v 20.636688 3.869124 -13.563865
v 20.542305 8.159003 -14.949074
v 20.451920 17.769524 -18.005112
v 21.943281 -8.817407 14.930233
v 21.121853 -6.305060 14.486513
v 20.470882 -5.591419 13.635671
v 20.056938 -5.391898 7.421260
v 21.220762 -3.923141 7.464389
v 20.320396 -5.426773 -3.032409
v 21.407848 5.272602 -12.332604
v 21.578798 5.153303 -12.690612
v 20.843510 9.738306 -15.225208
v 21.157059 8.565763 -15.107014
v 22.809361 14.440698 -15.332366
v 21.358799 18.271772 -18.183636
v 23.668402 -5.975653 16.950483
v 20.323208 -5.497242 12.350081
v 24.079149 -5.765997 6.017713
v 23.170277 -5.771903 2.177275
v 22.500969 -5.837951 -4.054739
v 22.031773 -5.340606 -9.827251
v 21.797810 9.902421 -14.263038
v 21.188126 18.409122 -18.180357
v 20.368578 -8.747988 16.672987
v 20.331367 -8.547872 16.666996
v 21.483992 -5.565595 12.541507
v 23.237751 -4.444343 12.403209
v 21.809998 -4.485438 7.421778
v 22.022327 -5.954437 -9.802488
v 24.393799 0.534084 -12.107165
v 23.781404 0.580621 -12.455359
v 23.292616 14.436213 -16.783998
v 25.571568 -5.762825 3.460255
v 24.100954 -5.692451 3.368911
v 24.257793 0.890628 -11.134011
v 24.171036 5.045176 -13.218804
v 23.800638 10.081067 -13.586806
v 22.583317 -5.389339 12.418463
v 25.345152 -5.753163 6.594055
v 24.551929 1.251218 -12.721114
v 23.046501 5.194484 -13.798355
v 21.422739 8.775795 -15.210643
v 25.488701 14.233837 -16.654749
v 22.941164 -6.088687 16.716501
v 23.633839 -5.671603 7.539807
v 27.660141 -5.770310 -2.904729
v 24.171463 -5.417449 -3.017838
v 23.714361 -4.129937 -2.994138
v 24.904074 3.878748 -13.559036
v 23.346985 6.870186 -14.463603
v 22.944471 14.266720 -16.099764
v 25.087729 14.213235 -16.245909
v 23.742880 14.817979 -16.901642
v 25.469627 17.812468 -17.983919
v 23.880646 -8.770121 16.682957
v 23.391094 -6.902577 14.504462
v 23.930922 -5.675101 14.504963
v 23.614012 -5.619097 14.197791
v 23.112137 -5.041080 12.395897
v 22.286335 -3.743892 11.311788
v 22.077665 -3.698493 11.189782
v 22.072104 -4.071542 11.282827
v 23.010880 -5.413662 7.446086
v 23.809111 -5.702313 6.902515
v 24.556273 -3.857382 3.352841
v 24.599733 -5.984800 -9.754812
v 24.408154 0.733509 -11.357601
v 23.370380 5.016943 -13.592949
v 19.774948 10.249863 -13.553356
v 25.608009 10.230661 -13.552312
v 24.802826 9.728906 -15.228196
v 21.139486 8.996147 -15.032531
v 24.395184 8.816642 -15.204373
v 25.686989 13.488874 -16.647284
v 26.625452 -8.787774 14.687319
v 22.140358 -4.804657 11.276937
v 25.754278 -5.728342 10.185266
v 26.125944 -3.911647 -2.936975
v 26.200369 -5.928289 -7.616346
v 26.115644 -4.901479 -9.803392
v 24.966475 9.847786 -15.431278
v 26.682732 -8.507637 14.632680
v 25.063171 -3.692353 12.411433
v 25.544722 -3.921837 7.502691
v 24.703926 -5.883974 -4.377362
v 25.044149 9.026339 -15.083118
v 25.925673 -8.805508 16.317858
v 26.400276 -5.569645 12.605049
v 24.574936 -5.676110 11.224762
v 24.178244 -5.707531 11.057631
v 26.079296 -3.716279 7.581671
v 23.205652 -3.940139 6.882017
v 23.398012 -3.769280 6.744856
v 23.182146 -3.773932 6.563789
v 25.910097 -5.703099 -2.972731
v 24.619789 5.276617 -12.340386
v 25.071177 4.089751 -13.535210
v 26.726685 -5.768785 4.351823
v 27.891870 8.071649 -14.889313
v 26.077763 -6.330634 14.462793
v 25.906971 -5.402463 7.500153
v 29.420773 -5.800504 -2.607379
v 29.215977 1.078442 -10.918981
v 21.963142 5.705270 -12.233445
v 21.853058 5.506747 -12.221011
v 25.219116 5.479547 -12.210325
v 28.094339 14.567513 -16.772795
v 26.840233 -5.385471 12.523591
v 26.886745 -4.686751 7.486547
v 25.829433 5.652746 -12.216140
v 26.077026 6.175168 -14.168801
v 25.773829 14.583412 -14.986574
v 25.269716 14.409735 -15.364570
v 26.365358 11.340775 -15.923563
v 24.898474 -5.628166 11.370144
v 24.723236 -5.412918 11.349902
v 27.401308 -5.803272 -9.788914
v 28.523973 5.246347 -13.758118
v 25.784513 10.073254 -13.561430
v 25.935608 9.911533 -14.217291
v 26.791323 -4.926058 12.492796
v 29.511339 -5.716368 11.202068
v 28.600863 -5.786628 2.222086
v 26.255175 -5.407938 -2.973514
v 27.289858 -3.874741 -9.764364
v 27.382046 0.550492 -12.480600
v 26.891842 5.177465 -12.656296
v 28.975185 18.382378 -18.132172
v 30.217691 -5.614042 13.714020
v 27.381453 -3.712453 12.509699
v 27.733860 -5.776139 3.621239
v 28.499964 0.481446 -12.383162
v 28.485453 5.085076 -13.582149
v 23.848583 -5.813341 17.007780
v 28.607141 -5.946341 16.888235
v 26.859852 5.077199 -13.184326
v 27.175055 14.233846 -16.253304
v 27.654224 15.530575 -17.141834
v 27.211624 -5.674024 11.410858
v 29.665651 -5.791113 -1.805645
v 29.744997 -5.988017 -9.659842
v 28.964312 1.785684 -12.912797
v 29.523966 13.241017 -16.623655
v 29.394478 18.234079 -18.120090
v 29.649851 -3.686121 17.142328
v 23.058662 -3.687563 17.129133
v 30.034256 -4.575469 17.104038
v 29.054079 -5.890457 14.463031
v 28.936201 -5.689737 14.493297
v 30.460974 -5.674758 7.625947
v 28.918373 -3.953369 7.572268
v 30.101967 -4.123696 3.354141
v 30.415073 -5.804457 -4.054840
v 27.810892 0.755378 -11.283290
v 28.086725 3.003635 -13.292233
v 28.841331 3.867901 -13.578703
v 28.915102 8.531575 -15.074674
v 28.476854 8.825991 -15.196549
v 28.826359 9.871084 -15.430778
v 29.456097 14.417419 -15.370590
v 30.618832 -3.711424 7.697165
v 30.122480 -5.677928 3.360503
v 28.807419 0.527804 -12.008822
v 28.523796 10.117770 -13.608960
v 29.524628 5.865647 -14.034961
v 29.359951 7.112162 -14.526756
v 28.765715 9.752751 -15.231042
v 30.137423 9.046074 -15.077537
v 28.829332 -8.517392 14.644925
v 29.458851 -5.720946 9.903153
v 30.094328 -3.840394 3.371466
v 29.452562 -5.392670 -2.980937
v 28.510920 10.288757 -13.546682
v 29.149067 10.016621 -13.868316
v 29.765793 17.423948 -17.820322
v 28.503773 -8.767778 16.771200
v 32.691784 -8.815730 16.332859
v 29.299095 -6.338646 14.442555
v 29.120058 -5.664413 14.341289
v 32.219467 -5.696114 7.832725
v 29.101389 -5.414259 7.507301
v 31.371147 -5.699791 6.934149
v 32.274162 -5.775489 -2.706682
v 30.313101 -3.901473 -2.915846
v 29.685724 -4.172465 -2.955685
v 30.163944 -5.907157 -7.215511
v 30.767855 5.271900 -12.316214
v 32.269497 14.587529 -14.969469
v 31.932917 -5.764709 17.001312
v 30.808916 -4.944061 12.511869
v 29.269140 -5.648975 11.398354
v 29.161470 -4.921981 7.494517
v 34.071228 -5.739550 6.623410
v 30.184010 5.490220 -12.181100
v 34.403496 0.943623 -12.635539
v 29.497078 14.236915 -16.227879
v 29.863626 12.619925 -16.387434
v 31.417889 -8.785799 14.713532
v 31.450155 -5.376568 12.552651
v 30.756546 -3.713198 12.519277
v 31.689972 -5.755986 5.816708
v 33.223141 -5.929235 -9.799941
v 35.114361 -5.383720 -9.842184
v 31.107548 -4.525148 -9.817683
v 30.736654 11.333155 -15.937049
v 33.808800 15.425586 -17.098131
v 30.345657 -5.570908 12.617478
v 31.030174 -5.846852 -4.474214
v 31.906887 0.764057 -11.310973
v 31.082630 4.120288 -13.529307
v 31.514830 14.251948 -16.644718
v 33.398376 14.599094 -16.789412
v 32.505493 -5.740673 3.466482
v 32.744198 5.045271 -13.241242
v 30.734877 8.902425 -15.161389
v 32.104198 13.484806 -16.613144
v 31.151300 14.520446 -16.774323
v 33.036766 -8.809465 14.936721
v 31.030256 -5.040794 7.569269
v 30.688011 -4.068270 7.636976
v 34.125225 0.532171 -12.147506
v 32.243294 9.868609 -15.456673
v 32.297539 -5.905940 14.499310
v 31.852066 -5.449443 7.602959
v 32.100677 -5.767082 2.214850
v 32.965458 -5.776320 0.256921
v 32.746841 18.253479 -18.072889
v 33.503983 -6.121417 16.632107
v 32.295059 -5.687438 14.367028
v 32.820805 -5.680362 11.496110
v 32.841286 5.144089 -12.737853
v 33.551250 3.878734 -13.517899
v 32.487686 7.217268 -14.596724
v 32.030960 9.907094 -14.297617
v 33.806187 14.252841 -16.525833
v 32.271431 -5.697714 3.325174
v 35.202026 -4.133555 -2.924285
v 35.728798 -3.845422 -9.817083
v 32.784740 -6.214360 14.506314
v 33.531578 -7.882897 14.662142
v 32.995785 -5.623488 12.634944
v 34.904610 -5.722893 11.504435
v 32.991661 -5.371666 3.295795
v 33.802788 -3.805380 3.299021
v 32.296120 5.028227 -13.611565
v 34.137096 5.183960 -13.813457
v 34.585384 10.284340 -13.541088
v 33.113792 10.105972 -13.609458
v 32.639320 9.100108 -15.141120
v 34.600624 -3.957542 7.617217
v 32.736416 8.929666 -15.198319
v 33.250305 14.453426 -15.336215
v 32.903965 13.253308 -16.570377
v 34.234367 -3.726113 12.495119
v 34.277611 -3.701962 7.660765
v 35.731129 1.087979 -10.879773
v 33.966339 11.990250 -16.151619
v 33.562981 -8.782701 14.771818
v 33.736767 -5.876999 -7.797590
v 35.368095 -5.763005 10.732056
v 35.417919 -4.824158 7.590948
v 37.855072 0.576479 -12.478175
v 35.993107 5.259748 -12.310312
v 36.400108 4.120186 -13.507926
v 36.483910 9.765156 -15.230040
v 34.048134 14.594451 -14.942377
v 33.138012 -8.731867 16.733238
v 36.869419 -8.791245 16.615227
v 36.078438 -5.755368 5.884815
v 36.038433 -5.704932 -2.944010
v 35.519623 -5.382140 -2.947906
v 36.340179 -3.867842 -2.903617
v 35.370281 -5.834848 -4.380484
v 35.314083 10.066747 -13.547382
v 40.822010 0.518891 -12.379924
v 35.532917 1.904148 -12.938116
v 36.097916 3.884446 -13.508602
v 34.758888 -5.897138 14.480525
v 32.441715 -5.707330 14.522998
v 34.501198 -5.710618 14.519251
v 36.297180 -4.949965 12.516099
v 40.788082 -5.729978 8.196484
v 37.568985 -5.817961 -3.999437
v 35.706924 -5.900939 -9.824325
v 36.442547 0.768740 -11.296113
v 38.904751 10.397247 -15.644059
v 36.429825 14.256079 -16.676270
v 36.075516 18.410515 -18.100494
v 39.218132 -5.738816 16.997175
v 37.027832 -8.795606 14.989851
v 34.640854 -5.697995 14.373137
v 36.858879 -5.688779 14.354407
v 36.462017 -5.473994 3.312143
v 37.437164 -5.767380 -2.836672
v 36.193581 5.122751 -12.695663
v 36.813786 4.970222 -13.610160
v 37.194782 6.961723 -14.494792
v 36.843567 9.974540 -13.799812
v 37.144627 8.112816 -14.893313
v 37.034496 8.932822 -15.189678
v 39.207794 12.793259 -16.440928
v 36.122940 13.516730 -16.628696
v 36.131443 17.246853 -17.709295
v 42.284630 -8.754800 16.834717
v 41.564754 -5.417954 12.578332
v 36.729576 -5.679206 7.658482
v 36.371090 -3.796046 3.335930
v 36.403690 -4.090918 3.313565
v 38.124123 -5.908317 -9.279654
v 36.788815 -5.622307 12.638148
v 36.967278 -5.707306 6.945235
v 35.189301 -5.751898 2.019433
v 37.334858 -5.768661 -0.688004
v 38.669350 -5.908490 -9.795522
v 37.456497 4.986941 -13.213117
v 38.851982 13.253728 -16.599045
v 36.854630 -5.891654 14.478410
v 36.190586 -3.707730 12.495411
v 37.442978 -5.756405 10.365799
v 39.223515 -5.698384 3.324289
v 37.426361 -5.735100 3.501178
v 36.718674 5.792894 -14.048202
v 37.662498 9.872740 -15.450395
v 37.570351 14.601460 -14.957865
v 39.371864 -8.761353 14.817870
v 37.812416 -4.925754 7.624631
v 38.081379 3.401341 -13.333839
v 37.218578 15.119618 -14.913243
v 33.079372 14.727140 -14.810734
v 37.093853 14.838389 -14.841042
v 37.208809 9.099734 -15.132100
v 38.327950 14.449816 -15.373578
v 38.567329 1.031920 -12.636923
v 38.629551 1.954245 -12.928347
v 37.049473 14.245393 -16.431343
v 39.212017 18.405764 -18.043606
v 40.895267 -3.715446 7.695530
v 34.213810 -5.709239 2.217185
v 40.829079 -5.777791 1.877498
v 41.694687 -5.864246 -7.050431
v 42.013000 -8.833943 15.372404
v 37.765167 -4.212083 2.360188
v 35.989983 -4.000272 2.303037
v 39.116158 -5.459453 2.366673
v 39.003525 -5.437219 -2.998715
v 39.542080 -4.079634 -2.965054
v 38.406204 -5.055571 -9.823864
v 39.091034 0.870038 -11.124779
v 39.394989 0.736454 -11.371552
v 37.933014 9.851753 -14.408926
v 39.572884 14.682575 -16.814211
v 39.866890 -7.939500 14.681671
v 37.051743 -5.710268 14.499111
v 40.603931 -5.714428 14.468453
v 41.671631 -5.793081 6.585530
v 40.129597 -4.034313 3.290759
v 38.165550 -3.847949 -9.797876
v 40.057777 5.226985 -13.798895
v 39.781517 9.759285 -15.238188
v 38.216843 14.735139 -14.793972
v 39.852367 15.599689 -17.152853
v 40.041142 -5.665308 12.641208
v 40.302162 -5.668685 7.665651
v 42.551609 -5.730237 2.263082
v 41.663097 5.089067 -12.719551
v 40.363064 4.998165 -13.610228
v 39.670834 10.053946 -13.521557
v 40.271011 14.273009 -16.611244
v 41.347706 13.555643 -16.623789
v 43.085873 -8.818143 16.628628
v 40.848579 -5.896305 14.469373
v 42.881622 3.872820 -13.490366
v 41.395836 -4.898197 12.509107
v 39.750507 -3.695925 12.461526
v 38.046810 -5.690737 11.503082
v 41.492306 -5.737521 11.415104
v 43.063896 -5.755778 3.514892
v 41.767540 -4.784091 2.363176
v 42.606094 -5.764681 -2.766031
v 41.970192 -5.835652 -4.537609
v 39.633656 9.954974 -13.836688
v 41.977386 6.187849 -14.180326
v 41.798531 -8.805369 14.776806
v 41.065445 -5.788455 5.755844
v 43.782207 -3.725497 3.317872
v 44.067608 -5.707642 -2.984261
v 41.059837 0.545845 -12.129373
v 40.383717 4.972759 -13.205475
v 41.287506 18.348482 -18.021742
v 41.869869 -5.728622 6.938496
v 41.217361 -5.078732 -9.830067
v 41.590485 1.056504 -10.901189
v 41.354290 5.252532 -12.309399
v 42.301891 4.112578 -13.502429
v 42.102875 5.275610 -13.790535
v 41.959522 8.464434 -14.983767
v 42.538841 9.936845 -15.462541
v 40.454296 14.313186 -16.415522
v 40.464092 -4.125069 7.016700
v 39.970470 -3.935179 6.930828
v 39.917892 -4.605597 7.051870
v 43.947418 -5.805171 -4.081525
v 41.197094 -5.933836 -9.795773
v 41.846066 0.593375 -12.498868
v 41.578869 3.419946 -13.339476
v 40.815346 14.609130 -14.945238
v 40.067947 9.068896 -15.088361
v 40.808533 -5.709095 14.350410
v 40.760021 -3.715433 11.584009
v 40.195210 -3.696082 11.495914
v 40.327171 -4.050336 11.560555
v 42.551689 -5.763217 11.191983
v 43.594616 -4.059670 -2.963567
v 40.567493 4.902955 -13.492691
v 42.609184 8.927268 -15.123917
v 40.456356 14.484277 -16.706514
v 40.086861 18.488384 -17.834415
v 41.251354 -6.265789 14.471274
v 44.279270 -5.721798 7.871687
v 41.521778 -5.173861 7.629568
v 42.743664 -3.801762 -2.915446
v 41.976418 5.036145 -13.639138
v 42.413433 9.849887 -13.785115
v 42.478416 9.763343 -14.724461
v 42.443138 9.757666 -15.207552
v 43.449249 14.474330 -15.328323
v 43.064968 13.227469 -16.545271
v 42.345383 14.930613 -16.857647
v 42.901920 -5.663750 12.626330
v 42.703403 -4.368461 12.436997
v 42.955406 -5.708239 11.587452
v 43.271767 -4.482126 3.246533
v 42.734177 -5.349464 3.263615
v 43.532391 -5.938165 -9.062504
v 42.077789 1.517643 -12.812685
v 43.267216 14.706603 -14.717755
v 42.131294 12.193135 -16.246071
v 42.472019 14.398759 -16.392818
v 42.984474 17.104227 -17.579889
v 40.108990 -5.879457 16.830235
v 43.564251 -5.785069 16.990120
v 44.320477 -5.698937 14.260266
v 42.466297 -3.837636 -9.806965
v 42.840065 0.790039 -11.437967
v 41.853912 4.911387 -13.457589
v 43.007599 9.928425 -13.458719
v 42.658173 14.428019 -15.872711
v 43.465294 11.014633 -15.883823
v 42.152466 18.435369 -17.866932
v 44.115456 -7.931293 14.626485
v 42.866478 -5.163604 7.648007
v 43.627583 -5.799024 2.076776
v 42.710888 -5.438972 -3.007761
v 43.277775 -5.307603 -9.818772
v 42.566196 9.071024 -15.077435
v 42.183575 18.249575 -17.992617
v 43.478058 -8.160442 14.682279
v 43.947067 -6.615680 14.461761
v 44.024811 -5.892746 14.404915
v 44.192162 -3.690184 12.362256
v 43.015930 -4.339998 7.693207
v 44.045021 -5.831314 5.860991
v 44.242962 -5.698705 3.256701
v 43.137939 -5.904602 -9.778329
v 43.534958 1.088591 -10.872133
v 43.904980 0.962153 -11.043352
v 43.733387 0.626818 -11.969983
v 43.906036 0.598680 -12.398917
v 43.894432 5.161720 -12.265425
v 42.990746 4.979746 -13.201032
v 43.671867 1.818772 -12.926003
v 43.613598 6.063653 -14.167811
v 43.913422 7.731604 -14.793739
v 43.917732 14.560346 -16.599943
v 42.973351 13.729192 -16.602331
v 46.793724 -3.709918 17.112165
v 38.208893 -3.699088 17.123890
v 41.263592 -4.797514 17.086706
v 44.062332 -8.767001 16.927692
v 43.334751 -8.746116 14.820343
v 43.324310 -5.062892 12.447317
v 43.073872 -5.331320 11.684466
v 44.301327 -3.696473 11.681719
v 44.315315 -5.768400 8.290318
v 43.789005 -3.709472 7.773605
v 43.835831 -3.917056 3.271104
v 44.008759 -5.821776 0.826156
v 43.988029 -5.798777 -1.204977
v 43.591946 -5.861744 -5.137519
v 43.625278 5.038645 -13.604423
v 43.673237 6.981053 -14.511480
v 43.987484 14.562447 -14.904977
v 43.669907 10.462398 -15.688861
v 43.675049 11.677534 -16.088839
v 43.261127 16.049036 -17.204372
v 44.082775 -8.780800 15.345971
v 43.672176 -5.401959 12.491784
v 44.243942 -5.651037 7.652901
v 42.031914 -5.433301 7.118124
v 43.844727 -5.464002 7.101468
v 44.062904 -5.174333 7.130819
v 43.360409 -5.679869 2.440800
v 42.286686 -4.069173 -3.894162
v 41.751614 -4.595969 -3.898672
v 43.921185 -3.999338 -3.805863
v 43.437077 -3.835297 -9.849242
v 43.925274 0.695556 -12.619876
v 43.868916 4.976313 -12.676068
v 43.686192 5.261362 -13.804994
v 43.403446 9.682185 -13.775193
v 43.523170 9.675401 -14.798107
v 43.681526 8.292809 -14.952325
v 43.644787 9.693780 -15.167068
v 43.650402 14.376030 -16.347973
v 43.684566 15.031308 -16.821657
v 44.347389 -5.678513 12.626736
v 44.191711 -4.951388 7.579727
v 43.821823 -5.790701 6.883194
v 44.014366 -5.792182 4.841859
v 44.054718 -5.330134 3.190752
v 44.209026 -5.796127 1.579047
v 44.089020 -5.765428 -2.093643
v 44.319130 -5.247425 -3.065445
v 43.555325 -5.966007 -9.770303
v 43.806664 -7.407600 -8.809505
v 43.743294 -6.524530 -9.631984
v 43.760433 -7.601616 -9.954183
v 43.962624 -5.679908 -9.859048
v 43.661613 -6.392537 -10.341945
v 43.560482 -5.738306 -9.889994
v 43.790649 -7.552567 -10.743787
v 43.629379 -5.774490 -10.850538
v 43.793282 -6.118267 -12.181924
v 43.909428 0.736534 -11.491913
v 43.751804 -5.897508 -11.660817
v 43.943142 1.462980 -12.823498
v 43.696159 4.912919 -13.167075
v 43.926926 2.742434 -13.161983
v 43.678944 3.072642 -13.256011
v 42.967640 4.259671 -13.298424
v 42.962433 4.432111 -12.972981
v 43.614021 4.490309 -13.062627
v 43.934334 4.134892 -13.509482
v 43.898216 4.804859 -13.431376
v 43.661095 4.090743 -13.472198
v 43.554794 9.781963 -13.415280
v 43.855980 9.419205 -13.423989
v 43.728989 9.516792 -13.783167
v 43.940331 6.636608 -14.377717
v 43.919731 9.526911 -15.063110
v 43.615295 9.013644 -15.021381
v 43.919353 9.923677 -15.428581
v 43.911655 12.885180 -16.361025
v 43.693199 13.133793 -16.468245
v 43.700436 13.745731 -16.510183
v 43.847118 15.539950 -17.039265
v 43.648304 15.791452 -17.236660
v 43.843315 15.192715 -17.911892
v 43.600304 16.360767 -17.709385
v 43.497780 16.309557 -17.349794
v 43.595711 16.637548 -17.440229
v 43.861595 16.735958 -17.461809
v 43.601357 16.371315 -18.277805
v 43.888485 14.670161 -18.474873
v 43.683876 16.580519 -18.640783
v 43.850170 15.221835 -18.640390
v 44.084473 -8.675760 14.882047
v 44.710037 -5.366028 12.362772
v 44.661903 -4.942308 12.269836
v 43.692688 -5.503930 11.709488
v 44.521286 -5.284446 11.778724
v 44.368752 -5.708509 11.626553
v 44.379177 -5.754160 11.261216
v 44.338497 -5.772267 10.157893
v 44.264988 -5.808697 6.371018
v 44.290585 -5.764902 4.248113
v 44.266228 -7.644862 5.392783
v 44.307167 -6.423120 3.748602
v 44.254581 -7.652365 2.310032
v 44.235821 -5.690858 2.492542
v 44.298790 -6.444907 2.148358
v 44.210850 -7.651032 0.894645
v 44.192619 -6.580389 0.483471
v 44.130596 -7.421451 -4.029461
v 44.164860 -6.637935 -2.508437
v 44.159611 -7.648404 -4.023723
v 44.095272 -6.607442 -4.346538
v 44.742935 -3.726276 -2.891420
v 43.974094 -5.966125 -5.301287
v 44.036137 -6.368577 -5.370621
v 43.955097 -7.427320 -6.921951
v 43.883160 -5.985691 -7.376318
v 43.883854 -7.621912 -8.941166
v 43.890854 -6.260209 -8.120947
v 43.903126 -6.846406 -7.529498
v 43.759396 -6.011292 -9.531891
v 43.931286 -4.277962 -11.106894
v 43.926819 -4.012501 -11.169732
v 43.910015 -5.526756 -10.992814
v 43.947956 -7.603812 -11.662039
v 43.928356 -7.618134 -11.930644
v 43.883667 -5.330210 -11.403142
v 43.884945 -2.720035 -11.432052
v 43.912048 -1.847952 -11.313362
v 43.911507 -0.726876 -11.318862
v 43.873539 0.025172 -11.439061
v 43.935589 0.522286 -11.217570
v 43.859650 -5.563506 -12.646944
v 43.876690 -4.147272 -13.098996
v 43.907322 0.587252 -11.922744
v 44.023956 -8.651080 -12.316298
v 43.926723 -7.683450 -12.547000
v 43.889469 -0.163091 -13.322103
v 44.108246 -9.587157 -12.583788
v 43.899593 -6.745741 -13.025135
v 43.905533 -6.350630 -12.820783
v 43.935310 -5.700400 -12.977775
v 44.080688 -8.745882 -13.659645
v 43.986603 -7.413670 -13.232117
v 43.917316 -4.267572 -13.218476
v 43.866848 -2.951111 -13.508999
v 43.869488 -2.351235 -13.546900
v 43.901733 0.327818 -14.034453
v 43.932442 1.671239 -12.974124
v 43.940834 4.502595 -13.250024
v 44.006260 4.823384 -12.650608
v 44.224392 -10.586035 -12.831734
v 43.948128 -3.793007 -13.383185
v 43.860596 -1.440320 -13.707994
v 43.919327 -1.924389 -13.815228
v 43.932484 2.873151 -13.345379
v 43.962749 4.737146 -13.558691
v 44.246292 -10.694908 -14.245864
v 43.923309 -0.533988 -14.049566
v 43.903149 1.476686 -14.090921
v 43.901508 1.796784 -14.678538
v 43.918564 3.092728 -14.767770
v 43.959770 5.160094 -13.850712
v 43.889515 9.321667 -13.820716
v 43.924664 9.119700 -13.515167
v 43.952728 -0.062033 -14.261059
v 43.952538 1.428944 -14.482332
v 43.919838 3.410598 -15.080392
v 43.945660 5.856581 -14.134562
v 43.921780 9.113552 -14.986398
v 44.009369 3.121512 -14.945636
v 43.929077 4.373516 -15.152570
v 43.924156 6.791028 -14.546109
v 43.913635 7.969772 -14.970081
v 43.982628 4.304523 -15.259502
v 43.992432 4.515703 -15.431472
v 43.970577 5.444923 -15.591922
v 43.974937 6.039295 -15.836931
v 43.913876 6.752585 -15.617189
v 43.903332 8.661216 -15.081962
v 43.904175 8.556295 -15.922574
v 44.271908 14.319983 -15.463025
v 43.961060 7.074639 -16.019888
v 43.938000 7.640973 -16.289892
v 43.901337 8.115678 -16.295515
v 43.927078 9.415484 -16.355549
v 43.911827 10.295790 -15.789773
v 43.957035 14.290217 -16.216290
v 43.987419 8.724476 -16.442469
v 43.914024 11.294441 -15.970757
v 43.913887 11.434607 -16.160267
v 43.953728 13.897198 -16.102118
v 44.055241 14.001292 -15.852752
v 43.992119 9.820094 -16.787184
v 44.048359 8.894670 -16.621088
v 43.938931 10.286581 -16.835482
v 43.911163 11.848215 -17.139555
v 43.899033 13.171301 -16.655491
v 43.916553 13.683421 -16.627737
v 43.962334 11.384805 -17.216408
v 44.004917 10.283295 -17.025768
v 43.900814 13.894560 -18.146988
v 43.912773 14.855603 -16.767715
v 43.986759 11.587668 -17.395386
v 43.964870 12.580641 -17.564081
v 43.921581 13.081168 -17.805656
v 43.972706 13.554390 -17.967636
v 44.631653 16.874506 -17.551462
v 45.187153 18.268967 -18.028082
v 43.930428 16.296638 -18.980879
v 43.994289 16.520180 -18.992973
v 44.462761 -29.473400 19.915936
v 44.443779 -28.973009 19.961807
v 44.363361 -29.298435 19.714186
v 44.460464 -27.823746 19.750908
v 44.467865 -29.516468 18.519361
v 44.460938 -26.865702 19.438560
v 44.531204 -25.524927 19.338690
v 44.488979 -24.727062 19.030848
v 44.554543 -22.708067 18.954905
v 44.446953 -28.472467 18.239740
v 44.474209 -27.891500 18.148581
v 44.485531 -24.655560 18.294268
v 44.506283 -21.860430 18.614462
v 44.533363 -20.502682 18.650120
v 44.488014 -19.999098 18.497557
v 44.505577 -26.700075 18.061266
v 44.523670 -24.763485 17.709835
v 44.569839 -26.881748 18.002800
v 44.506981 -22.389000 17.290894
v 44.484509 -20.617464 17.260771
v 44.522110 -17.723547 18.169445
v 44.535328 -15.554329 17.848164
v 44.489269 -15.860106 17.655384
v 44.497662 -18.386230 16.906252
v 44.497887 -13.413239 17.537472
v 44.512142 -19.481812 16.870895
v 44.491474 -14.603563 16.675779
v 44.453449 -10.624330 17.026390
v 44.491283 -11.021252 17.334230
v 44.347347 -8.869325 17.047729
v 44.535744 -16.991562 16.515322
v 44.509953 -14.318506 16.173004
v 44.464256 -11.633049 15.740248
v 44.448071 -10.610703 15.591238
v 44.367649 -8.817721 15.217962
v 44.388409 -9.088545 15.319542
v 44.525486 -8.616064 15.130336
v 44.486008 -7.942867 14.700655
v 44.373726 -7.730000 14.549707
v 44.324352 -6.056177 14.363104
v 44.377510 -7.412040 14.203708
v 44.378914 -5.883919 13.693111
v 44.436871 -7.667641 13.189899
v 44.382267 -7.442698 11.984429
v 44.429714 -7.648872 9.210680
v 44.770561 -5.659629 11.698335
v 44.346527 -7.432436 9.371259
v 44.362503 -6.614199 8.373294
v 44.336555 -5.897556 7.671617
v 44.324177 -7.626205 9.025736
v 44.362495 -5.697896 7.521635
v 44.315639 -5.933863 6.105998
v 44.318642 -5.732971 6.994254
v 44.929573 -4.352276 7.618121
v 44.284779 -6.424735 5.322098
v 44.273315 -5.947566 5.280634
v 44.427135 -7.688365 2.306505
v 44.301868 -5.894953 3.233523
v 44.334934 -5.701267 2.838196
v 44.798119 -4.030566 3.207051
v 44.874554 -5.131757 3.094662
v 44.289677 -5.923038 2.229786
v 44.227222 -6.346250 0.712447
v 44.231293 -5.948603 1.155199
v 44.235836 -5.937071 -2.242395
v 44.232895 -6.247767 -2.349178
v 44.386917 -7.666925 -5.428411
v 44.168953 -5.897839 -3.124050
v 44.150616 -6.298646 -3.454411
v 44.234383 -5.677241 -3.100497
v 44.262001 -5.650955 -3.765496
v 44.117493 -5.881038 -3.960085
v 44.123135 -6.041960 -5.025207
v 44.225475 -7.584464 -11.134875
v 44.523384 -4.510157 -10.077938
v 43.857674 -3.799535 -9.871066
v 44.110107 -5.053620 -10.990473
v 44.132793 -5.470125 -10.774427
v 44.874607 1.314395 -10.860812
v 44.180695 -7.678476 -11.923555
v 44.160648 5.002376 -12.295363
v 44.155869 -5.695202 -13.002076
v 44.163544 -6.312355 -12.935627
v 44.451080 -12.930856 -13.465146
v 44.323574 -11.471618 -13.052420
v 44.422470 -13.114555 -13.760393
v 44.259346 -7.833061 -13.420501
v 44.247002 -4.392393 -13.285466
v 43.973248 9.657898 -13.273066
v 44.291477 9.426786 -13.237337
v 44.537033 -14.163429 -13.873452
v 44.187206 -2.336012 -13.713965
v 44.555099 -15.291062 -14.227035
v 44.397087 -12.346856 -14.697975
v 44.368408 -9.803726 -14.014719
v 44.174664 -0.683509 -14.127426
v 44.608982 -16.712299 -14.669532
v 44.499546 -14.401932 -14.673192
v 44.338043 -10.938389 -14.357183
v 44.319035 1.324062 -14.605718
v 44.579124 -16.323080 -15.520908
v 44.558826 -15.491158 -15.737472
v 44.493778 -13.666849 -15.175501
v 44.303852 2.995428 -15.024047
v 44.711937 -18.405876 -15.360666
v 44.374035 4.271737 -15.379804
v 44.660934 -17.479946 -16.229273
v 44.388615 5.556658 -15.748662
v 44.123116 5.821514 -15.808059
v 44.344353 7.079877 -16.177801
v 44.058319 7.302921 -16.226557
v 45.247040 6.659496 -16.088547
v 44.447323 8.540958 -16.566774
v 44.411091 9.837653 -16.914686
v 44.400314 11.338116 -17.342075
v 44.453419 12.604066 -17.722059
v 44.099491 12.838640 -17.771454
v 44.352333 16.768145 -17.720581
v 44.495453 13.592132 -18.038483
v 44.856461 14.784300 -18.453709
v 44.672955 -29.557467 19.736658
v 44.687679 -29.463526 18.033335
v 44.681351 -28.494987 18.140188
v 44.838455 -15.183019 17.847885
v 44.642456 -13.953976 17.670143
v 44.633865 -22.719316 17.308332
v 44.682777 -19.752554 16.882320
v 44.392990 -6.109220 16.837826
v 46.448143 -5.960055 16.975088
v 44.752758 -13.854077 16.048004
v 44.639114 -11.956962 15.747533
v 44.557961 -8.079757 14.927161
v 44.549744 -7.797573 14.417695
v 44.827427 -7.709059 12.704178
v 44.627434 -5.670092 12.317322
v 44.930321 -4.577573 12.293809
v 44.899864 -7.684422 8.400311
v 44.525791 -5.623824 7.436931
v 44.742790 -5.014367 7.431247
v 44.527679 -5.611347 7.194919
v 44.746429 -5.014992 7.252352
v 45.086174 -7.707693 4.187440
v 44.965294 -5.342628 2.892237
v 44.842892 -5.613702 2.596497
v 45.347424 -7.691849 -4.692068
v 44.997059 -5.273119 -3.144447
v 44.911003 -5.497884 -3.288144
v 45.766010 -4.896750 -3.109327
v 44.831383 -5.668284 -10.078071
v 44.607372 -3.963830 -10.076027
v 44.849705 -3.806981 -10.081324
v 44.646118 1.042531 -11.073500
v 45.849686 -5.930135 -12.959935
v 45.374374 -2.848198 -13.624657
v 45.253067 -0.593352 -14.185073
v 45.111801 0.954380 -14.565169
v 44.746761 -18.079269 -15.060826
v 44.640697 -12.207531 -14.722519
v 45.868347 14.667835 -14.718895
v 44.831707 -19.338903 -15.437181
v 46.327377 2.229071 -14.845944
v 44.724506 14.334225 -15.266886
v 44.853741 -20.410286 -15.791265
v 44.675365 -14.598276 -15.496371
v 44.743160 -18.703266 -16.766169
v 44.897369 -21.783699 -16.172497
v 44.812218 -19.607864 -17.061951
v 44.776543 -17.124462 -16.285324
v 44.926842 -22.135927 -17.427340
v 45.061016 -23.980585 -16.777935
v 44.904293 -21.142954 -17.485233
v 45.007702 -22.976068 -18.010477
v 45.084179 -24.247158 -18.316643
v 45.440750 16.917042 -17.554745
v 46.286247 18.486158 -17.871130
v 45.484051 16.334757 -18.957674
v 45.295124 -29.588709 19.419508
v 45.367771 -29.534895 17.876129
v 45.029896 -29.494267 17.773212
v 45.087421 -28.274185 17.927702
v 44.866020 -28.691652 17.916798
v 45.110622 -28.085375 18.139942
v 45.214481 -27.666220 18.117018
v 44.969875 -29.280504 17.658384
v 45.121323 -28.723524 17.429211
v 45.257278 -28.261560 17.157957
v 45.143406 -24.602150 17.651819
v 45.284538 -29.467079 16.869415
v 45.292805 -29.251354 16.740131
v 44.989662 -21.611547 17.146948
v 44.974834 -17.767487 16.584269
v 45.634052 -11.106554 15.647712
v 45.027222 -8.856068 15.283014
v 45.202862 -8.294991 15.157552
v 45.398941 -7.982392 15.038993
v 45.256027 -7.817647 14.665381
v 45.897449 -7.758165 13.867263
v 45.142895 -5.428220 12.166032
v 44.990829 -5.650302 12.127932
v 45.089577 -5.463188 11.886938
v 46.837105 -3.698753 12.358327
v 45.627121 -4.863077 7.380173
v 47.831455 -3.712396 3.280818
v 45.053402 -5.348295 2.564490
v 44.859432 -5.586373 -3.660444
v 45.029366 -5.381273 -3.684879
v 45.611355 -7.616254 -10.608832
v 44.872784 -4.318779 -10.261880
v 45.197857 -4.912417 -10.435879
v 45.018902 -5.479276 -10.383794
v 44.924240 0.834185 -11.272409
v 45.785931 1.040919 -11.262833
v 45.774052 -6.202922 -12.950682
v 47.334991 -8.860089 -13.717394
v 46.343468 8.951390 -16.673147
v 45.015247 -19.132650 -16.947508
v 45.261009 -26.186787 -17.343941
v 45.154659 -24.792408 -16.989891
v 45.220844 -26.330673 -17.460764
v 45.882690 10.489380 -17.081314
v 45.302902 -27.352634 -17.658312
v 45.282936 -27.683376 -17.761677
v 45.106964 -20.053034 -17.229731
v 45.203568 -26.404757 -18.873322
v 45.147579 -22.637535 -17.946756
v 45.330662 -28.274508 -17.829319
v 45.326241 -29.285349 -19.134796
v 45.203064 -25.656996 -18.807486
v 45.274311 -27.462814 -19.366701
v 45.299129 -29.454231 -19.465847
v 45.314075 -29.385113 -19.729673
v 45.309414 -28.789072 -19.765203
v 46.639027 16.536707 -18.976944
v 45.420151 -29.496817 16.449322
v 45.350914 -28.300730 15.914346
v 45.412842 -28.215790 17.125319
v 47.066013 -20.689140 17.009712
v 45.404095 -29.275078 14.298437
v 45.477406 -29.469213 14.305055
v 45.961769 -15.896775 16.315754
v 47.106014 -12.809805 15.865652
v 46.232967 -8.443255 15.258862
v 45.396347 -28.702335 11.041471
v 45.411537 -28.280594 11.226623
v 45.476715 -28.205275 8.133781
v 45.712185 -5.217289 12.014893
v 45.785839 -4.907697 12.145425
v 46.178429 -4.474983 12.267311
v 45.470089 -29.468416 8.163972
v 45.401379 -29.271706 8.064377
v 45.769180 -4.379566 7.576393
v 47.119461 -3.701390 7.735606
v 45.444328 -29.484566 2.190434
v 45.371353 -29.282969 1.326116
v 45.363998 -28.296721 -0.763483
v 45.447731 -28.213713 -7.471198
v 45.617954 -4.791106 3.104687
v 45.459167 -5.143784 2.652917
v 45.387852 -29.281776 -5.119477
v 45.374157 -28.283558 -5.330669
v 45.447002 -29.474627 -6.926498
v 46.053314 -5.084980 -3.231102
v 45.643085 -5.197590 -3.420396
v 46.904549 -3.933262 -2.986265
v 45.370041 -29.279867 -9.190707
v 45.447483 -28.219421 -13.855032
v 45.760357 -5.233674 -10.750127
v 45.831161 -4.470113 -10.752629
v 45.968281 -3.970205 -10.627584
v 45.434307 -29.465319 -14.072345
v 45.360786 -28.282318 -14.594727
v 46.069916 -6.883212 -13.126685
v 44.580051 9.185038 -13.216812
v 44.705822 8.977841 -13.371098
v 47.499489 8.946296 -13.143822
v 45.998112 -4.513647 -13.261635
v 45.363094 -29.280478 -15.058077
v 46.297565 -1.422173 -13.961052
v 46.278072 0.330215 -14.407340
v 46.813923 -10.084684 -14.109210
v 45.432232 -28.193554 -17.594795
v 45.406208 -29.478258 -19.001667
v 46.304955 4.878724 -15.553711
v 46.517582 9.543306 -16.841934
v 46.228523 12.068698 -17.549479
v 46.112511 16.830887 -17.701151
v 45.515915 -24.511440 -18.440363
v 45.432327 -25.849289 -18.890333
v 45.503506 -29.204689 -19.807707
v 45.450024 -28.463018 -19.690664
v 47.480179 -26.653009 17.976185
v 46.009026 -18.806343 16.730848
v 45.861660 -7.848248 14.987417
v 45.714523 -29.485247 10.907266
v 45.706074 -29.503738 3.818628
v 45.758698 -29.516050 -4.360108
v 46.029491 -4.508275 -10.939371
v 46.145813 -4.024705 -10.849968
v 46.179668 -3.796954 -10.400353
v 47.561714 -7.631946 -11.173512
v 46.250790 1.271515 -10.843011
v 46.083076 0.484748 -11.317445
v 46.063568 1.080701 -11.108226
v 46.601414 -2.962488 -13.591860
v 47.344826 -17.174126 -14.891008
v 46.864433 14.417554 -14.918037
v 46.317776 14.298293 -15.233119
v 47.711227 -18.164148 -16.629753
v 46.536804 5.413417 -15.684299
v 46.491959 7.829874 -16.380619
v 47.920006 -21.100889 -17.519161
v 46.340424 13.168908 -17.863348
v 46.213097 16.904890 -17.481422
v 46.455727 18.277250 -17.974115
v 46.546669 14.571445 -18.336660
v 46.641800 16.250427 -18.946545
v 47.281139 -29.556940 18.597950
v 47.184052 -24.462721 17.636707
v 46.994785 -29.525709 16.190315
v 47.143276 -7.871179 15.063808
v 47.435394 -7.797148 14.743279
v 46.290977 -5.264903 11.992306
v 47.508698 -7.728038 8.470439
v 47.019386 -4.483321 7.570428
v 47.523670 -7.725533 6.424307
v 47.588291 -7.750966 4.217484
v 46.682007 -4.793308 3.104868
v 47.612560 -7.737123 0.002817
v 47.586784 -7.714809 -4.528350
v 47.923832 -3.729224 -2.924325
v 46.688801 -3.803402 -10.815294
v 46.396660 -4.434978 -10.981295
v 46.383213 1.100213 -11.072983
v 48.700989 -12.658401 -13.496377
v 46.188431 -13.873811 -13.815134
v 46.484379 -5.910883 -12.884486
v 46.583607 -4.511554 -13.221478
v 46.584393 0.800168 -14.470131
v 48.354725 -13.939063 -15.288704
v 46.596916 3.698641 -15.209526
v 46.594383 2.262854 -14.816558
v 47.005859 -29.479280 -17.324263
v 46.518116 6.631414 -16.031385
v 46.545292 10.859187 -17.145260
v 46.861553 -25.733953 -18.818079
v 46.577232 15.047043 -18.522133
v 47.824955 -27.707903 18.135084
v 48.633694 -20.761936 17.043810
v 48.422428 -9.473577 15.416515
v 47.004814 -7.763596 14.111923
v 47.480450 -7.781678 12.790980
v 47.244122 -29.508167 9.139297
v 46.758999 -5.410020 12.106304
v 46.749809 -4.918695 12.196614
v 47.007896 -29.523979 2.834299
v 47.110271 -4.967555 7.384083
v 47.671871 -3.983513 3.218927
v 46.928375 -29.530655 -4.349082
v 46.920429 -5.059733 -3.140404
v 46.728161 -5.254234 -3.463575
v 47.235073 -29.472158 -7.836652
v 46.997395 -3.939904 -10.871943
v 47.240650 1.259772 -10.753324
v 47.307133 -7.647996 -11.751094
v 48.342735 -7.715647 -11.931897
v 46.647694 -5.500899 -12.883880
v 46.710110 -5.731877 -12.819751
v 46.582104 0.455548 -12.649200
v 46.596519 2.070510 -12.789063
v 46.649109 1.347092 -12.706856
v 47.318470 8.761233 -13.242683
v 46.630871 -1.115886 -13.987381
v 46.536240 5.845353 -13.681432
v 46.526100 7.462684 -14.103279
v 46.743332 6.243619 -13.712338
v 46.617039 -0.146351 -14.226671
v 46.497280 9.134718 -14.745973
v 46.522095 9.833504 -14.983526
v 46.537712 8.693488 -14.381143
v 47.824783 14.551204 -14.674432
v 47.796169 15.546792 -14.967965
v 48.505219 16.816397 -15.377581
v 44.364197 16.279398 -15.238621
v 47.012104 -15.151562 -15.676728
v 46.560879 13.872151 -16.949932
v 46.520863 15.031572 -16.722195
v 46.609409 13.841378 -16.179508
v 46.614189 15.939638 -17.223324
v 46.660671 15.662613 -16.904797
v 46.508984 12.896415 -17.732965
v 46.636806 16.463158 -17.333599
v 46.469967 16.719511 -17.418779
v 46.735901 16.562990 -17.218328
v 49.879845 -29.395948 -19.431332
v 49.872654 -29.170961 -19.689301
v 48.676022 -28.864918 -19.702383
v 48.947323 -28.049433 18.163769
v 49.059139 -19.950289 16.943085
v 48.390476 -8.318649 15.219242
v 47.034069 -5.656437 12.115415
v 47.207417 -5.396220 12.333026
v 47.547970 -4.754297 12.340963
v 47.383221 -5.025685 3.118074
v 46.997585 -5.285512 2.576121
v 46.733086 -5.011297 2.832558
v 47.338665 -5.407823 2.785007
v 47.196827 -5.400019 -3.373166
v 46.810284 -5.679957 -10.942671
v 46.439327 -5.189675 -10.980941
v 47.211498 -5.473454 -10.844188
v 47.580128 -29.460426 -11.493371
v 46.575966 0.986567 -11.477217
v 47.027012 1.183645 -11.506211
v 46.644581 0.940099 -12.392049
v 46.992260 1.129509 -12.362605
v 46.617298 3.192178 -13.087314
v 46.602657 3.711640 -13.137362
v 46.727161 3.187249 -12.978248
v 46.663986 4.732592 -13.338836
v 46.567219 4.885293 -13.489095
v 47.035446 4.923760 -13.398760
v 48.484890 4.509352 -13.262870
v 48.657898 -8.226562 -13.529019
v 47.035896 8.116022 -14.192909
v 46.569927 8.269137 -14.310780
v 46.984516 8.531392 -14.166555
v 47.062733 9.076365 -14.493726
v 46.618271 13.836812 -14.502254
v 48.517952 13.988579 -14.505539
v 46.911366 13.946040 -14.595550
v 46.991737 9.861987 -14.899536
v 46.528954 10.778058 -15.237576
v 47.007954 11.085494 -15.280704
v 47.093655 14.289068 -15.508206
v 46.558907 11.527706 -15.552771
v 47.083576 12.245884 -15.678567
v 46.638454 12.253696 -15.805570
v 46.564114 14.132515 -15.509008
v 46.627720 14.059000 -16.153233
v 46.992210 14.208179 -16.151594
v 46.636387 13.539713 -16.034212
v 46.931885 13.595885 -16.035593
v 47.026543 13.851645 -16.057798
v 46.723053 14.750344 -16.553272
v 48.208939 -23.266119 -18.098738
v 48.441936 -26.738140 -19.086035
v 49.476566 -29.456234 19.985682
v 46.724834 -6.089133 16.898388
v 48.391678 -6.085227 16.928190
v 49.044628 -17.313128 16.584349
v 48.997528 -14.830273 16.213717
v 48.928593 -13.578299 16.004814
v 48.700626 -12.127160 15.763803
v 47.524456 -7.737080 15.030353
v 47.494534 -7.775795 13.644193
v 47.351627 -5.660529 12.461682
v 48.074295 -4.729926 12.418841
v 46.849312 -5.463863 11.809524
v 46.970676 -5.653712 11.704551
v 47.902782 -4.999263 11.734299
v 47.396389 -5.423820 7.240239
v 47.473606 -5.350845 7.352303
v 47.889530 -4.836682 7.532918
v 47.410564 -5.301408 -3.129063
v 47.697605 -4.861234 -3.031624
v 47.356483 -5.624332 -3.679662
v 47.771881 -5.717509 -3.052900
v 48.103912 -4.741616 -10.791574
v 47.975307 1.180554 -12.434078
v 48.525612 1.374604 -12.464149
v 47.757446 1.711835 -12.641548
v 48.299427 2.681169 -12.815289
v 48.642632 -7.009166 -13.158714
v 47.830097 8.699863 -13.034602
v 48.524662 7.231996 -13.913966
v 47.631271 8.451920 -14.075967
v 48.521130 9.678399 -14.710336
v 48.529686 10.974868 -15.155683
v 47.454361 14.259142 -16.069839
v 47.380093 13.563610 -16.035913
v 48.509674 13.945430 -16.087526
v 47.554989 14.443034 -16.295568
v 48.520012 15.429891 -16.705696
v 48.558018 16.625250 -17.126709
v 48.537670 17.532349 -17.461737
v 46.873711 -27.521067 -17.757652
v 47.219135 -28.045553 -17.851355
v 48.147861 -27.966623 -17.877605
v 48.537479 18.548523 -17.764021
v 49.617931 -24.396170 -18.398195
v 49.173599 -29.456182 -18.868267
v 49.500214 -29.544981 19.762281
v 48.711216 -29.515240 16.616461
v 48.700096 -29.495039 11.875654
v 47.598679 -7.449927 14.722643
v 47.920372 -6.953747 14.825888
v 48.286915 -6.856167 14.918180
v 47.751919 -6.606884 14.550427
v 48.029095 -6.035085 14.524522
v 47.779118 -6.033187 14.223803
v 47.611877 -5.960879 12.973921
v 47.765465 -5.884459 13.548140
v 47.809185 -5.820099 12.610211
v 47.762756 -5.818575 11.811177
v 47.857445 -5.740548 12.508680
v 47.613457 -6.020099 11.588776
v 47.706070 -5.921597 11.453271
v 47.576313 -7.632353 13.118526
v 47.590607 -7.658098 9.501225
v 47.577484 -6.003776 10.993673
v 47.615852 -6.015642 9.585267
v 47.619648 -6.068239 8.040936
v 47.773037 -5.947156 7.905842
v 47.552994 -5.709182 7.270891
v 47.731209 -5.803449 7.475798
v 47.662807 -7.672424 5.031206
v 47.627575 -5.800006 6.916017
v 47.660522 -5.962564 6.231652
v 47.799492 -5.868763 6.496546
v 47.666519 -7.683034 2.499530
v 47.747517 -5.715104 3.209181
v 47.996319 -5.165001 3.195989
v 47.727646 -7.682360 -1.402399
v 49.444824 -29.513885 -4.164391
v 49.484241 -29.495512 2.225651
v 47.724922 -7.647277 -7.105023
v 47.817524 -7.614645 -10.445722
v 47.950760 -7.575407 -11.674314
v 48.730412 -5.687334 -10.795150
v 46.789307 8.517476 -12.874695
v 48.523918 8.610854 -12.863643
v 48.528576 5.607004 -13.556011
v 48.540188 8.275146 -14.111719
v 47.859249 8.457673 -14.120188
v 48.501499 8.648037 -14.295548
v 48.234516 14.395019 -14.900853
v 48.700352 -12.199435 -14.765073
v 47.898109 14.109475 -14.920552
v 48.143753 14.160336 -15.756351
v 47.924240 13.979102 -15.843784
v 48.019855 14.279177 -15.472710
v 49.034916 -14.568751 -15.522788
v 48.549164 11.970117 -15.486835
v 48.025391 14.270750 -15.970081
v 48.471893 13.179963 -15.858437
v 48.530861 14.633697 -16.419477
v 48.290314 18.324602 -17.820763
v 49.682579 -25.293682 -18.671391
v 49.437805 -24.497322 17.724207
v 49.410439 -22.669188 17.386423
v 48.686554 -7.710358 15.096768
v 48.667397 -6.579011 14.894002
v 48.629749 -6.340724 14.843250
v 48.694031 -6.021174 14.846996
v 48.131615 -5.908818 14.257205
v 49.731106 -3.688802 12.390925
v 48.060371 -5.908371 11.677581
v 48.169598 -5.909864 7.946216
v 48.215363 -5.872840 7.595765
v 48.459995 -5.291691 7.532411
v 49.136715 -3.678966 7.714947
v 48.264942 -5.880512 6.908028
v 47.763138 -5.947148 5.196092
v 48.071388 -5.850649 5.239709
v 49.511101 -29.497890 4.211028
v 47.822105 -5.817837 4.934369
v 48.257938 -5.807282 3.340520
v 47.789467 -5.763607 3.605951
v 49.649754 -3.743173 3.323736
v 48.360840 -5.846156 2.408119
v 47.597343 -5.672790 2.453902
v 48.108513 -5.857728 2.255356
v 47.767456 -5.952469 2.149557
v 47.892735 -5.858327 1.648035
v 47.783997 -5.956929 1.262841
v 48.049774 -5.853019 -1.667800
v 47.798862 -5.943727 -1.646618
v 47.829292 -5.814905 -1.950159
v 48.179401 -5.816818 -2.951725
v 47.777008 -5.791798 -2.653700
v 48.495422 -5.323149 -3.009197
v 49.677879 -3.765943 -2.937654
v 47.781700 -5.751323 -3.742189
v 47.846100 -5.823945 -4.029898
v 48.228531 -5.853623 -3.792665
v 48.043278 -5.866308 -4.487910
v 47.810276 -5.949518 -4.457656
v 47.804932 -5.988125 -7.212092
v 48.065262 -5.924241 -8.352081
v 47.864502 -5.991677 -9.977114
v 48.132263 -5.927235 -10.452654
v 47.991879 -6.038766 -10.661932
v 49.695732 -3.791419 -10.660824
v 48.543739 1.284554 -10.782973
v 48.112823 -7.252684 -11.259114
v 48.597256 -7.112085 -11.543022
v 48.566658 1.210689 -12.302879
v 48.551876 -5.705015 -12.764564
v 49.581749 -29.442099 -14.771783
v 48.795433 -9.836616 -14.097460
v 48.491619 14.618483 -14.719646
v 48.983845 -13.400207 -15.139904
v 48.362438 14.372748 -15.484031
v 49.111732 -15.574673 -15.837837
v 48.342957 14.136860 -15.857746
v 48.364128 14.364434 -15.986966
v 49.127636 -18.496838 -16.745243
v 49.836681 -29.322258 -19.609047
v 48.749722 -6.061181 16.780241
v 49.617855 -5.964633 17.006027
v 48.685986 -9.592004 15.459276
v 48.743584 -8.700088 15.339495
v 49.130863 -5.964526 14.670535
v 49.192562 -5.886310 12.572115
v 49.143402 -5.777936 12.476231
v 49.375610 -4.730936 12.434035
v 49.491779 -29.467751 8.239882
v 49.237507 -5.954011 11.128814
v 49.494888 -5.947496 7.659229
v 49.028744 -5.772859 7.510018
v 49.190723 -4.883622 7.564007
v 49.498825 -5.920011 6.862419
v 49.158222 -5.867874 3.630984
v 49.517952 -5.844110 3.316244
v 49.166306 -5.738902 3.272145
v 49.153473 -5.913084 -2.679122
v 49.503254 -5.880771 -3.009887
v 49.158581 -5.731029 -3.082516
v 49.222561 -5.071540 -2.995177
v 49.499809 -5.886762 -3.807356
v 49.209938 -5.922253 -4.021076
v 49.205379 -5.895946 -5.671573
v 49.200115 -5.945885 -8.943032
v 49.847511 -29.423674 -7.740605
v 48.663311 -5.893181 -10.848936
v 48.648575 -5.913342 -10.549870
v 49.861015 -29.421936 -13.489261
v 49.223877 -5.762932 -10.738586
v 48.626823 -7.425269 -11.810740
v 48.635391 -7.676653 -12.095674
v 48.459320 -8.324397 -12.186327
v 48.593266 -8.608607 -12.436820
v 48.537025 2.587316 -12.732773
v 48.738079 -6.797990 -13.070098
v 48.549171 4.347120 -13.170258
v 48.749531 -9.244565 -13.860681
v 48.817070 -10.496358 -14.256901
v 48.533791 14.592464 -15.816836
v 49.092834 -16.930990 -16.260534
v 49.403984 -20.678923 -17.388939
v 49.449455 -22.161007 -17.826702
v 49.833496 -27.766869 -19.376722
v 49.707359 -27.565022 18.251776
v 49.508072 -26.661001 18.088194
v 48.758919 -8.142799 16.993929
v 48.781239 -9.412466 15.653632
v 48.789162 -7.209428 16.743950
v 48.873745 -6.018723 15.428187
v 49.528584 -5.930202 15.628225
v 48.837959 -10.988129 15.677119
v 49.583130 -29.487740 16.059292
v 48.726608 -5.910298 11.648162
v 49.382793 -5.917198 2.222633
v 49.683216 -5.845639 2.376861
v 49.191063 -5.890601 0.429143
v 49.154099 -5.950508 -10.442745
v 49.654202 -4.519224 -10.675193
v 48.904663 -12.006636 -14.653374
v 49.378323 -19.808367 -17.114790
v 49.531918 -23.369890 -18.134184
v 49.758236 -26.425207 -18.985481
v 49.599213 -28.147448 18.252411
v 49.189819 -18.193724 16.736401
v 49.522243 -3.589939 16.428242
v 48.940857 -3.595088 16.945213
v 49.660110 -3.617156 17.003227
v 49.536686 -5.883708 13.776711
v 49.702454 -5.830424 12.619720
v 49.562157 -4.734350 12.495419
v 49.539349 -5.887555 11.578863
v 49.666828 -5.890449 10.912719
v 49.544682 -5.922371 10.610957
v 49.520267 -4.453749 7.668168
v 49.622734 -3.708649 7.712187
v 49.528782 -5.202764 3.336329
v 49.523144 -5.873476 -0.233959
v 49.550880 -4.620170 -2.935131
v 49.516205 -5.862316 -5.670907
v 49.498917 -5.889139 -10.010052
v 49.483528 -5.783397 -10.702857
v 49.267296 -18.154989 -16.609505
v 49.875496 -29.464930 -18.887682
v 49.827091 -27.406368 -17.675598
v 48.350857 -26.968521 -17.661810
v 49.818867 -27.658033 -17.726629
v 49.877174 -28.823700 -19.685276
v 49.856873 -29.446115 19.912540
v 49.881897 -29.456249 17.435545
v 49.817577 -28.303501 18.586060
v 49.632053 -26.314522 18.114210
v 49.643005 -5.921145 15.780093
v 49.626335 -5.724829 15.499898
v 49.874260 -29.420519 8.800387
v 49.650593 -5.715663 13.963388
v 49.714367 -4.647939 12.606609
v 49.647038 -5.705139 10.404501
v 49.665684 -5.701226 11.316836
v 49.630276 -4.354346 7.869315
v 49.535385 -4.556167 6.865229
v 49.647186 -4.534431 6.559175
v 49.641701 -4.110323 6.803039
v 49.642242 -3.725214 6.758336
v 49.652718 -5.642817 3.386720
v 49.435921 -5.065586 2.445259
v 49.667690 -4.794143 2.370424
v 49.687878 -3.711108 2.432585
v 49.855915 -29.450853 -2.423573
v 49.651863 -5.844815 0.036395
v 49.639160 -5.649565 -0.287690
v 49.659748 -4.832726 -2.728994
v 49.515461 -4.623065 -3.739831
v 49.640293 -4.548167 -4.021728
v 49.644321 -3.758813 -3.800887
v 49.624123 -3.758761 -6.398531
v 49.629139 -4.846791 -10.538164
v -49.425705 -28.883436 19.957603
v -49.599857 -3.649829 16.919456
v -49.514763 -3.659492 12.990316
v -49.385345 -3.908993 11.912333
v -49.503719 -3.662992 11.625508
v -49.477104 -3.666013 7.864492
v -49.388931 -28.171730 10.965742
v -49.437923 -28.148979 2.699706
v -49.421261 -3.693882 6.403003
v -49.413307 -3.947692 2.515385
v -49.497120 -3.683117 2.198379
v -49.503334 -28.129368 -2.901712
v -49.419800 -3.707629 -2.692012
v -49.474121 -28.133528 -9.071951
v -48.233326 -27.995337 19.787111
v -49.135105 -19.248316 18.474831
v -49.025166 -17.264435 18.166668
v -48.917763 -5.833934 17.050133
v -48.372738 -5.285936 17.094570
v -48.223759 -3.721682 17.143797
v -49.157616 -5.750412 6.984890
v -49.233551 -5.086700 7.002342
v -49.194496 -3.687871 3.520410
v -49.250679 -5.714287 2.546792
v -49.121132 -4.869874 -3.713433
v -49.133957 -3.775473 -8.270318
v -49.104393 -13.775195 -13.964517
v -49.059589 -12.242507 -13.459755
v -49.123455 -14.833137 -14.251655
v -49.167664 -18.956171 -15.464113
v -48.066944 -28.126650 -16.018459
v -48.913792 -28.151804 -17.595266
v -48.923882 -28.117594 -17.862381
v -48.853325 -26.715677 -17.650166
v -47.693897 -26.448812 19.554813
v -47.565250 -28.201252 17.900318
v -48.630592 -12.258377 17.520157
v -48.674137 -10.751277 17.351997
v -47.803219 -3.685344 17.046724
v -47.166561 -3.685566 14.971869
v -48.336456 -4.600790 11.956970
v -48.433773 -5.209790 2.529115
v -46.953644 -3.715074 2.475896
v -47.391102 -4.405218 -3.630897
v -48.807766 -5.570103 -12.467758
v -48.066895 -28.136227 -11.713104
v -48.294884 -21.664049 -16.263689
v -47.880405 -24.081549 -16.967764
v -46.824162 -29.210999 19.946617
v -47.445393 -23.509466 19.108727
v -47.583790 -18.964285 18.429049
v -48.349285 -8.321234 17.063686
v -47.446583 -3.904634 17.123196
v -47.738312 -5.681312 11.868042
v -45.023571 -3.711840 11.874436
v -47.584679 -3.699288 10.790783
v -48.096508 -3.709508 6.846736
v -47.819756 -4.662723 2.557676
v -47.113033 -4.012364 2.557634
v -45.233952 -3.726365 2.458172
v -47.532471 -3.933632 -3.705299
v -46.762241 -3.739521 -3.778229
v -46.847157 -3.790112 -7.826952
v -48.276875 8.123719 -12.679350
v -48.351341 10.441832 -13.473872
v -47.582966 -12.968898 -13.650160
v -48.347580 13.135228 -14.247421
v -47.716454 -15.046071 -14.302282
v -48.297119 14.131457 -14.643919
v -48.199768 14.893431 -14.727162
v -47.823639 -23.062214 -16.650297
v -46.607239 -28.141922 -17.590437
v -47.534283 -26.875351 -17.668364
v -47.105713 -15.021286 17.852488
v -47.313667 -6.391636 16.902987
v -46.190792 -28.181664 14.929988
v -47.562809 -4.934117 12.006469
v -46.270542 -28.164253 7.636902
v -47.175991 -28.151527 1.919519
v -45.784489 -28.149490 -5.043377
v -48.045986 4.807379 -11.764272
v -46.886044 6.854855 -12.490727
v -46.915447 8.524555 -12.879540
v -47.073174 8.716898 -13.017267
v -47.061874 13.835967 -14.483231
v -47.031120 13.970883 -14.582537
v -47.705273 14.076221 -14.955644
v -47.298790 -17.618303 -15.053941
v -47.936649 14.024776 -15.473547
v -46.821144 -21.123592 -16.058628
v -48.103115 14.143770 -15.600077
v -46.954906 -28.120564 -17.885096
v -46.346550 -20.341536 18.645903
v -47.261696 -3.682901 17.081379
v -46.482651 -3.736079 7.074418
v -46.470463 1.594159 -10.881517
v -46.931461 4.838993 -11.720091
v -45.590256 -11.506304 -13.120907
v -46.872665 8.739799 -13.893447
v -46.449493 10.604631 -13.543079
v -45.482182 -28.154680 -13.039880
v -46.403362 15.375121 -14.932134
v -46.006741 16.914568 -15.441880
v -46.432201 19.038933 -16.248812
v -44.738708 -27.842472 19.763668
v -44.958450 -26.448349 19.574238
v -45.883938 -3.955197 11.981338
v -46.034180 -3.960521 2.558580
v -46.262936 13.077232 -14.273814
v -45.436565 -23.313217 -16.589565
v -45.837708 -28.201710 17.863518
v -44.947102 -10.604486 17.340473
v -45.352428 -7.039116 16.912031
v -44.643661 -5.245450 17.072659
v -45.789429 -28.178638 8.707098
v -46.424858 -4.889464 7.294539
v -45.904861 -3.939255 -3.695507
v -43.736984 -3.769993 -5.098884
v -45.470383 -28.151657 -10.306820
v -45.035755 1.670742 -10.911697
v -44.734455 -7.892845 -12.131790
v -46.078674 -14.399742 -14.038358
v -43.120056 18.944702 -16.192822
v -45.080791 -29.127953 19.969496
v -44.974182 -22.276232 18.940327
v -44.936951 -17.530642 18.200846
v -44.992863 -14.557686 17.790550
v -44.695122 -9.002907 17.126287
v -46.057327 -4.914946 12.080556
v -43.305534 -3.707209 10.943282
v -44.299294 -3.728876 6.869048
v -45.569557 -4.956354 2.633504
v -45.506702 -4.525805 -3.635580
v -46.324314 -5.292169 -11.096960
v -46.356247 -4.517168 -11.183427
v -46.392513 -1.017640 -11.366640
v -46.447689 1.000157 -11.420840
v -44.628208 4.820499 -11.679693
v -45.896645 8.750591 -13.706244
v -45.797756 -28.135397 -16.075880
v -46.209888 14.133866 -14.817123
v -45.374943 -19.555508 -15.517829
v -45.364758 -24.514914 -16.917259
v -46.473545 16.754450 -18.217787
v -45.019386 -25.015812 19.348534
v -45.166183 -3.961968 7.093783
v -45.101212 -4.563485 2.575093
v -45.869614 -5.427111 -10.895732
v -44.202133 -4.280515 -11.170063
v -45.696465 -2.625637 -11.295519
v -45.280666 0.577650 -11.385243
v -45.364567 8.442963 -12.919476
v -45.454025 8.713851 -13.211869
v -44.813496 -13.084782 -13.532453
v -44.736301 -15.377170 -14.261229
v -44.847523 -17.715469 -14.946871
v -44.754070 -16.632353 -14.633816
v -45.775681 14.235336 -15.201526
v -45.091454 -21.987888 -16.209759
v -45.435135 -28.119518 -17.536530
v -45.414600 -28.029556 -17.779095
v -45.007164 -20.374020 18.662731
v -45.433910 -28.238638 17.894827
v -45.329456 -28.317680 17.027956
v -45.316620 -29.260887 16.824354
v -45.375313 -28.716675 15.758129
v -45.409504 -28.289896 16.167921
v -44.580658 -7.995076 16.979464
v -45.374203 -29.267889 15.360395
v -43.736439 -6.452898 16.813671
v -45.497677 -28.208004 11.636728
v -45.434994 -28.273603 5.595956
v -45.453308 -5.014156 12.046266
v -45.401867 -28.689390 7.999176
v -45.401337 -29.249973 7.892443
v -45.113842 -5.018156 7.242364
v -45.378769 -28.747211 -0.290107
v -45.374714 -29.258301 -2.373320
v -45.473785 -28.180708 -2.893712
v -45.406799 -28.271042 -2.766770
v -45.380798 -28.722551 -4.886578
v -45.109383 -3.753825 -3.956397
v -45.385998 -28.257877 -14.565850
v -45.352314 -29.268520 -15.348937
v -42.657181 -3.798881 -9.704465
v -45.363586 -28.711599 -14.670072
v -44.559658 -5.086707 -11.036949
v -44.670666 -0.719489 -11.355350
v -44.756218 4.906713 -12.160851
v -45.197964 5.479907 -12.164626
v -44.545235 5.952351 -12.261178
v -43.477337 10.590544 -13.545891
v -44.654636 14.194580 -15.226941
v -45.090229 -20.722307 -15.838349
v -45.326679 -28.271679 -18.142405
v -43.786106 18.970966 -16.480362
v -45.209351 -25.897791 -17.307117
v -45.349590 -26.654184 -17.522854
v -45.255016 -27.033092 -17.738255
v -45.289700 -27.753391 -18.227728
v -44.378410 -3.789544 6.979368
v -44.765003 -5.625117 -3.679689
v -40.989433 -3.798117 -8.007092
v -44.328979 -4.878608 -11.102175
v -43.935898 -2.770808 -11.283300
v -42.930344 6.998578 -12.542494
v -44.793957 8.736976 -13.104750
v -44.509926 -11.882205 -13.158358
v -44.723797 -14.174440 -13.893912
v -44.444351 9.825941 -13.353158
v -43.962574 10.258290 -13.440924
v -43.743717 13.987171 -14.621537
v -44.949390 -19.238028 -15.424105
v -44.978081 -20.199289 -15.730928
v -45.002087 -21.423370 -16.151968
v -42.667919 18.064323 -15.843981
v -45.122681 -23.243855 -16.584829
v -45.039516 -22.368862 -16.564165
v -45.192909 -24.729645 -16.992994
v -45.101543 -23.597139 -16.917248
v -45.082199 -23.424217 -18.031416
v -45.174919 -25.889492 -18.716503
v -44.725067 -28.747822 19.876360
v -44.695057 -26.577173 19.419991
v -44.756184 -25.141375 19.319908
v -44.712032 -26.659208 18.180622
v -44.700527 -24.905066 19.051414
v -44.737560 -22.386337 18.920149
v -44.706078 -21.590281 18.700382
v -44.720051 -20.200798 18.583019
v -44.662018 -19.818874 18.312473
v -44.727829 -17.560757 18.174629
v -44.678368 -19.722130 17.004095
v -44.685524 -17.395115 17.901047
v -44.704117 -14.835170 17.775415
v -44.641815 -14.314835 17.509687
v -44.654469 -11.636255 17.413000
v -44.687469 -10.866584 17.353497
v -44.676075 -16.747234 16.612320
v -44.602928 -11.241723 17.136082
v -44.523647 -9.418626 17.122217
v -44.658001 -14.326446 16.268753
v -44.622807 -11.847535 15.858897
v -42.531307 -5.821940 17.009317
v -43.011959 -3.687057 17.049997
v -44.672123 -5.838951 12.627341
v -44.691704 -6.744461 11.607628
v -44.695614 -6.009685 11.294404
v -44.234184 -5.205265 11.929183
v -43.342052 -4.042943 11.861398
v -44.648006 -7.153271 8.464561
v -44.626339 -6.368432 6.936243
v -44.576740 -7.353807 5.666924
v -44.508450 -5.898087 2.828921
v -44.541080 -6.289128 1.897376
v -44.644413 -5.628168 2.492610
v -43.288597 -3.955715 2.411531
v -44.522743 -5.578233 -3.787159
v -44.490376 -3.945230 -3.789686
v -44.228531 -5.645084 -10.555774
v -44.559402 -5.436212 -10.789469
v -43.708168 4.605144 -11.636748
v -44.314308 -8.570899 -12.313230
v -44.437077 -11.181377 -12.994950
v -44.350758 -10.147624 -12.708395
v -44.580948 -13.223139 -13.647968
v -44.628494 -13.933995 -14.007395
v -44.658108 -15.019944 -14.379800
v -44.649323 -14.957281 -15.364509
v -44.285545 14.127644 -14.812389
v -44.871613 -18.605171 -15.536638
v -44.797089 -17.404194 -15.792983
v -42.695843 16.245420 -15.226707
v -44.920776 -19.644869 -16.663422
v -44.474773 -9.176980 16.521482
v -44.255276 -8.545073 16.975906
v -44.516605 -7.430416 3.539955
v -44.532707 -7.436324 1.872125
v -44.448700 -7.427939 -0.787990
v -44.393700 -6.415957 -0.941914
v -44.371086 -5.963995 -1.664519
v -44.327831 -7.435827 -4.321893
v -44.339672 -6.290866 -4.421911
v -43.411434 -4.441855 -3.865468
v -43.754021 -3.803735 -3.924131
v -44.203377 -7.359092 -7.232777
v -44.144768 -5.450976 -10.912709
v -43.913074 -5.412498 -11.107027
v -43.490353 1.272945 -10.809515
v -43.937969 -0.952153 -11.372436
v -43.959824 0.485475 -11.320798
v -44.054024 -8.070693 -12.243695
v -44.202721 -9.146291 -12.576640
v -44.111279 -8.558414 -12.955158
v -43.803589 8.647313 -13.011002
v -44.221592 -9.329008 -13.627009
v -43.577290 -7.633077 16.872101
v -41.761349 -3.686332 12.872247
v -37.777504 -3.710105 9.491400
v -43.381401 -5.461561 2.416023
v -43.467979 -5.395542 -3.868304
v -43.885864 -7.322063 -9.738759
v -43.907169 -6.282504 -9.464015
v -43.810024 -7.337720 -10.084473
v -43.796848 -7.449475 -10.524039
v -43.807243 -5.696628 -11.018322
v -43.953674 -4.967624 -11.181375
v -43.907452 -1.314259 -11.539158
v -42.148594 2.297358 -11.089934
v -43.956352 -5.336381 -12.697289
v -43.958187 0.122459 -12.283264
v -43.946735 -3.105947 -13.331884
v -43.470448 4.745387 -11.842732
v -43.905624 4.762899 -12.167407
v -43.937458 -1.224247 -13.707155
v -44.067886 4.804628 -12.729676
v -43.986103 4.554116 -13.109272
v -44.030689 4.682881 -13.371227
v -43.601215 4.353416 -13.287490
v -44.014481 2.797372 -13.832923
v -44.014297 4.101169 -13.777737
v -43.860386 9.116217 -13.226664
v -43.960899 9.199860 -13.943602
v -43.941387 9.184235 -14.660419
v -43.999081 8.873419 -15.695075
v -44.020325 10.334462 -15.978550
v -43.988056 13.382145 -17.324482
v -43.871258 16.352419 -18.670935
v -41.417210 -6.435574 16.727139
v -41.864719 -3.693087 11.768344
v -41.776371 -3.732472 2.336039
v -43.271767 -4.067194 -3.867405
v -43.017780 -3.790970 -4.071862
v -43.560806 -6.027492 -10.003493
v -43.569107 -5.869989 -10.718232
v -43.510090 4.560660 -12.779553
v -43.420105 9.311040 -13.392354
v -43.358097 13.940090 -15.971856
v -42.191700 -8.583735 16.857290
v -37.705933 -3.742094 4.863723
v -42.817020 -3.980391 -3.964355
v -42.869247 4.669790 -12.270012
v -42.664093 9.357656 -13.209463
v -42.612293 13.805605 -14.554672
v -42.688267 9.340597 -14.517447
v -41.289555 -8.007876 16.817596
v -41.047470 -7.324037 16.760799
v -42.131035 -3.729925 6.840333
v -38.677666 -3.798019 -4.347342
v -42.410557 9.501421 -13.267055
v -40.345814 11.699416 -13.915238
v -41.742599 -4.433923 2.346334
v -41.748405 -4.466284 -3.963741
v -40.990238 4.499408 -12.818617
v -38.444485 8.545168 -12.998503
v -41.029873 4.284663 -13.440378
v -41.738152 10.605620 -13.585460
v -39.921059 13.995416 -14.648135
v -40.430855 14.102847 -14.910668
v -40.729401 14.934200 -14.818220
v -39.733513 -5.456179 2.343766
v -39.595516 -3.760841 -2.674745
v -40.873859 -5.447968 -3.985165
v -38.416660 -3.788756 -4.779439
v -40.670044 9.289335 -14.952433
v -38.401726 16.106775 -15.203732
v -38.713665 18.999708 -16.256165
v -40.708485 -5.450783 7.044392
v -38.169540 1.277673 -10.810523
v -40.172443 3.756821 -11.452305
v -34.624657 -3.685894 14.999234
v -40.035393 -3.938768 6.940046
v -40.559399 9.530636 -13.449071
v -38.545452 -3.690716 11.566257
v -39.252785 -3.788765 2.369742
v -38.296513 -3.737363 2.181642
v -36.392601 -3.747145 -0.342382
v -38.267147 -3.997747 -4.071889
v -38.466946 -5.238394 17.082752
v -38.016804 -6.426656 16.650921
v -38.258976 -3.828657 -4.133087
v -38.540855 -3.804951 -9.678378
v -36.963760 9.345572 -13.222713
v -38.153561 9.554810 -13.306548
v -38.184814 10.617676 -13.611636
v -37.400490 18.225546 -15.917022
v -33.938911 18.946781 -16.204500
v -37.275959 -5.440971 11.633903
v -37.362137 -4.472857 -4.047616
v -35.827858 12.943303 -14.334945
v -36.623215 -5.808431 17.005672
v -37.912777 -4.576062 7.007653
v -38.051666 4.586321 -12.636353
v -37.702442 7.007035 -12.556342
v -38.649548 9.305463 -14.767066
v -35.879726 13.832433 -14.591664
v -35.676910 -8.499891 16.751904
v -33.229870 -3.700971 11.299524
v -36.174633 -5.454207 7.005783
v -36.006973 -3.739393 6.820338
v -34.345722 -3.797063 -7.392336
v -37.311180 2.338197 -11.096819
v -37.049561 4.530900 -11.659099
v -31.822285 -3.747593 6.088118
v -38.534607 -3.992671 2.339115
v -37.129570 -5.716313 -4.048952
v -36.523575 -3.996298 2.271723
v -36.906727 14.107586 -14.927270
v -36.291805 -5.419353 -4.033639
v -33.604412 4.770552 -11.765870
v -35.804066 4.294467 -13.415500
v -35.616119 -5.248106 17.074715
v -34.051838 -3.700547 12.873126
v -35.842659 -3.952560 6.917123
v -36.472996 -5.447783 2.293015
v -33.935070 4.126297 -11.554923
v -32.408001 10.600301 -13.597845
v -36.472569 9.563164 -13.432888
v -36.638329 9.282339 -15.066463
v -31.982052 -3.687537 16.988605
v -32.296787 -3.719938 7.871846
v -32.419075 -3.780282 -2.752228
v -35.113350 5.544301 -12.257263
v -32.867237 -7.001928 16.596087
v -36.017399 -4.512297 6.969930
v -32.438160 -3.839906 -4.147594
v -35.093288 5.737358 -12.248161
v -34.621426 13.982004 -14.665153
v -34.482056 4.496625 -12.847908
v -31.659361 6.849976 -12.509205
v -33.343636 8.545581 -13.002312
v -32.528080 -4.491070 2.269091
v -32.163136 -3.960589 2.244088
v -31.868404 -4.025090 -4.093949
v -33.372540 4.751528 -11.878054
v -33.264297 11.865387 -13.977464
v -33.264069 15.714939 -15.085233
v -34.862141 -6.470723 16.581947
v -30.193382 -3.784722 -4.751640
v -32.821819 1.268861 -10.819862
v -33.315529 4.621403 -11.696459
v -33.851830 9.237582 -15.045292
v -34.600140 14.086278 -14.931916
v -30.235237 18.948280 -16.534840
v -33.335255 -5.417245 11.615248
v -32.351608 -5.439780 2.272556
v -31.712463 -3.745534 1.900912
v -30.910461 9.542176 -13.309844
v -32.442616 18.157169 -15.904365
v -32.303696 -5.453717 7.007772
v -32.153622 -4.504085 6.970213
v -31.550900 -3.751786 3.479128
v -31.955837 -5.427614 -4.032873
v -32.663879 -8.493833 16.684992
v -26.096439 -3.811135 -9.387810
v -26.070265 -3.825906 -9.668170
v -33.406578 4.299808 -13.424236
v -29.533794 9.292198 -13.207829
v -33.557384 14.028356 -14.632618
v -29.597837 18.975849 -16.250837
v -31.717850 -5.837070 17.030357
v -32.649914 -6.477215 16.541739
v -31.921339 -5.704045 -4.040464
v -31.594738 -4.461116 -4.059821
v -30.449400 -3.810024 -4.417487
v -31.152328 -5.334990 17.082443
v -29.306221 -3.906856 17.133007
v -31.451057 14.101233 -14.918270
v -30.123201 11.695521 -13.909434
v -30.263767 13.304412 -14.429291
v -30.187363 -3.730075 11.472931
v -31.042501 -3.949557 6.920596
v -31.492105 -3.740996 6.819058
v -29.633913 -4.700346 11.468442
v -29.672489 -3.757313 2.129859
v -28.861341 1.267414 -10.849097
v -29.503750 4.247594 -11.608086
v -30.662462 9.317124 -14.405321
v -31.083906 14.008691 -14.665704
v -29.184013 16.110788 -15.243236
v -30.797323 -5.413135 7.048194
v -30.018517 8.818177 -13.072524
v -30.711740 -3.765505 -2.333979
v -27.773401 4.585340 -12.474960
v -27.995935 4.295588 -13.287399
v -29.553150 13.780479 -14.576731
v -29.086155 -8.490248 16.723963
v -29.320347 -7.067503 16.641405
v -30.394659 -4.495264 7.021511
v -29.415932 -3.897622 -4.162584
v -29.416571 4.723345 -11.888518
v -29.769173 -6.516584 16.599936
v -28.881594 -3.757959 6.772792
v -29.473862 -4.492836 2.221703
v -29.948307 13.656218 -16.483135
v -26.266739 -3.706260 11.235126
v -29.437675 -5.446335 2.220109
v -29.409603 -3.955653 2.197655
v -28.824991 -5.648586 -4.081396
v -24.060801 -3.811186 -7.978003
v -29.296801 -3.707024 17.099579
v -28.558584 -5.440057 6.992217
v -26.112982 -3.755033 -0.228572
v -28.700182 -4.466422 -4.109056
v -28.731972 18.010920 -15.888745
v -23.971004 8.677749 -13.041044
v -27.361023 14.133113 -14.926838
v -24.902954 -5.255119 17.093815
v -28.585705 -4.473185 6.992956
v -28.498835 -3.948613 6.880547
v -27.161879 -3.732654 1.878007
v -27.727362 9.549012 -13.322283
v -25.317371 15.337042 -15.019577
v -20.892199 -3.691905 14.987780
v -27.038517 -5.044763 7.023534
v -23.491365 -3.774861 -2.314198
v -25.371716 4.619751 -11.718183
v -25.691341 -3.726363 11.455577
v -25.573841 -3.758742 3.583163
v -25.198645 -4.454781 -4.117705
v -25.655170 -3.909681 -4.199731
v -24.962004 -3.799247 -6.772920
v -24.643053 3.539456 -11.434505
v -26.125521 6.932456 -12.525176
v -25.235027 9.035597 -15.297070
v -25.385147 14.893616 -14.907337
v -24.329721 18.898964 -16.232483
v -23.674337 -7.262132 16.595215
v -23.730734 -6.497719 16.560816
v -26.846622 -4.694701 11.465997
v -24.899817 -4.061734 -4.146673
v -23.836773 -3.846381 -4.378016
v -25.243973 10.609502 -13.620312
v -21.677925 14.009238 -14.668106
v -26.238123 13.667060 -16.491348
v -24.288549 -8.520829 16.676680
v -26.944637 -4.470509 7.015244
v -26.633701 -3.961240 6.896575
v -24.265053 -3.760903 2.149432
v -23.008263 -3.790884 -4.755552
v -23.999451 4.228905 -11.593895
v -25.484995 4.742520 -11.886925
v -25.130009 11.658994 -13.921024
v -20.735380 18.950895 -16.298729
v -24.864466 -5.828499 17.024641
v -24.108549 -5.446874 6.952911
v -24.208366 -3.758207 6.751023
v -25.333986 -4.611128 2.233768
v -23.547537 -3.794025 -2.749766
v -25.859142 5.913336 -12.280930
v -23.849068 -5.436438 2.254097
v -20.956347 -5.440761 -4.071374
v -25.415348 4.508192 -12.791283
v -23.809395 -4.461562 6.935873
v -23.830574 -3.996083 2.224902
v -24.550823 1.276766 -10.869496
v -25.131725 4.661405 -12.245298
v -25.172392 4.300071 -13.325033
v -23.490902 9.532245 -13.302617
v -21.741232 16.387707 -15.366415
v -24.330229 -4.750047 11.435964
v -23.835403 -5.046551 6.962768
v -20.467836 -3.750214 1.863328
v -23.323532 9.313702 -14.249310
v -20.157129 -3.710503 11.220444
v -21.784975 -3.748632 4.031583
v -22.964325 13.667723 -16.417093
v -23.759235 -3.932020 6.833371
v -23.085258 12.831059 -14.306844
v -19.783518 -3.728186 7.934175
v -22.153357 13.775355 -14.572448
v -23.379656 9.004948 -15.238834
v -23.417006 -4.500318 2.259337
v -23.146183 5.511729 -12.239622
v -21.629850 5.907768 -12.279464
v -20.686289 6.851189 -12.515772
v -22.288048 4.355776 -13.087066
v -23.167177 14.115542 -14.922761
v -19.196207 -3.683870 17.055096
v -18.931753 9.339570 -13.221217
v -19.802418 10.629419 -13.619202
v -21.011488 -4.717607 11.429216
v -20.531822 -5.699565 -4.084649
v -18.426666 11.543544 -13.873566
v -19.633945 12.256581 -14.103581
v -20.874247 -7.473046 16.600817
v -21.025906 -3.735518 11.437066
v -20.529720 -4.047536 -4.128146
v -20.836254 15.277284 -15.011199
v -19.489479 -5.836886 17.042883
v -19.733971 -3.708202 12.593381
v -19.953779 -4.486397 7.011913
v -20.858322 -3.991763 2.205287
v -18.531784 -3.765750 -0.581549
v -18.011635 4.573534 -11.694893
v -19.974922 -5.442509 7.022639
v -20.949883 -5.433591 2.234386
v -20.630478 -4.539388 2.243958
v -20.414564 -4.481241 -4.092629
v -20.199841 -3.899613 -4.172244
v -21.038845 14.133901 -14.925389
v -18.009270 14.901492 -14.947056
v -20.570948 13.670168 -16.433832
v -19.732897 -5.043659 7.033135
v -20.407948 -3.951581 6.893064
v -20.192362 -3.757648 6.785687
v -20.271904 -3.774375 2.142327
v -19.135502 9.520811 -13.300818
v -21.011307 9.285982 -14.330815
v -20.672310 9.006393 -15.229169
v -20.021482 18.029226 -15.919618
v -19.392904 -3.783568 -4.717685
v -19.044353 -3.812697 -9.619387
v -15.498121 1.576071 -10.976892
v -18.244558 4.673247 -11.885334
v -20.020699 18.900126 -16.233418
v -18.276001 -5.310996 17.090073
v -9.556520 -4.374180 17.121080
v -17.313259 1.252905 -10.895705
v -18.935019 8.943674 -13.099907
v -17.884424 13.961067 -14.583783
v -19.819242 14.102002 -14.666652
v -18.791368 -7.697874 16.585600
v -18.140898 -6.503972 16.568859
v -18.631865 -3.844319 -4.371225
v -14.958398 3.794476 -11.491061
v -19.230675 5.514589 -12.266575
v -17.568388 8.525843 -13.002053
v -16.740772 -3.776615 -2.749032
v -16.549234 -3.807888 -8.223251
v -18.135040 4.323709 -13.063313
v -18.156675 -5.435988 2.301383
v -18.896036 9.479057 -13.429285
v -18.125601 9.242887 -14.344191
v -18.129484 9.013352 -15.017055
v -16.731388 -8.584814 16.544790
v -15.931861 -3.692019 10.940871
v -16.385433 -3.748527 6.311481
v -17.988031 -3.999124 2.304530
v -16.611769 4.254371 -11.585011
v -18.367292 4.588100 -12.291324
v -17.929359 13.976976 -15.421344
v -13.409174 -3.743650 3.967337
v -17.919558 -4.546702 2.322408
v -17.604088 -3.760157 -2.401195
v -16.720453 6.959582 -12.576457
v -17.667059 15.292511 -15.036799
v -17.297400 16.257368 -15.341191
v -17.262135 18.827585 -16.233492
v -17.818371 -3.744720 6.820995
v -15.874047 -3.953156 -4.199345
v -17.327568 -3.771824 -4.733949
v -17.052660 5.892077 -12.331888
v -16.402985 -3.671009 13.997662
v -16.544714 -3.677290 12.546901
v -17.429785 13.705585 -16.206379
v -17.320887 -3.839192 6.968760
v -14.710508 -3.781073 3.547045
v -16.092594 5.504854 -12.296399
v -12.665950 11.490895 -13.879359
v -15.623668 12.828820 -14.271385
v -14.695016 18.785244 -17.122868
v -13.749835 -3.759201 -0.361273
v -12.056910 9.301958 -13.221721
v -12.133459 9.421932 -13.415034
v -15.012593 17.964567 -15.919966
v -14.897978 -6.498822 16.552984
v -13.813482 -3.769171 2.235094
v -14.500570 -5.423178 -4.121999
v -13.243936 -4.138011 -4.158616
v -13.938123 9.345358 -13.843390
v -14.732782 14.048747 -14.663561
v -13.516423 14.114884 -14.944370
v -14.130455 9.009356 -14.980376
v -13.867441 -5.801639 17.029039
v -12.217278 -5.308214 17.093924
v -11.742574 -3.671717 15.234203
v -15.509393 -4.638123 7.172406
v -14.491655 -5.439150 2.331825
v -12.442114 -3.737838 1.938150
v -12.723592 10.605700 -13.641434
v -14.380634 -4.048932 7.127589
v -12.492592 -3.852262 -4.409353
v -13.578907 4.710858 -11.891384
v -12.543005 4.375765 -13.011102
v -13.648550 8.938735 -13.098462
v -11.694681 14.893019 -14.946271
v -8.296120 18.956776 -16.340521
v -8.114673 18.940569 -16.554329
v -13.954301 -5.403681 11.319386
v -13.730642 -3.721773 11.317812
v -12.443220 -3.810033 -9.404937
v -8.795006 -3.839051 -9.663197
v -7.314377 -3.665803 16.976862
v -7.608317 -3.705084 8.656935
v -11.375714 1.248535 -10.910900
v -11.763985 13.886163 -14.596207
v -12.503391 4.634169 -12.279617
v -11.598750 5.830081 -12.303481
v -7.994362 18.379799 -16.074718
v -10.537698 18.784624 -16.231188
v -8.197526 -8.580369 16.521753
v -11.261230 -4.052828 7.127250
v -13.225953 -3.839002 2.395139
v -12.460125 -4.019541 -4.213499
v -9.658165 4.258976 -11.591037
v -8.691880 4.589044 -11.704890
v -11.038321 12.658195 -14.251048
v -9.437201 15.284389 -15.038735
v -9.512864 -3.685456 12.514862
v -8.071961 -3.772680 -2.372818
v -12.283089 -4.147362 -4.172615
v -10.515331 9.263128 -14.139297
v -11.089616 -4.434979 7.164555
v -9.206077 8.689619 -13.044324
v -9.269261 16.320360 -15.373247
v -7.445575 -3.706894 17.156172
v -8.581867 -6.462171 16.561815
v -11.020859 -5.405779 11.283509
v -11.165918 -3.845079 6.942739
v -9.397897 -3.747367 6.805103
v -9.663529 -3.776151 -4.716513
v -8.876189 6.853109 -12.534676
v -11.236217 14.058353 -14.672223
v -10.768385 -3.798780 2.446366
v -11.132581 5.495967 -12.255953
v -8.890306 9.013998 -14.932007
v -8.009634 -7.428679 16.531597
v -7.120732 -3.692673 10.891025
v -6.996651 -5.382049 -4.143637
v -8.260430 -3.814410 -7.712309
v -8.445086 3.536983 -11.441089
v -7.590159 4.373204 -12.939948
v -7.580873 -3.673427 14.075024
v -7.845193 -3.743421 11.289670
v -7.953366 -3.746230 5.872881
v -5.079794 -5.811321 17.076097
v -6.119679 -5.037689 7.248284
v -7.497381 -3.748679 3.890174
v -6.975464 -3.769303 -0.501500
v -6.193214 -3.780181 -2.753705
v -7.249240 -4.137386 -4.161539
v -7.554161 -3.809677 -9.401951
v -3.927875 13.964641 -14.561239
v -8.637817 -3.953341 -4.204539
v -4.167662 11.592654 -13.882967
v -6.676620 -5.332970 17.101210
v -7.616097 -3.712330 11.188572
v -8.258847 -5.390070 11.286593
v -8.013972 -5.445802 2.423924
v -2.219294 1.591637 -10.972191
v -7.730513 4.619443 -12.269261
v -6.472603 8.956750 -13.086470
v -4.262748 12.501374 -14.163507
v -4.279305 13.469332 -14.441974
v -8.725419 -3.797521 2.393388
v -6.770235 9.452411 -13.420947
v -8.224330 9.300385 -14.059494
v -4.882334 14.114909 -14.655342
v -7.157547 -3.752145 1.917597
v -6.676917 -3.848261 -4.390356
v -7.003765 8.885597 -15.129404
v -7.137514 -3.767645 7.004654
v -5.789305 5.902856 -12.321837
v -1.777313 5.490810 -12.274204
v -4.153242 9.316122 -13.194523
v -5.490098 14.900205 -14.944536
v -2.741875 18.781227 -16.234608
v -2.180514 18.777273 -17.117685
v -7.513588 -4.061660 11.259032
v -5.328244 -3.966282 7.193144
v -5.891026 -3.749743 -4.724041
v -6.434102 -6.448932 16.493011
v -4.611094 -4.119112 11.150201
v -5.142994 -4.489253 7.252015
v -5.923208 -3.884739 2.390922
v -5.304039 -5.437071 2.413739
v -6.008254 -4.014287 -4.201082
v -2.017360 10.635615 -13.639825
v -3.474377 17.253283 -15.691602
v -4.754811 -3.648142 12.498422
v -5.155215 -3.702533 11.110591
v -5.052729 -3.772595 2.204878
v -3.019588 4.264937 -11.546499
v -4.260054 9.200712 -14.361473
v -3.951622 -3.636493 16.948971
v -4.604512 -3.644513 14.351501
v -4.098046 -3.751196 -0.718828
v -4.033913 -3.735348 -4.761223
v -4.155022 -3.761314 -7.202869
v -4.422842 -3.776794 -9.404674
v -3.379391 4.720873 -11.879079
v -3.238866 8.698263 -13.012853
v -4.366884 -7.191136 16.429123
v -4.470768 -3.672585 7.841424
v -3.956315 -3.711313 6.820240
v -3.053831 -3.714385 3.920599
v -2.708079 -3.723150 0.346864
v -5.078696 -3.743613 -2.357230
v -2.094782 -4.455117 -4.100509
v -4.425492 -3.808142 -9.667892
v -2.393848 3.803361 -11.458920
v -3.450134 -3.654697 10.897770
v -4.013341 -3.769853 7.047938
v -2.548221 -5.701067 -4.110930
v -2.231539 6.896186 -12.538774
v -4.358627 -6.412036 16.414581
v -2.577229 -5.382308 -4.091747
v -4.045858 4.634741 -12.275316
v -2.832402 15.350299 -15.053185
v -0.439615 -4.992775 17.097572
v -4.484925 -4.009748 2.347094
v -4.713141 -5.710660 2.324138
v -3.432091 8.999669 -14.969875
v -2.232099 13.713216 -16.027464
v -2.891678 -5.450458 2.365262
v -0.915180 -3.708820 1.895503
v -2.826414 -3.980407 -4.169701
v -2.607936 4.598958 -11.667354
v -0.425172 -3.689883 17.135828
v 1.450159 -3.620601 17.047054
v -3.476773 -4.006803 7.187520
v -2.591311 -3.847047 -4.366540
v 0.512857 1.252696 -10.907177
v -3.387615 -4.481856 7.230724
v 0.573299 -3.704115 6.836397
v -1.163685 9.255122 -14.089345
v -1.421984 14.081650 -14.931602
v 0.471939 8.955643 -13.085856
v 1.408873 14.895679 -14.943683
v -1.449196 -4.157712 11.178830
v -1.098429 -3.758906 2.225617
v 0.329045 -3.743673 -0.661166
v 4.551335 -3.779950 -8.275183
v 0.670638 5.877083 -12.317652
v 0.648611 -5.801118 17.064875
v -0.151908 -3.638024 15.180019
v 1.567221 -3.645653 12.478006
v 1.347617 -3.664826 7.817432
v -0.760165 -4.487895 7.248119
v -0.818016 -3.743426 7.120892
v 0.865766 -3.732502 -2.385334
v 1.116079 8.998594 -14.916829
v -0.536948 -3.954717 7.201387
v 0.542777 -3.765655 -2.745674
v 1.456204 14.077050 -14.664813
v 0.767864 16.361540 -15.390646
v 0.576496 -3.692936 11.105399
v 2.397063 -4.086255 -4.129480
v 4.465772 -3.771402 -9.392117
v 1.676335 9.292514 -13.209731
v 2.511280 17.770840 -15.871904
v 2.937275 18.957306 -16.344677
v 5.386622 18.940308 -16.550772
v 4.107839 -7.377439 16.415117
v -0.258574 -3.893897 2.400331
v 6.675254 -3.941535 -4.166532
v 1.898296 9.397336 -13.410703
v 3.724879 15.268330 -15.033590
v 0.917801 13.668006 -16.213739
v 0.799880 -6.420348 16.416004
v 2.418870 -3.728315 -4.748493
v 0.838748 6.903934 -12.549932
v 1.331303 13.922348 -14.569996
v 3.310365 4.714519 -11.881482
v 2.742788 4.622294 -12.276070
v 1.275081 8.659033 -13.026630
v 1.182756 -4.069974 11.129658
v 4.005112 -3.706332 6.802942
v 3.386254 4.271492 -11.563663
v 1.157564 -4.074088 7.175376
v 1.882504 -3.874481 7.018310
v 0.875269 -5.440755 7.072879
v 2.240702 9.265392 -13.999405
v 4.208052 -3.747621 -0.569348
v 4.476922 -5.385274 -4.070274
v 3.506320 5.493370 -12.259100
v 2.409805 14.087193 -14.943787
v 5.512325 -3.693215 17.142105
v 4.367052 -5.473149 11.097591
v 4.108229 -3.716470 3.913706
v 4.723783 -3.737308 -4.739841
v 6.593354 2.630069 -11.220303
v 3.974561 10.619652 -13.637338
v 4.018250 -5.442006 7.084297
v 3.351583 -3.754510 2.253829
v 3.337234 -4.437823 -4.086146
v 4.790876 -3.804765 -9.663257
v 4.569240 4.600606 -11.685500
v 5.708264 -3.637527 14.253827
v 5.344162 -3.650321 10.887459
v 4.701456 -3.860504 2.407639
v 4.717785 -3.719457 1.848874
v 4.370767 -5.688413 -4.091614
v 3.769972 18.818489 -16.247236
v 4.763621 -5.804699 17.076923
v 4.086176 -6.425196 16.401722
v 4.593478 -4.056649 11.120850
v 5.527807 -3.623918 17.011009
v 8.505683 3.865175 -11.508349
v 5.693646 8.963841 -13.087832
v 4.885289 9.266715 -14.110137
v 4.527154 9.004126 -14.964010
v 6.570547 16.565594 -15.458749
v 5.535936 -3.680075 7.825360
v 5.717210 13.971828 -14.555878
v 4.759891 14.141238 -14.655915
v 4.972425 14.108106 -14.931320
v 4.759126 -4.049087 7.179882
v 5.473166 9.422589 -13.406874
v 6.503797 18.808649 -16.987749
v 8.607556 -3.697538 11.094590
v 4.813666 -3.853942 7.034937
v 5.975963 9.307521 -13.201814
v 8.509740 11.527521 -13.851649
v 7.471679 -3.780171 -2.382191
v 9.002025 -3.834640 -2.764257
v 7.185889 -3.859197 -4.342863
v 7.394273 14.891440 -14.982003
v 8.941194 18.398916 -16.056143
v 7.233150 -3.747140 6.748398
v 8.012878 1.268095 -10.891379
v 7.769625 4.602549 -12.265694
v 5.951162 6.908940 -12.546120
v 6.558220 13.700036 -16.077858
v 6.938155 -6.436716 16.464928
v 9.295907 -3.637851 12.490406
v 7.125013 -5.472899 7.001697
v 9.135219 -4.057112 2.461205
v 7.695140 -3.751002 6.575603
v 8.842249 4.243879 -11.586105
v 7.958702 4.688496 -11.896101
v 10.223077 5.879200 -12.312468
v 8.185907 -7.282768 16.506849
v 6.653230 -4.160873 11.137132
v 7.682265 -3.814040 2.270916
v 7.452397 -3.787270 -0.421684
v 7.171664 8.994586 -14.935158
v 7.153566 14.089364 -14.915468
v 10.140912 -3.637878 10.871401
v 7.805267 -3.767746 1.909387
v 8.804115 -5.720698 -4.070914
v 8.379928 -4.419929 -4.075399
v 9.036061 -4.060885 -4.116011
v 8.105970 -3.794740 -4.723965
v 8.846080 -3.845440 -9.661037
v 7.106732 9.261583 -14.052840
v 9.666592 13.567578 -14.472034
v 8.975534 14.087530 -14.655513
v 7.775327 15.299600 -15.080752
v 10.571871 13.681689 -16.145718
v 7.738791 -4.996613 7.045086
v 7.500817 -3.937124 6.889208
v 8.360945 -3.759184 4.525147
v 8.540127 -3.777640 3.887493
v 7.553221 -3.815564 -9.406304
v 8.260065 -8.604841 16.527094
v 10.147395 -3.630512 15.257599
v 9.978271 -3.691838 7.813637
v 8.421875 -5.399096 -4.048042
v 8.400047 -3.820782 -7.430763
v 11.341066 10.232987 -13.573454
v 8.543387 10.621314 -13.619755
v 14.565383 -5.777543 17.039627
v 8.977030 -4.082490 11.101412
v 8.203217 -4.448972 7.030211
v 9.780401 -3.888297 2.434470
v 9.008722 9.253866 -14.138364
v 15.625874 -5.341140 17.077871
v 12.366098 -3.683640 17.134844
v 10.820549 6.926473 -12.559395
v 11.897527 8.954922 -13.114939
v 9.807312 9.421303 -13.420283
v 10.450861 -5.447536 6.936404
v 10.297276 -3.958547 6.842160
v 11.125039 4.593117 -11.709947
v 12.814635 12.161646 -14.067461
v 14.631073 17.950092 -15.901861
v 12.642368 18.878584 -16.243013
v 11.926787 18.768629 -17.089270
v 13.064548 -3.610729 17.028833
v 11.640380 -6.434660 16.495058
v 12.519175 5.487773 -12.256175
v 16.472715 16.445850 -15.417538
v 10.743692 -4.431237 6.982517
v 13.477309 -3.779418 6.561454
v 11.581918 -3.756842 6.038142
v 11.653619 -3.764812 1.923308
v 10.421019 -5.329825 -4.069332
v 10.533532 -4.395250 -4.091216
v 13.317495 18.951029 -16.311249
v 11.506369 -4.102598 11.121928
v 10.838162 -4.991601 6.989416
v 12.440032 -3.821615 2.330809
v 11.413691 -3.790337 -0.656237
v 16.199011 -3.796965 -2.352789
v 16.305195 -3.963271 -4.156205
v 11.794958 4.710680 -11.896628
v 12.186217 4.628155 -12.268810
v 13.333919 -6.474626 16.493092
v 12.146445 -5.251842 11.092097
v 13.895308 -3.835778 -9.394663
v 12.685416 9.260839 -14.111528
v 12.064806 14.092227 -14.940454
v 14.423616 -3.630039 12.486485
v 13.414047 1.265850 -10.910158
v 12.953059 11.430482 -13.845779
v 12.745932 -3.650309 10.888667
v 12.284125 4.398397 -12.873543
v 13.085558 9.291642 -13.233485
v 12.271139 10.614244 -13.635724
v 13.211000 13.892222 -14.584874
v 14.762507 -3.616537 15.759870
v 13.381952 -5.702785 -4.035571
v 16.510044 15.319516 -15.082239
v 13.170281 13.686768 -16.186543
v 16.463568 18.917828 -16.538811
v 13.902741 -4.986067 7.013886
v 14.679466 -3.760020 6.553813
v 12.891802 -3.882733 2.440436
v 17.065096 -3.776151 1.927600
v 14.814465 4.265933 -11.622798
v 14.056095 14.034808 -14.672911
v 14.265765 -3.956840 6.845509
v 14.879556 -3.766811 3.950892
v 13.457907 8.625671 -13.040327
v 13.915833 -4.434148 6.993613
v 15.317841 -4.099613 11.100095
v 16.416758 -5.426325 6.999830
v 15.209974 -3.795375 -1.101294
v 16.332228 4.570338 -11.722747
v 15.431401 4.676300 -11.892728
v 15.251591 4.384521 -12.836864
v 16.614508 6.871618 -12.563164
v 17.605663 -7.493139 16.543913
v 15.516697 -3.700661 11.080044
v 14.945536 -4.065295 2.394160
v 15.800193 -4.434629 -4.071653
v 15.324095 9.386780 -13.416832
v 15.351725 14.078642 -14.939286
v 17.186281 14.888021 -14.968805
v 14.017910 -5.432924 2.392967
v 14.920589 -5.016143 2.363260
v 16.445719 -4.081572 -4.102863
v 17.650372 -3.870338 -4.356135
v 16.633215 3.544952 -11.460970
v 15.320295 4.596060 -12.259240
v 16.749132 -8.587235 16.571993
v 16.248928 -3.652243 10.879451
v 15.050695 -3.820662 2.214705
v 18.778688 -3.834118 -2.736187
v 17.981785 -3.796668 -4.738203
v 19.209015 10.618153 -13.605289
v 18.359589 -3.633704 13.521678
v 16.864161 5.895740 -12.334322
v 21.687845 9.294621 -13.222208
v 16.728205 13.481944 -14.460356
v 17.741470 18.773874 -17.018404
v 21.978172 -3.623150 17.044077
v 19.262783 -3.702956 7.774930
v 17.743938 -5.711606 2.308031
v 15.841118 -4.069294 2.393603
v 16.838137 1.258215 -10.906510
v 16.146637 5.500913 -12.275778
v 24.375446 11.604939 -13.884624
v 19.986919 12.603366 -14.202088
v 16.592915 -4.975996 7.062120
v 16.663544 -4.449286 7.043740
v 17.358845 -3.959324 6.880989
v 19.024488 -3.768230 6.567526
v 17.008865 13.940718 -14.577158
v 17.963678 -4.057881 17.121849
v 21.874533 -3.613090 16.684132
v 23.254675 -3.644416 12.519590
v 17.970276 -5.419226 2.402130
v 17.557924 -5.678569 -4.024499
v 18.017464 -3.819189 -7.382400
v 19.225016 14.073485 -14.659480
v 18.233398 13.639073 -16.239895
v 18.682508 -6.461674 16.493790
v 17.785824 -4.157913 2.406559
v 17.938475 -4.015034 2.376350
v 17.780104 -5.013968 2.378402
v 20.589302 -3.778994 -0.880949
v 19.775230 -3.818908 -9.647961
v 19.164013 -4.032877 11.135237
v 19.612936 -3.710837 11.112005
v 21.609392 -3.790692 3.919563
v 18.136173 -3.814826 2.224020
v 20.254553 4.304220 -13.095840
v 21.204580 4.694334 -11.874367
v 20.512707 4.601953 -12.257962
v 20.032276 8.935323 -13.110350
v 18.844044 14.069473 -14.936761
v 19.537130 18.117294 -15.934370
v 20.714422 2.656698 -11.217767
v 21.080109 4.245777 -11.593850
v 19.761595 9.247651 -14.060716
v 21.000536 15.692946 -15.151897
v 20.567850 -7.277740 16.561388
v 19.686771 -5.447531 6.984230
v 21.291132 4.593683 -11.702178
v 19.048717 -5.421627 11.121255
v 20.515772 -4.503540 -4.014783
v 19.675232 -4.069167 -4.054420
v 19.862831 -3.908513 -4.123979
v 19.758017 -5.005979 7.027722
v 19.787319 -4.450828 7.017195
v 20.969507 -4.975336 2.329770
v 20.597603 1.270566 -10.865325
v 22.024111 6.839587 -12.512147
v 22.688301 8.548547 -13.012480
v 21.853582 14.891822 -14.939376
v 20.849688 -3.951193 6.864890
v 21.172461 -3.789421 -2.376358
v 20.869513 -3.834099 -4.343781
v 21.246279 -5.719078 2.295954
v 22.789297 -3.814345 2.205320
v 20.837919 -5.707214 -3.963267
v 24.634960 13.833489 -14.579425
v 22.000256 14.099552 -14.924932
v 22.232012 13.658791 -16.263624
v 21.968237 18.756657 -17.114605
v 21.333105 -5.446788 2.351810
v 25.082895 -3.804450 -6.581522
v 22.041481 -5.415621 11.272986
v 23.299940 -3.678247 10.923199
v 21.145332 -4.016557 2.323559
v 22.454338 -3.769382 1.881077
v 25.745089 18.950903 -16.240234
v 22.698071 -6.473001 16.494022
v 22.577751 -5.436661 7.053540
v 22.453392 -5.005601 7.081663
v 24.879913 -3.805573 -4.731270
v 23.255522 -4.455204 7.065904
v 22.774570 9.390999 -13.409640
v 27.819738 18.911001 -16.524834
v 23.158190 -8.475731 16.679300
v 22.946888 -5.327421 17.071159
v 24.210588 -6.504059 16.512224
v 25.468769 -3.820443 -9.379928
v 22.550968 9.182532 -14.364541
v 24.352520 15.298606 -15.035480
v 25.091166 16.476789 -15.383393
v 24.412727 -5.707604 -3.954516
v 23.535912 4.279590 -13.108576
v 23.725437 -4.032843 2.362479
v 28.541401 -3.889996 -4.116633
v 24.558155 4.571427 -12.258371
v 25.174232 10.618276 -13.597244
v 24.672113 14.022151 -14.667479
v 26.848024 -3.774048 -0.614478
v 28.396204 -3.843169 -2.729274
v 25.812843 12.876693 -14.301008
v 27.919695 18.081667 -15.907087
v 24.512730 -5.448169 2.380111
v 25.726839 1.286459 -10.866982
v 24.787228 4.667583 -11.879946
v 27.267916 -3.636717 12.876543
v 26.687792 -4.953245 11.361264
v 25.033089 -4.971910 7.064539
v 24.830706 -4.993345 2.350345
v 24.465637 -4.486935 -4.002564
v 27.405622 -4.062001 -4.044472
v 28.270536 6.867125 -12.519808
v 25.238991 9.422559 -13.415935
v 24.810406 14.117508 -14.934186
v 25.147713 13.680033 -16.268608
v 27.048168 -3.685413 11.193866
v 24.953484 -4.019828 2.363686
v 26.077934 3.825122 -11.507851
v 29.015127 4.590037 -11.722690
v 25.942608 9.223673 -14.386921
v 26.472496 -8.473414 16.762863
v 25.283810 -6.104534 16.685173
v 26.876778 -5.437649 7.023779
v 26.535139 -5.711319 2.349332
v 28.270134 -3.793333 -2.337070
v 26.374817 -5.344031 17.084633
v 26.330942 -7.254115 16.640398
v 26.882223 -3.720039 11.377007
v 26.366991 -3.937621 6.866741
v 25.633150 -3.790616 2.207227
v 29.704744 4.265596 -11.626034
v 28.156624 4.383675 -12.891721
v 27.511852 -3.753389 1.895583
v 27.461859 14.895781 -14.891837
v 28.884224 -3.606649 16.714512
v 26.802883 -3.663136 12.577390
v 28.769684 -6.510548 16.619520
v 26.847033 -4.459567 7.001425
v 30.230049 -3.777202 3.923800
v 27.675980 -4.782105 2.320707
v 28.544518 -6.119233 16.695143
v 27.269777 -5.005450 7.034841
v 30.922356 -3.791425 3.579969
v 32.229435 -3.806964 -9.650831
v 29.593628 1.275015 -10.863146
v 33.088078 9.324101 -13.215650
v 28.337357 13.991830 -14.666655
v 31.888327 -3.611485 17.019730
v 28.014479 -4.009478 2.304030
v 28.758421 -4.473886 -4.000194
v 31.991833 8.948071 -13.098449
v 28.670919 13.879171 -14.600883
v 28.062820 14.063569 -14.928848
v 30.155787 -5.685889 -3.956668
v 32.013275 8.673989 -13.032166
v 30.747101 11.534160 -13.840730
v 29.530922 16.111311 -15.254369
v 29.597872 13.638327 -16.203146
v 28.995939 4.687674 -11.885514
v 29.987484 18.736671 -17.119612
v 29.009178 -8.504078 16.792250
v 30.068308 -3.693481 9.316307
v 30.126614 -4.486501 7.028333
v 31.776602 -5.710076 2.342945
v 32.748905 4.331238 -13.121119
v 30.278440 18.931049 -16.213772
v 29.514038 -7.435357 16.691362
v 29.518864 -4.687316 11.360363
v 29.590931 -3.713889 11.375014
v 30.941053 -3.955967 6.893645
v 31.521955 -3.803642 -4.352456
v 31.488682 -3.788585 -4.789239
v 29.496626 4.595556 -12.264658
v 31.599934 13.253655 -14.401194
v 30.583773 -5.437955 7.067680
v 32.251339 -5.429298 2.339512
v 30.402309 -3.760084 1.871715
v 33.277252 -3.801205 -7.910114
v 34.281750 10.617849 -13.577316
v 30.021471 -5.013153 7.076047
v 32.126980 -3.759978 6.794308
v 30.659502 -4.513995 2.325283
v 32.054440 14.899937 -14.882421
v 31.169668 -3.787369 2.184806
v 32.257500 9.441019 -13.411953
v 31.937706 14.033701 -14.914898
v 32.984634 -6.518476 16.598783
v 30.677574 14.036903 -14.664561
v 33.302803 18.103558 -15.867200
v 35.965363 18.986193 -16.281225
v 33.645329 -5.330689 17.058561
v 33.004738 -8.112255 16.719488
v 31.984118 -5.456623 7.073425
v 34.068851 -4.524941 -3.956876
v 35.141335 -4.027141 -3.988948
v 34.534653 3.511469 -11.401634
v 34.747711 -3.673703 12.589037
v 33.648006 -4.641344 11.478292
v 35.880394 -3.679245 11.265841
v 31.858713 -4.465289 7.014580
v 33.768215 -3.981097 2.279973
v 31.896973 -3.779855 -2.360613
v 32.537491 -3.813072 -2.732590
v 33.545067 6.847949 -12.500098
v 34.741199 13.665998 -16.314564
v 34.847374 -3.640114 12.909972
v 32.898964 -3.709856 11.457293
v 32.293667 -3.843710 -4.099159
v 33.128166 1.282582 -10.821204
v 34.664551 4.590199 -11.679338
v 33.688362 5.535701 -12.182468
v 32.564541 9.248190 -14.446274
v 36.088299 -3.754436 0.095326
v 33.946617 -5.709846 -3.905968
v 32.612385 13.926976 -14.565591
v 33.146767 16.038525 -15.192952
v 35.824730 -3.611903 17.006689
v 34.669144 -5.010074 2.292103
v 34.386650 -3.952264 6.923582
v 36.618122 -3.769850 4.169673
v 34.505989 4.247675 -11.575753
v 34.789669 4.595654 -12.240602
v 34.785046 14.057519 -14.916114
v 36.210667 18.699711 -17.272106
v 36.410400 4.684595 -11.858695
v 36.863953 14.058981 -14.660146
v 36.187126 11.647711 -13.883767
v 34.066704 -5.448833 2.311923
v 37.423317 -3.834410 -4.065986
v 37.142323 8.855019 -13.083663
v 38.143539 12.852882 -14.272569
v 37.178432 13.894650 -14.569125
v 37.677944 -3.740575 1.894376
v 35.334827 4.313038 -13.137076
v 37.036289 -6.548372 16.642088
v 37.193237 -6.092708 16.663103
v 37.892265 -5.403204 11.525277
v 37.946438 -4.050517 11.494915
v 36.397522 -5.445100 7.099901
v 37.451023 -4.490089 7.042384
v 36.222725 -3.764132 2.190929
v 36.124115 -3.797003 -2.585529
v 37.513794 -4.733804 -3.912490
v 39.641750 1.264044 -10.836371
v 36.253502 5.492108 -12.192329
v 37.050545 9.255085 -14.375227
v 42.112602 -8.555883 16.867764
v 42.201122 -3.786830 -4.314422
v 37.467678 9.412153 -13.419943
v 36.879192 -3.701167 7.816846
v 38.205849 -3.746766 6.804593
v 39.691803 -3.792618 -6.887216
v 38.893353 18.933689 -16.181196
v 39.358158 -3.802327 -9.663876
v 39.342941 6.927526 -12.545097
v 37.391964 14.083946 -14.935089
v 37.812645 -5.012443 7.086806
v 40.741726 2.428434 -11.152725
v 38.383648 10.605186 -13.596227
v 39.174301 18.134899 -15.849309
v 36.955059 -3.781629 2.322126
v 37.165012 -5.722628 -3.859849
v 37.632099 4.557834 -12.408630
v 39.767517 9.272464 -13.219030
v 37.747177 13.894538 -15.603123
v 37.353447 13.666289 -16.439728
v 39.076633 18.971766 -16.255074
v 38.679234 4.283246 -13.238070
v 38.210003 -4.027885 -3.947232
v 39.193390 -3.617140 16.975098
v 44.919197 -3.625495 16.759287
v 41.129642 -3.632506 12.894827
v 42.310257 -3.755871 -2.671887
v 39.897663 4.565660 -11.688637
v 41.271358 5.532781 -12.191124
v 40.745129 11.568863 -13.855122
v 45.106140 -3.657248 12.490433
v 42.217358 -3.729253 -0.144977
v 39.532188 -5.437151 -3.885222
v 38.610603 4.187245 -11.587045
v 41.355957 4.653445 -11.849393
v 39.921360 13.925745 -14.561502
v 40.467773 -3.673452 11.285649
v 41.752071 -5.733656 -3.904302
v 40.385780 8.979611 -13.112123
v 40.046944 10.286226 -13.505063
v 42.989674 13.331264 -14.395826
v 45.083328 -5.311614 17.056700
v 40.490326 -6.419312 16.690619
v 44.107601 -3.683002 8.560377
v 40.504498 -3.733549 6.816314
v 41.109879 -3.746302 2.356724
v 42.387867 15.357257 -14.948439
v 40.818344 13.680536 -16.467789
v 41.993195 -7.904090 16.829296
v 40.853855 -6.071201 16.698709
v 41.293964 -5.450295 7.072728
v 42.009579 -3.743200 3.476251
v 41.991199 14.050344 -14.930528
v 42.753819 -3.781217 -6.032418
v 41.668747 4.361021 -12.974505
v 43.017857 13.784066 -14.532175
v 40.771866 14.035423 -14.643266
v 42.505093 -3.736450 5.942060
v 42.696838 4.202238 -11.554215
v 41.143494 9.297325 -13.414119
v 44.256016 18.159487 -15.846177
v 47.474201 -3.647841 17.027355
v 41.440331 4.575162 -12.269653
v 41.630970 9.154290 -14.387115
v 42.100033 -3.840608 6.929926
v 42.505066 -5.436874 2.399439
v 42.481033 -3.814884 -4.044561
v 42.377266 18.686594 -17.208984
v 43.139969 -5.397429 -3.842065
v 43.279301 1.291367 -10.818839
v 43.132244 8.915313 -13.112917
v 43.560387 9.122895 -13.227529
v 45.012062 -3.687419 11.627707
v 42.083271 13.965944 -14.642394
v 43.921928 -4.093072 7.010621
v 44.486233 -3.721249 6.812123
v 43.113331 -4.594357 2.398265
v 43.787842 -3.726533 2.389650
v 43.689735 -6.547120 16.805357
v 44.248085 2.280924 -11.061908
v 43.495975 4.615932 -11.653020
v 43.289448 4.738664 -11.847686
v 42.899754 4.650404 -12.240730
v 42.934551 5.538270 -12.177977
v 42.884628 9.178984 -13.446549
v 43.547813 10.233748 -13.419396
v 43.274097 -5.735054 -3.966247
v 43.000771 -3.884781 -3.894939
v 44.832165 19.009138 -16.245132
v 47.404419 -3.699904 6.434000
v 44.664608 7.008802 -12.539044
v 43.616379 9.094049 -14.628174
v 44.244099 14.105661 -14.925777
v 43.429012 13.998839 -15.417941
v 44.338654 -8.454792 17.010168
v 44.704250 -3.746241 -3.889240
v 43.755978 4.799801 -12.276675
v 43.997650 8.627708 -13.016151
v 44.129372 8.825185 -13.121811
v 44.853081 -4.904192 11.832533
v 44.605434 -4.409272 11.754077
v 44.393166 -4.149994 7.039851
v 43.912151 -5.664134 -10.599754
v 44.020046 4.818619 -11.698039
v 44.404144 5.448886 -12.181961
v 44.131462 8.917802 -13.382087
v 48.326534 18.551744 -15.953161
v 46.531361 18.657204 -17.409685
v 45.310524 -7.263166 16.916012
v 45.563923 -4.979003 2.590264
v 45.068161 -4.472952 -3.695154
v 47.207989 -3.775821 -7.680490
v 45.827606 3.879434 -11.459010
v 44.353794 4.957699 -12.148210
v 44.353111 -10.429612 -12.728558
v 45.468632 12.831788 -14.187033
v 44.862236 13.846277 -14.506133
v 44.264084 14.144271 -15.467518
v 48.529202 18.955454 -16.146513
v 44.622017 -29.258667 19.993513
v 44.731564 -25.443121 19.391251
v 44.669678 -22.302357 18.938646
v 44.671642 -10.457259 17.313761
v 44.646244 -8.852168 17.108191
v 45.603840 -4.873640 7.270839
v 45.943989 -3.735798 7.007242
v 45.251377 -3.972758 2.473468
v 44.590096 -5.621667 -10.414914
v 44.778629 -5.443491 -10.675649
v 44.744278 -5.028334 -10.920502
v 44.581642 -4.424583 -11.101186
v 45.981068 -2.165566 -11.307886
v 44.671490 0.540152 -11.265432
v 44.849285 4.858974 -11.710219
v 45.376579 -8.427980 -12.297844
v 44.879295 5.121939 -12.129223
v 44.587048 -11.664633 -13.084929
v 45.112839 8.419944 -12.921186
v 44.758129 8.781747 -13.374727
v 44.726448 14.196250 -15.291586
v 46.408943 14.076333 -15.104094
v 44.952625 -20.767717 18.734722
v 44.992428 -18.051695 18.265518
v 44.974804 -12.112403 17.487751
v 45.825798 -3.708983 11.721965
v 47.767235 -3.706163 2.428697
v 45.546551 -5.239916 -3.661018
v 46.165970 -3.934188 -3.727142
v 49.479519 -3.721223 -5.495501
v 45.604427 -4.739578 -11.023779
v 46.156574 1.599011 -10.862021
v 46.079166 -4.420501 -11.068521
v 46.000862 -3.600131 -11.211693
v 46.080856 -8.125338 -12.216612
v 45.733372 -9.627294 -12.605851
v 46.037991 5.270870 -12.108940
v 46.273468 5.483120 -12.146422
v 45.670616 8.747614 -13.213048
v 45.047386 -21.017263 -15.942016
v 45.812256 16.758013 -18.148991
v 46.303665 16.644094 -18.688139
v 47.015877 -28.911991 19.967382
v 46.515545 -26.601990 19.582220
v 46.375332 -20.258120 18.645546
v 48.262932 -11.186543 17.404472
v 45.817955 -4.609166 11.842141
v 47.554882 -3.682046 11.698929
v 47.777840 -3.703069 -2.701712
v 46.659428 10.441973 -13.471301
v 45.425262 -28.069946 -17.803734
v 47.788162 -28.018398 19.807093
v 46.438850 -24.972698 19.319437
v 45.943336 -28.197954 17.929325
v 47.596508 -16.933933 18.135860
v 46.123352 -14.873562 17.811815
v 45.785946 -28.166023 13.939405
v 45.861740 -28.168468 8.562208
v 45.759663 -28.198618 4.371906
v 46.079285 -4.927258 2.863502
v 45.786156 -28.194286 -4.637897
v 46.877914 -3.742903 -3.787420
v 45.947987 4.926285 -11.743973
v 46.509491 6.214946 -12.336150
v 46.519180 -10.439112 -12.787407
v 46.600075 14.089814 -14.989868
v 46.301155 14.171726 -15.232018
v 46.517746 -24.994528 -17.133610
v 48.343685 -8.059023 17.024851
v 48.734520 -5.350321 17.073893
v 47.750660 -3.611969 16.794657
v 46.991451 -6.423843 16.878790
v 46.446972 -5.012092 11.887924
v 47.062954 -4.964231 7.236612
v 46.994183 -4.406143 7.109598
v 46.665245 -4.986658 2.580930
v 47.326138 -4.397214 -3.677192
v 49.448757 -3.721435 -3.777325
v 46.372662 -4.509057 -11.133778
v 46.560745 -5.050581 -11.458203
v 46.548214 -3.539350 -11.418149
v 46.412804 -2.479708 -11.320062
v 46.577568 -1.430172 -11.508378
v 46.413689 0.369746 -11.342785
v 46.527283 0.386692 -11.359490
v 46.586937 -3.033850 -11.902470
v 46.585854 7.353337 -12.588177
v 46.749001 8.691251 -12.984777
v 48.255322 9.397998 -13.127542
v 46.637726 3.035918 -14.656865
v 46.583538 5.718355 -14.323146
v 46.568916 7.108767 -15.443909
v 46.566280 8.390532 -15.724730
v 47.751160 -19.607878 -15.613859
v 46.803532 -28.209951 -15.966538
v 46.563385 9.958241 -15.712054
v 46.571430 12.161750 -15.912833
v 48.246349 19.005665 -16.226585
v 47.306957 -28.229397 -17.570639
v 49.012623 -22.556660 19.003651
v 48.810120 -14.723591 17.837191
v 47.603180 -28.187605 17.162733
v 47.731838 -3.648923 12.571911
v 47.059475 -3.726559 6.982481
v 47.540508 -3.713413 6.853670
v 48.288383 -28.180216 5.193937
v 49.435101 -3.664876 3.532054
v 48.328186 -28.177008 -3.723287
v 47.050522 -5.349363 -3.661443
v 47.835312 -28.213869 -9.168149
v 46.592464 -5.493488 -11.111984
v 46.700825 -5.652251 -12.384897
v 48.267342 4.498640 -11.584838
v 46.614395 -4.760515 -12.728181
v 47.366714 -9.794168 -12.615717
v 46.621235 -3.099824 -13.293853
v 48.821007 -15.030762 -14.251860
v 46.588268 5.671784 -15.499932
v 48.184074 14.881300 -14.718728
v 46.551666 8.434072 -16.277384
v 46.576038 10.690840 -16.806150
v 46.582619 12.947466 -16.113459
v 48.175110 -23.687189 -16.817354
v 46.569679 13.039371 -17.418121
v 46.645985 16.637184 -17.932230
v 47.221622 -4.437352 11.766265
v 47.989132 -3.647354 8.879919
v 49.445934 -3.620524 7.897522
v 47.453739 -5.661099 2.585602
v 49.554306 -3.681135 2.154359
v 48.323906 2.487230 -11.065193
v 47.910076 5.512853 -12.101696
v 48.317326 -8.804230 -12.285231
v 48.190186 6.884053 -12.436943
v 48.620361 -11.222601 -13.027707
v 48.049187 8.173684 -12.658417
v 48.315250 13.161575 -14.258220
v 47.938892 -21.464252 -16.176468
v 49.590359 -29.237518 20.069933
v 48.686893 -20.607895 18.714163
v 48.688934 -7.137513 16.931004
v 48.935463 -28.170010 14.433059
v 47.617226 -6.599660 13.697740
v 47.580635 -6.363636 12.775486
v 47.542873 -5.727913 11.679428
v 48.823742 -28.176432 8.874218
v 47.620602 -6.608474 6.877991
v 47.651516 -5.259398 7.116950
v 48.098339 -3.979598 6.972332
v 47.656021 -6.346013 5.936651
v 47.985916 -4.953524 2.462818
v 49.149628 -3.964824 -3.720069
v 48.706322 -5.695015 -11.139639
v 48.320396 -5.619164 -12.501868
v 48.023449 5.072752 -11.805167
v 48.503830 5.148622 -11.895091
v 48.311771 6.131720 -12.269312
v 48.330883 10.884207 -13.574193
v 49.564114 -28.212282 -17.543024
v 48.048325 -28.099474 -17.855532
v 48.741123 -25.205803 -17.234079
v 48.792866 -19.291418 18.497818
v 47.688995 -6.282000 4.817547
v 47.695255 -5.943185 3.565551
v 47.688492 -6.349248 2.316610
v 47.717319 -5.760232 2.384219
v 47.735970 -6.378895 -1.258987
v 47.747948 -6.385853 -4.491854
v 48.312340 -5.194071 -3.701362
v 47.735474 -6.323895 -7.102640
v 47.821449 -6.253224 -9.798374
v 47.861446 -7.320683 -10.369097
v 48.119022 -6.548894 -11.019612
v 48.445766 -9.596932 -12.509395
v 48.344299 9.038596 -13.082909
v 48.758598 -13.831922 -13.890954
v 48.505287 15.872397 -15.060598
v 48.589214 18.686758 -17.393866
v 49.544601 -27.604519 19.771845
v 49.208897 -25.334188 19.435938
v 48.644722 -10.736572 17.363920
v 49.402050 -28.201450 17.881598
v 49.146580 -4.867170 7.026516
v 48.709209 -5.403940 7.047186
v 49.408916 -3.704309 6.838902
v 49.631363 -3.755727 -8.617411
v 49.460442 -3.755047 -10.340477
v 48.594906 -6.375237 -11.219866
v 48.542965 3.180247 -11.264136
v 48.529510 5.433268 -12.077373
v 48.524857 8.126623 -12.672087
v 48.375641 14.155959 -14.658122
v 49.029327 -17.479397 -15.007804
v 48.442005 14.185225 -15.527141
v 49.174618 -21.754568 18.895634
v 49.060028 -16.936277 18.161320
v 48.825764 -11.531737 17.410559
v 49.495934 -3.705083 17.067129
v 48.667175 -6.334148 16.888483
v 48.768044 -9.355825 17.110867
v 48.764427 -6.287732 16.010971
v 48.786308 -7.810711 15.339280
v 48.758785 -6.264906 15.257638
v 49.401810 -4.579755 11.709280
v 49.546192 -3.640436 11.481364
v 49.040909 -5.763596 7.015253
v 49.445583 -3.670816 6.502793
v 49.454479 -3.686867 -2.718886
v 49.180092 -5.731497 -3.731949
v 49.214336 -4.781306 -3.689004
v 49.482502 -28.190136 -4.577709
v 49.516125 -28.227690 -8.542584
v 48.830437 -5.722337 -11.282806
v 48.734245 -6.302056 -11.742375
v 48.698551 -7.342530 -12.355598
v 48.573898 3.475471 -12.714273
v 48.761074 -5.653748 -12.626274
v 48.540150 6.761613 -12.519463
v 48.668262 -10.214705 -12.716778
v 48.701668 -9.789821 -12.641574
v 48.721855 -8.046405 -12.872825
v 48.851238 -11.134047 -13.101812
v 48.772995 -10.168994 -13.002138
v 48.732548 -8.162030 -13.401650
v 48.559998 7.547249 -13.488387
v 48.531853 8.724492 -13.067556
v 48.541348 10.508147 -13.512554
v 48.557789 11.865090 -13.935996
v 48.547344 13.010029 -14.262582
v 49.053055 -16.391235 -14.684703
v 49.081863 -19.130705 -15.459206
v 48.555634 13.973400 -15.641254
v 48.547729 16.326099 -15.488770
v 49.357231 -20.395069 -15.868070
v 48.562401 17.921072 -15.766934
v 49.388050 -21.554863 -16.222473
v 49.429092 -23.081100 -16.659174
v 49.294777 -20.245955 18.614309
v 49.204262 -18.414459 18.320654
v 49.173172 -17.540009 18.128126
v 49.117683 -16.291790 17.868378
v 48.962006 -14.355366 17.747574
v 49.143265 -16.848526 16.650616
v 49.030117 -14.603265 17.521833
v 48.944004 -12.951345 17.065533
v 48.940357 -12.943954 16.216883
v 49.537857 -3.607795 12.596169
v 49.567383 -28.198298 8.256897
v 49.469494 -3.708854 11.683084
v 48.972813 -12.725156 -13.594573
v 48.992329 -13.744350 -13.921853
v 49.033947 -14.915641 -14.246979
v 49.085072 -14.713486 -14.389570
v 49.106308 -15.846633 -14.577285
v 49.064209 -14.201541 -15.289994
v 49.228840 -17.544811 -15.131942
v 49.162968 -16.574043 -15.052187
v 49.263741 -18.586296 -15.363258
v 49.421917 -24.435026 -17.017076
v 49.835117 -28.082151 -17.760408
v 49.571060 -26.589226 -17.558462
v 49.550148 -25.838955 -17.359102
v 49.470486 -24.779787 19.314495
v 49.552734 -24.994450 19.280275
v 49.551235 -24.765221 19.083532
v 49.396549 -22.029034 18.898066
v 49.338737 -20.062254 18.516575
v 49.509212 -24.251631 17.866987
v 49.263458 -19.023403 17.237963
v 49.645252 -5.104441 17.044027
v 49.822186 -28.208174 14.345829
v 49.663509 -4.732113 14.741613
v 49.669079 -4.553140 11.444014
v 49.695621 -3.698902 11.553726
v 49.601730 -5.719938 7.880688
v 49.632732 -5.701585 6.572391
v 49.626167 -5.661710 4.671158
v 49.642380 -5.200580 3.522767
v 49.627171 -5.655981 -2.737629
v 49.627495 -5.648459 -4.010078
v 49.584324 -5.621788 -8.414178
v 49.595367 -5.629235 -10.517490
v 49.510880 -22.988714 -16.875956
v 49.539288 -23.809864 -16.914694
v 49.642338 -25.029394 -17.233173
v 49.869099 -29.160194 20.013626
v 49.969421 -29.263315 19.798191
v 49.774563 -27.721663 19.745018
v 49.863007 -28.172228 19.351177
v 49.654297 -26.267481 19.312786
v 49.957333 -28.844990 18.296761
v 49.823898 -28.254578 18.133404
v 49.905605 -28.316956 17.599426
v 49.938694 -28.294775 14.866880
v 49.676552 -3.664221 14.589531
v 49.988235 -28.716198 13.743860
v 49.990891 -29.238478 11.086287
v 49.929710 -28.298410 7.065035
v 49.850933 -28.219151 1.550766
v 49.973850 -28.695452 4.914147
v 49.968426 -29.244083 3.441908
v 49.946228 -28.289511 -0.116117
v 49.985580 -28.715380 0.182317
v 49.691925 -3.718415 1.489097
v 49.652180 -3.724279 -0.815895
v 49.937214 -29.249472 -6.852766
v 49.967476 -28.713846 -5.193717
v 49.912880 -28.290777 -6.965736
v 49.842518 -28.241943 -8.532991
v 49.930248 -28.708214 -7.765081
v 49.933025 -29.249708 -12.892635
v 49.941612 -28.738764 -13.963481
v 49.925682 -28.290783 -15.920919
v 49.844387 -28.226730 -17.550112
v 49.955956 -29.229050 -18.064871
v 49.925156 -28.350670 -18.158148
v 49.764832 -26.200436 -17.554308
v 49.885975 -27.136305 -18.979820
v 49.986477 -29.220692 -19.486588
v 49.973602 -28.519550 -19.449734
vn -0.4034 -0.7456 0.5304
vn -0.4801 -0.1398 0.8660
vn -0.9521 -0.1805 0.2467
vn -0.6470 0.1726 0.7427
vn -0.5233 -0.8501 0.0586
vn -0.9937 0.1026 0.0450
vn -0.6629 0.1561 0.7322
vn -0.9670 -0.2548 0.0020
vn -0.9900 0.1407 -0.0020
vn -0.9963 0.0856 -0.0068
vn -0.9983 0.0585 0.0025
vn -0.9467 0.0617 -0.3162
vn -0.9948 0.0425 -0.0925
vn -0.6918 0.1274 0.7107
vn -0.5231 -0.8522 -0.0056
vn -0.9067 0.4202 -0.0363
vn -0.7166 0.5211 -0.4635
vn -0.6819 -0.0022 -0.7314
vn -0.6776 -0.0179 -0.7352
vn -0.7261 -0.0867 -0.6820
vn -0.3795 0.9113 -0.1598
vn -0.9986 0.0523 0.0080
vn -0.8650 0.5017 0.0034
vn -0.7839 -0.6031 0.1475
vn -0.7064 -0.0486 0.7061
vn -0.9867 -0.1617 -0.0141
vn -0.9995 -0.0307 0.0012
vn -0.6047 0.5115 0.6105
vn -0.4511 0.8922 0.0232
vn -0.6424 0.5160 -0.5666
vn -0.9883 -0.0527 -0.1433
vn -0.9999 0.0113 -0.0004
vn -0.5018 -0.8650 -0.0007
vn -0.7707 -0.0208 0.6369
vn -0.6086 0.5649 0.5571
vn -0.8172 0.5763 -0.0062
vn -0.8724 0.4887 0.0009
vn -0.9914 -0.0316 -0.1273
vn -0.5861 0.5308 -0.6121
vn -0.9626 -0.2710 -0.0013
vn -0.3928 0.9196 0.0021
vn -0.6693 -0.0404 -0.7419
vn -1.0000 0.0062 -0.0006
vn -0.5136 -0.8580 -0.0009
vn -0.9120 0.4102 -0.0002
vn -0.9648 -0.2630 -0.0013
vn -0.5082 -0.8612 -0.0053
vn -0.9999 0.0097 -0.0005
vn -0.5020 -0.8648 -0.0057
vn -0.9378 0.3470 -0.0036
vn -0.3950 0.9186 0.0020
vn -0.4914 -0.8709 0.0005
vn -0.9753 -0.2208 -0.0036
vn 0.3788 0.8949 0.2360
vn -0.5211 -0.8524 -0.0439
vn -0.6541 -0.1826 0.7340
vn -0.9662 -0.0472 0.2535
vn -0.7199 -0.1634 0.6745
vn -0.9163 0.1271 -0.3797
vn -0.9974 0.0702 0.0156
vn -0.7695 0.4276 0.4743
vn -0.6938 -0.0939 0.7140
vn -0.7199 -0.1173 0.6841
vn -0.6942 0.2409 -0.6782
vn -0.8291 0.1960 -0.5236
vn -0.9149 -0.2792 -0.2916
vn -0.6971 -0.0757 0.7129
vn -0.9970 0.0637 0.0439
vn -0.6926 0.2570 -0.6739
vn -0.9783 0.1127 -0.1737
vn -0.5365 0.2725 -0.7986
vn -0.4093 -0.8868 -0.2146
vn -0.6091 0.2341 -0.7578
vn -0.3108 -0.7212 -0.6190
vn -0.4705 -0.1376 -0.8716
vn -0.4003 0.1641 0.9015
vn -0.8703 0.1572 0.4667
vn -0.9970 0.0323 -0.0699
vn -0.9911 0.0248 -0.1310
vn -0.7876 0.1317 0.6019
vn -0.7738 0.1222 0.6214
vn -0.9968 0.0629 0.0482
vn -0.6526 -0.0891 -0.7524
vn -0.7585 -0.0507 -0.6496
vn -0.8741 -0.0332 -0.4846
vn -0.3537 -0.6944 0.6266
vn -0.5605 -0.8271 -0.0413
vn -0.9680 -0.2286 -0.1037
vn -0.5259 -0.6283 -0.5733
vn -0.6142 -0.0996 -0.7829
vn -0.4384 -0.6540 0.6164
vn -0.9464 -0.3083 0.0959
vn -0.9448 -0.3145 -0.0919
vn -0.5368 -0.8437 0.0052
vn -0.5540 -0.6615 -0.5054
vn -0.5747 -0.6392 0.5110
vn -0.5653 -0.0158 0.8247
vn -0.9830 -0.1704 0.0682
vn -0.6474 0.5694 0.5066
vn -0.9834 -0.1662 -0.0729
vn -0.7635 0.6456 -0.0151
vn -0.0514 -0.9987 0.0011
vn -0.5827 -0.6424 -0.4976
vn -0.8681 -0.0013 -0.4963
vn -0.5772 0.5725 -0.5823
vn -0.6183 -0.6108 0.4945
vn -0.9703 -0.2330 -0.0641
vn -0.3179 -0.9437 -0.0909
vn -0.6020 0.5645 0.5648
vn -0.8109 0.5851 -0.0085
vn -0.9785 -0.2062 -0.0069
vn -0.5543 -0.6375 -0.5350
vn -0.9940 -0.0620 -0.0903
vn -0.6141 0.5246 -0.5896
vn -0.9804 -0.1712 -0.0971
vn -0.6015 -0.0165 -0.7987
vn -0.5161 -0.6113 0.6000
vn -0.4841 0.6157 0.6217
vn -0.8063 0.5833 0.0978
vn -0.9822 -0.1637 0.0920
vn -0.7382 0.6744 -0.0140
vn -0.6195 -0.7850 -0.0017
vn -0.9678 -0.2281 -0.1066
vn -0.6217 -0.7828 -0.0282
vn -0.6066 0.6010 -0.5204
vn -0.6273 -0.5615 -0.5396
vn -0.6655 0.0014 -0.7464
vn -0.3940 0.0049 -0.9191
vn -0.7720 -0.1439 0.6191
vn -0.9977 0.0480 -0.0474
vn -0.8537 -0.1386 0.5020
vn -0.9523 -0.0389 0.3026
vn -0.8338 0.1829 -0.5208
vn -0.9877 0.0637 -0.1428
vn -0.7295 -0.1628 0.6643
vn -0.8401 -0.1112 0.5308
vn -0.9988 0.0415 -0.0244
vn -0.9242 0.1578 -0.3478
vn -0.6744 0.2406 -0.6980
vn -0.7400 -0.1708 0.6506
vn -0.6933 -0.1714 0.6999
vn -0.9864 0.0876 -0.1391
vn -0.6749 0.2487 -0.6947
vn -0.5824 -0.2122 0.7847
vn -0.9925 -0.0150 0.1212
vn -0.9969 0.0491 -0.0613
vn -0.5536 0.2635 -0.7900
vn -0.4039 -0.2189 0.8882
vn -0.6968 0.2234 -0.6816
vn -0.7353 0.2160 -0.6424
vn -0.0034 -0.9998 -0.0165
vn -0.4139 0.2685 -0.8698
vn -0.3787 0.2586 -0.8886
vn -0.2008 0.2785 -0.9392
vn -0.0161 0.2815 -0.9594
vn -0.0342 0.1773 -0.9836
vn -0.0186 -0.1230 -0.9922
vn -0.0722 -0.1621 -0.9841
vn -0.5820 0.1465 0.7998
vn -0.9902 0.0745 0.1178
vn -0.7412 0.1074 0.6626
vn -0.0558 -0.1595 -0.9856
vn -0.9978 0.0486 0.0455
vn -0.7102 0.0975 0.6972
vn -0.0728 -0.1388 -0.9876
vn -0.0183 -0.1446 -0.9893
vn -0.7513 -0.0704 -0.6561
vn -0.9960 0.0478 0.0752
vn -0.2163 -0.1231 -0.9685
vn -0.3867 -0.1241 -0.9138
vn -0.9066 -0.0496 -0.4189
vn -0.7505 -0.0750 -0.6566
vn -0.0743 0.1512 -0.9857
vn -0.0523 -0.2918 -0.9550
vn -0.1309 -0.2932 -0.9471
vn -0.0737 -0.0020 -0.9973
vn -0.0009 -1.0000 -0.0055
vn -0.1534 -0.3673 -0.9173
vn -0.2654 -0.0106 -0.9641
vn -0.0195 -0.9997 0.0135
vn -0.1198 -0.2081 -0.9707
vn -0.5351 -0.7575 -0.3739
vn -0.4488 0.3214 -0.8338
vn -0.8830 -0.3963 0.2516
vn -0.6922 -0.4827 0.5365
vn -0.9892 0.1082 0.0990
vn -0.6433 0.7650 0.0289
vn -0.7646 -0.4956 0.4119
vn -0.9965 -0.0788 0.0290
vn -0.6539 -0.5908 0.4725
vn -0.7166 -0.4238 0.5540
vn -0.9785 0.0871 -0.1867
vn -0.8761 -0.2002 0.4386
vn -0.5672 0.6275 -0.5333
vn -0.6960 -0.1191 0.7080
vn -0.7209 -0.1082 0.6845
vn -0.9965 -0.0101 0.0832
vn -0.4232 -0.2019 0.8832
vn -0.9990 -0.0019 0.0437
vn -0.7102 0.1935 -0.6768
vn -0.6263 0.2491 -0.7387
vn -0.5192 0.2943 -0.8024
vn -0.3006 0.2732 -0.9138
vn -0.0645 0.2965 -0.9528
vn -0.0003 0.2923 -0.9563
vn -0.0283 0.4552 -0.8899
vn -0.0192 -0.1438 -0.9894
vn -0.0156 -0.9998 -0.0044
vn -0.5770 0.0634 0.8143
vn -0.5958 0.1543 0.7881
vn -0.8876 -0.0746 0.4545
vn -0.9961 -0.0876 0.0068
vn -0.3500 -0.9067 0.2354
vn -0.0434 -0.1553 -0.9869
vn -0.3618 -0.9072 -0.2146
vn -0.9760 -0.2040 -0.0762
vn -0.1435 -0.1260 -0.9816
vn -0.2863 -0.1303 -0.9492
vn -0.6537 -0.0788 -0.7526
vn -0.7671 -0.3113 -0.5609
vn -0.1237 -0.9736 -0.1917
vn 0.0754 -0.7650 -0.6395
vn 0.0033 -0.0810 -0.9967
vn -0.0132 0.8369 -0.5471
vn 0.0728 -0.7508 0.6565
vn -0.0141 -0.9999 0.0015
vn -0.1871 -0.9823 -0.0046
vn -0.0217 -0.7550 -0.6553
vn -0.5985 -0.8009 -0.0175
vn 0.0358 0.1328 -0.9905
vn 0.0216 0.7690 -0.6389
vn -0.0919 -0.9942 0.0548
vn 0.0152 -0.9947 -0.1017
vn -0.0712 -0.0847 -0.9938
vn -0.0580 0.2351 -0.9702
vn -0.0130 -0.9999 -0.0005
vn -0.0226 -0.9996 -0.0177
vn -0.0158 -0.9998 -0.0062
vn -0.5133 -0.8184 -0.2582
vn -0.4868 0.0600 -0.8714
vn -0.0463 0.0568 -0.9973
vn 0.0137 -0.9993 0.0331
vn -0.5512 -0.6092 0.5701
vn -0.1981 -0.9801 0.0126
vn -0.0144 -0.9999 -0.0043
vn -0.0744 -0.9972 -0.0040
vn -0.2706 -0.8261 0.4942
vn -0.0085 0.0356 -0.9993
vn -0.0182 0.6201 -0.7843
vn -0.3612 0.2518 0.8978
vn -0.5564 0.2331 0.7975
vn -0.6795 0.3357 0.6523
vn -0.5744 -0.4623 0.6755
vn -0.1404 -0.8405 0.5233
vn -0.7786 -0.1885 -0.5984
vn -0.6975 -0.7042 -0.1324
vn -0.2780 -0.3565 0.8920
vn -0.9990 -0.0066 -0.0441
vn 0.4555 0.3269 0.8281
vn -0.9905 0.0332 0.1329
vn -0.5843 0.1936 0.7880
vn -0.5687 -0.1534 -0.8081
vn -0.6189 0.1433 0.7722
vn -0.7865 -0.1545 -0.5979
vn -0.6975 -0.1927 -0.6901
vn -0.6605 0.4126 0.6273
vn -0.0765 0.2893 -0.9541
vn -0.7985 -0.1534 -0.5820
vn -0.4174 -0.2115 -0.8837
vn -0.4525 0.2044 0.8680
vn -0.7906 0.1869 0.5831
vn -0.5898 0.5685 0.5735
vn -0.0580 0.3223 -0.9449
vn -0.7535 -0.1850 -0.6309
vn -0.7257 -0.2334 -0.6472
vn -0.7224 0.1780 0.6681
vn -0.7987 -0.1787 -0.5745
vn -0.7384 -0.1973 -0.6449
vn -0.7756 0.1821 0.6044
vn -0.9979 0.0609 -0.0226
vn -0.5941 0.4987 0.6311
vn -0.6925 0.7213 -0.0074
vn -0.9354 -0.3314 -0.1231
vn -0.6734 -0.2835 0.6828
vn -0.6997 0.2077 0.6836
vn -0.2864 0.2862 0.9143
vn -0.6486 0.3152 -0.6927
vn -0.7227 -0.2335 -0.6505
vn -0.6707 -0.3733 -0.6409
vn -0.9603 -0.1046 -0.2587
vn -0.5985 0.3057 0.7405
vn -0.9803 0.1533 0.1245
vn -0.4848 0.7871 0.3814
vn -0.7177 0.6526 -0.2428
vn -0.6645 -0.2522 -0.7034
vn -0.5179 -0.3060 -0.7988
vn -0.0036 0.2800 -0.9600
vn -0.6070 0.4564 -0.6505
vn 0.0007 0.2756 -0.9612
vn -0.0145 -0.9980 -0.0616
vn 0.0187 -0.5614 0.8273
vn 0.0165 -0.9398 0.3412
vn -0.0021 -0.6231 0.7821
vn -0.2438 0.2706 0.9313
vn 0.0011 -0.1434 -0.9897
vn -0.0287 -0.1220 -0.9921
vn -0.1327 -0.1644 -0.9774
vn -0.3718 -0.1899 -0.9087
vn -0.4678 -0.6665 -0.5804
vn -0.6577 -0.7428 -0.1251
vn -0.5684 -0.8203 0.0623
vn -0.3125 -0.5905 -0.7440
vn -0.0981 0.1739 -0.9799
vn 0.0114 -0.8506 0.5257
vn -0.3206 -0.9472 -0.0059
vn -0.8273 -0.4377 -0.3520
vn -0.2610 -0.1951 -0.9454
vn -0.1481 0.0727 -0.9863
vn -0.3757 -0.9171 0.1329
vn -0.3009 -0.9528 0.0394
vn -0.2542 -0.9670 -0.0166
vn -0.4744 0.3124 0.8230
vn -0.9622 -0.2712 -0.0265
vn -0.0148 0.2207 -0.9752
vn -0.2597 -0.9656 0.0116
vn -0.4450 -0.8786 0.1732
vn -0.9541 -0.0887 0.2858
vn -0.8592 -0.4853 0.1616
vn -0.6259 -0.6502 0.4307
vn -0.6393 -0.7503 0.1680
vn -0.7772 -0.2958 0.5553
vn -0.3046 -0.6794 0.6676
vn -0.6770 -0.3410 0.6522
vn 0.0574 0.0043 -0.9983
vn -0.3022 -0.5852 0.7525
vn -0.5922 -0.7151 0.3713
vn -0.2501 -0.9681 0.0119
vn -0.0714 -0.4171 0.9060
vn -0.2164 -0.7482 -0.6271
vn -0.0738 0.0521 -0.9959
vn -0.1024 -0.2528 -0.9621
vn 0.0001 0.2996 -0.9541
vn -0.0950 -0.2393 -0.9662
vn -0.0914 -0.2307 -0.9687
vn -0.2630 -0.9014 0.3439
vn -0.0467 -0.4010 0.9149
vn -0.1134 -0.3167 -0.9417
vn -0.6705 -0.6794 0.2981
vn 0.0007 0.2989 -0.9543
vn -0.5775 0.7978 0.1730
vn -0.6267 0.2850 -0.7252
vn -0.0843 -0.2473 -0.9652
vn -0.2175 -0.6966 -0.6836
vn -0.0026 0.2972 -0.9548
vn -0.0162 -0.9998 -0.0039
vn 0.0526 -0.1429 0.9883
vn 0.2269 0.1687 0.9592
vn -0.0154 -0.2738 0.9617
vn -0.1700 0.2911 -0.9414
vn -0.0095 0.2958 -0.9552
vn -0.0129 0.2810 -0.9596
vn 0.1457 -0.9846 0.0967
vn 0.0042 -0.1452 -0.9894
vn -0.3005 -0.3758 -0.8766
vn -0.0857 -0.6357 -0.7672
vn -0.8034 -0.2623 -0.5345
vn -0.6225 -0.7237 -0.2976
vn -0.9832 -0.1127 -0.1437
vn -0.7445 -0.6676 0.0085
vn -0.7047 -0.5876 -0.3977
vn -0.9994 -0.0286 -0.0196
vn -0.7497 -0.6617 0.0012
vn -0.6329 -0.1602 -0.7574
vn -0.7726 0.6348 0.0027
vn -0.2062 0.1146 -0.9718
vn -0.0284 0.2004 -0.9793
vn -0.6462 -0.7541 0.1173
vn -0.9740 -0.2180 0.0617
vn -0.9340 -0.3540 -0.0482
vn -0.7474 -0.6642 0.0128
vn -0.9999 -0.0093 0.0044
vn -0.9465 -0.3192 0.0462
vn -0.8399 0.5245 -0.1396
vn -0.7811 -0.2499 0.5721
vn -0.9113 0.3881 0.1371
vn -0.1494 0.0067 0.9887
vn -0.1149 -0.2286 0.9667
vn -0.1583 0.2347 0.9591
vn -0.0968 0.4577 0.8838
vn -0.7407 -0.6696 0.0544
vn -0.7745 -0.6326 0.0059
vn -0.8990 -0.4378 0.0067
vn -0.7516 -0.6596 -0.0023
vn -0.8207 0.5712 -0.0117
vn -0.9898 0.0660 -0.1259
vn -0.0488 0.3090 -0.9498
vn -0.0389 0.8865 -0.4610
vn -0.7026 -0.7115 -0.0034
vn -0.9987 -0.0501 0.0017
vn -0.9156 -0.3982 0.0549
vn 0.0261 -0.6532 0.7567
vn -0.5366 0.8327 0.1368
vn -0.8815 -0.4719 0.0155
vn -0.9999 -0.0115 -0.0062
vn -0.8625 -0.5060 -0.0076
vn -0.9049 -0.4255 -0.0088
vn -0.3754 -0.9268 -0.0088
vn -0.8671 -0.4979 -0.0100
vn -0.8250 -0.5649 0.0146
vn -0.7184 -0.6956 -0.0005
vn -0.9894 -0.1068 0.0978
vn -0.5411 -0.8331 0.1145
vn -0.0128 -0.5659 0.8244
vn 0.0173 -0.6636 0.7479
vn -0.1656 -0.8867 0.4316
vn -0.8751 -0.3076 -0.3735
vn 0.3789 -0.0620 0.9233
vn 0.4892 0.5329 0.6904
vn 0.2966 -0.7602 0.5780
vn -0.7358 -0.1995 -0.6471
vn -0.0030 0.2837 -0.9589
vn -0.0008 -0.3419 -0.9397
vn 0.0945 -0.9745 0.2033
vn -0.0762 -0.2662 -0.9609
vn 0.3533 0.8673 -0.3504
vn 0.4453 -0.6721 -0.5916
vn 0.0283 0.3779 -0.9254
vn -0.1647 -0.3867 -0.9074
vn -0.0096 -0.1529 -0.9882
vn -0.0277 -0.2303 -0.9727
vn -0.1194 -0.9928 0.0103
vn -0.1017 -0.9948 0.0016
vn -0.0367 -0.9993 -0.0008
vn -0.5226 0.6097 -0.5959
vn -0.6403 0.4457 0.6255
vn -0.0695 -0.9975 0.0071
vn -0.3957 0.2698 -0.8778
vn -0.4750 0.8077 -0.3493
vn -0.0297 -0.9995 -0.0027
vn -0.2696 0.6903 -0.6714
vn -0.0134 -0.9999 -0.0073
vn -0.0628 -0.9971 -0.0434
vn 0.0490 0.0110 -0.9987
vn 0.1217 0.9002 -0.4181
vn -0.0556 0.2748 -0.9599
vn -0.0551 -0.7723 0.6328
vn -0.1983 -0.9778 -0.0667
vn -0.7057 0.2821 -0.6499
vn -0.7558 -0.1780 -0.6301
vn 0.0068 0.3156 -0.9489
vn -0.1644 -0.2063 -0.9645
vn 0.0201 -0.2961 -0.9550
vn 0.3819 0.1679 0.9088
vn -0.0617 -0.6550 0.7531
vn -0.0343 -0.2755 -0.9607
vn -0.1261 -0.2344 -0.9639
vn -0.1216 -0.3423 -0.9317
vn -0.2235 -0.3168 -0.9218
vn -0.6952 -0.0734 -0.7150
vn 0.1708 -0.9676 -0.1861
vn -0.0688 -0.7221 -0.6884
vn -0.1475 -0.3259 -0.9338
vn -0.1110 -0.4125 -0.9041
vn -0.0591 0.3994 -0.9149
vn 0.4469 -0.8782 -0.1703
vn 0.0722 -0.1573 -0.9849
vn 0.0478 -0.1477 -0.9879
vn 0.0536 -0.1523 -0.9868
vn -0.0656 -0.9836 -0.1676
vn -0.0174 -0.9998 0.0084
vn -0.3949 0.6240 -0.6742
vn -0.6685 0.5273 0.5244
vn -0.4879 0.7660 0.4184
vn -0.5538 0.6413 -0.5310
vn 0.0103 -0.9999 -0.0087
vn -0.2081 0.6912 -0.6921
vn -0.4114 0.5040 0.7594
vn 0.0052 0.2103 -0.9776
vn -0.6764 0.6905 0.2563
vn -0.3255 0.6231 -0.7111
vn -0.3831 0.4574 0.8025
vn -0.1238 0.2132 -0.9691
vn 0.0073 -1.0000 0.0013
vn 0.0266 -0.9996 -0.0042
vn -0.1290 0.2869 -0.9492
vn -0.3907 0.6369 -0.6646
vn -0.5484 0.8016 -0.2379
vn -0.4790 0.6988 0.5313
vn -0.3927 0.1896 0.8999
vn 0.1041 -0.0986 -0.9897
vn 0.0764 0.8433 -0.5320
vn -0.0084 -0.9968 0.0798
vn 0.1470 0.3212 0.9355
vn 0.1032 0.5654 0.8183
vn 0.0309 0.1270 0.9914
vn -0.0978 -0.2415 0.9654
vn -0.0266 -0.2546 0.9666
vn -0.1192 -0.2309 0.9656
vn -0.6459 -0.1559 -0.7473
vn 0.1028 -0.4232 0.9002
vn 0.0995 -0.7342 0.6715
vn 0.0198 0.3081 -0.9511
vn -0.2022 -0.2831 -0.9375
vn -0.6275 -0.3544 -0.6933
vn -0.7434 -0.3671 -0.5591
vn -0.8055 -0.2132 -0.5529
vn -0.5780 -0.2496 -0.7769
vn -0.4680 -0.8324 0.2966
vn -0.8634 -0.5041 0.0173
vn -0.7756 -0.1643 -0.6095
vn 0.1212 0.4604 -0.8794
vn -0.5881 -0.3592 -0.7246
vn -0.0902 -0.3207 -0.9429
vn 0.6170 0.2293 -0.7528
vn 0.2367 -0.7300 -0.6411
vn 0.1469 -0.1746 -0.9736
vn -0.0087 0.1584 -0.9873
vn 0.0406 -0.9991 -0.0119
vn 0.4457 -0.1404 -0.8841
vn -0.0736 -0.7195 -0.6905
vn -0.0122 0.2968 -0.9549
vn -0.0790 0.2838 -0.9556
vn 0.0091 -0.9999 -0.0021
vn 0.0412 -0.9991 -0.0043
vn -0.1466 0.5118 0.8465
vn 0.7094 -0.7047 0.0120
vn 0.0204 0.7531 -0.6576
vn -0.0163 0.6193 -0.7850
vn -0.0251 0.2784 -0.9601
vn 0.0036 -1.0000 -0.0039
vn -0.2859 0.7903 0.5419
vn 0.0067 -0.9999 -0.0085
vn 0.1463 0.2838 -0.9476
vn -0.3632 0.9001 0.2407
vn -0.7623 0.2016 0.6150
vn -0.9977 0.0329 0.0595
vn -0.6414 0.0336 0.7664
vn -0.7334 0.0509 0.6779
vn -0.5760 0.0769 0.8138
vn -0.9451 0.0905 0.3140
vn -0.7430 0.6678 -0.0437
vn -0.3758 -0.8423 0.3864
vn -0.9134 -0.4023 -0.0616
vn -0.9929 -0.0370 -0.1134
vn -0.9999 0.0119 0.0098
vn 0.0303 0.6575 0.7529
vn -0.9784 -0.0470 -0.2014
vn -0.9998 0.0111 0.0162
vn -0.6648 -0.2485 -0.7045
vn -0.6646 -0.1854 -0.7238
vn -0.8860 -0.1856 -0.4249
vn -0.5842 -0.2026 -0.7859
vn -0.7243 -0.1602 -0.6706
vn -0.4164 -0.2241 -0.8811
vn -0.9950 -0.0532 -0.0842
vn -0.9854 -0.0430 -0.1650
vn -0.7529 -0.2251 -0.6184
vn -0.7176 -0.2010 -0.6669
vn -0.9980 0.0119 -0.0616
vn -0.9998 -0.0138 -0.0164
vn -0.7557 -0.1430 -0.6391
vn -0.5692 -0.2562 -0.7812
vn -0.7471 -0.1444 -0.6488
vn -0.7584 -0.1625 -0.6312
vn -0.9998 -0.0027 0.0161
vn -0.5036 -0.1735 -0.8463
vn -0.6239 -0.2098 -0.7528
vn -0.9760 -0.0539 -0.2106
vn -0.9996 -0.0142 -0.0243
vn 0.0179 -0.8853 0.4646
vn -0.9375 -0.1719 -0.3026
vn -0.1175 0.9823 0.1455
vn -0.6881 0.6427 0.3369
vn -0.7692 0.5891 -0.2472
vn -0.8262 -0.1467 -0.5439
vn -0.5626 -0.2126 -0.7989
vn -0.7409 -0.1629 -0.6515
vn -0.8834 -0.0937 -0.4591
vn -0.9940 -0.0159 -0.1083
vn -0.9958 -0.0333 -0.0844
vn -0.5978 -0.2190 -0.7711
vn -0.8838 -0.3140 -0.3468
vn -0.7887 -0.2438 -0.5643
vn -0.9957 -0.0348 -0.0860
vn -0.6326 -0.2694 -0.7260
vn -0.6710 -0.2007 -0.7138
vn -0.7713 -0.1924 -0.6067
vn -0.9979 -0.0118 -0.0634
vn -0.8185 -0.2002 -0.5385
vn -0.6365 -0.2576 -0.7270
vn -0.7443 -0.2389 -0.6237
vn -0.7431 -0.0174 -0.6690
vn -0.6782 -0.2452 -0.6927
vn -0.9977 0.0629 0.0222
vn 0.5764 0.2059 -0.7908
vn -0.6302 -0.2875 -0.7212
vn -0.9809 -0.0164 -0.1938
vn -0.6549 0.7216 -0.2245
vn -0.5834 -0.2796 -0.7625
vn 0.5663 0.2237 -0.7932
vn -0.5470 0.3871 -0.7422
vn 0.6973 0.1876 -0.6917
vn 0.1721 0.3196 -0.9318
vn 0.0763 -0.1586 -0.9844
vn 0.0278 -0.9996 0.0007
vn -0.0545 0.8040 -0.5921
vn 0.0189 0.8345 0.5506
vn -0.0134 -0.9999 0.0021
vn 0.1927 0.4650 -0.8641
vn -0.1105 0.9604 0.2555
vn -0.4004 0.5197 0.7547
vn 0.1218 -0.8274 0.5481
vn 0.0299 0.1823 -0.9828
vn -0.0798 -0.2315 -0.9695
vn -0.0874 -0.6534 0.7519
vn 0.1624 0.3084 -0.9373
vn -0.1046 -0.2562 -0.9609
vn -0.0417 -0.2365 -0.9707
vn -0.0438 -0.2927 -0.9552
vn -0.1335 -0.7500 0.6478
vn -0.1897 -0.2700 -0.9440
vn -0.1543 -0.2713 -0.9500
vn -0.0986 -0.2820 -0.9543
vn -0.0508 -0.2590 0.9645
vn -0.0485 -0.2345 0.9709
vn -0.0513 -0.2687 0.9618
vn 0.0278 0.2947 -0.9552
vn -0.1805 -0.2855 -0.9412
vn -0.3511 0.4677 -0.8111
vn -0.1875 0.1189 0.9750
vn -0.1327 0.4596 0.8781
vn -0.0542 -0.3334 -0.9412
vn -0.0305 -0.2047 -0.9783
vn 0.6381 -0.5145 0.5728
vn 0.0522 -0.1445 -0.9881
vn 0.0169 -0.4859 0.8738
vn 0.0338 -0.1425 -0.9892
vn 0.4328 -0.2170 -0.8750
vn 0.0354 -0.9977 -0.0571
vn 0.3075 0.5931 -0.7440
vn 0.2467 0.6424 -0.7256
vn 0.0183 0.2647 -0.9641
vn 0.0215 0.3081 -0.9511
vn 0.0022 0.8285 -0.5600
vn 0.5506 -0.8348 0.0009
vn 0.0013 -0.9999 0.0154
vn 0.1320 0.6559 -0.7432
vn 0.1958 0.0035 -0.9806
vn -0.0454 -0.5118 0.8579
vn 0.0026 -0.2134 -0.9770
vn 0.0008 -0.2262 -0.9741
vn 0.0320 0.1720 0.9846
vn 0.1245 -0.1595 0.9793
vn 0.0600 -0.1778 0.9822
vn 0.0076 -0.2405 -0.9706
vn 0.0337 -0.2845 0.9580
vn 0.5775 0.2372 -0.7812
vn 0.4009 0.2294 -0.8869
vn 0.0160 -0.2671 -0.9635
vn 0.0473 0.2947 -0.9544
vn 0.5260 -0.8501 -0.0246
vn 0.1805 -0.2433 -0.9530
vn 0.2462 -0.2466 -0.9373
vn 0.0060 -0.2789 -0.9603
vn 0.5118 -0.2287 0.8281
vn -0.0572 -0.2284 0.9719
vn 0.2923 0.2416 -0.9253
vn -0.1799 0.2165 -0.9595
vn -0.0298 0.4187 -0.9076
vn 0.0060 -0.3352 -0.9421
vn 0.6909 0.1565 -0.7058
vn 0.6877 -0.6967 -0.2040
vn 0.6008 -0.7913 -0.1131
vn 0.5969 -0.8023 -0.0048
vn -0.0804 -0.8366 -0.5418
vn -0.0388 0.7721 -0.6342
vn 0.3465 0.6473 -0.6788
vn 0.0463 0.1755 -0.9834
vn 0.6059 -0.7955 0.0018
vn 0.0449 -0.9990 0.0021
vn 0.5940 -0.8044 -0.0003
vn 0.1835 0.4211 -0.8882
vn 0.4577 0.7439 0.4868
vn 0.6267 -0.7765 0.0650
vn 0.1912 -0.1148 -0.9748
vn 0.0927 0.8616 -0.4990
vn -0.0746 -0.6592 0.7482
vn -0.0129 -0.9894 0.1445
vn 0.0452 -0.2286 0.9724
vn -0.0255 -0.2857 0.9580
vn -0.0002 -0.1568 -0.9876
vn 0.1317 0.3011 -0.9444
vn 0.0643 -0.5464 0.8350
vn -0.1032 0.3661 0.9248
vn 0.1496 -0.5051 0.8500
vn -0.1151 0.9155 -0.3856
vn -0.0158 -0.3613 -0.9323
vn 0.0084 -0.2306 -0.9730
vn 0.8013 -0.3101 -0.5116
vn 0.7306 -0.6530 -0.1991
vn 0.7024 0.1263 -0.7005
vn 0.6882 -0.1411 -0.7116
vn 0.6031 -0.1198 -0.7886
vn 0.5527 -0.4392 -0.7083
vn -0.2228 -0.4756 -0.8509
vn 0.0067 0.8618 -0.5071
vn 0.5696 0.7693 -0.2893
vn 0.6081 0.0121 -0.7938
vn 0.5312 0.7026 0.4734
vn 0.2743 0.2769 -0.9209
vn 0.1510 0.1702 -0.9737
vn -0.0096 0.9774 -0.2109
vn -0.0074 0.7020 -0.7121
vn 0.6744 0.6929 0.2552
vn 0.2256 0.2119 -0.9509
vn 0.6128 0.7574 -0.2254
vn 0.0517 0.1791 -0.9825
vn 0.4012 -0.9084 0.1175
vn -0.0042 0.2439 -0.9698
vn 0.5764 0.6188 -0.5337
vn 0.1654 0.3027 -0.9386
vn 0.0151 0.1185 -0.9928
vn 0.5315 0.2342 -0.8140
vn 0.2122 -0.2091 -0.9546
vn 0.6962 0.1456 -0.7028
vn 0.1710 -0.2230 -0.9597
vn 0.1625 -0.2689 -0.9493
vn 0.1433 -0.2724 -0.9514
vn 0.7172 0.1779 -0.6738
vn 0.7137 0.1809 -0.6766
vn 0.4345 -0.2868 -0.8538
vn -0.0420 0.8559 -0.5153
vn -0.0612 0.3413 -0.9379
vn 0.7743 -0.6318 -0.0352
vn 0.9040 -0.0617 -0.4230
vn 0.9255 -0.1221 -0.3584
vn 0.7377 -0.0955 -0.6683
vn 0.7560 -0.1093 -0.6454
vn 0.6146 -0.1107 -0.7810
vn 0.5340 -0.1103 -0.8383
vn 0.5775 -0.1291 -0.8061
vn -0.2647 -0.4040 -0.8756
vn 0.4824 -0.6229 -0.6158
vn 0.3067 -0.9514 -0.0283
vn 0.4561 0.4259 -0.7814
vn 0.0811 -0.0743 -0.9939
vn 0.0288 0.2432 -0.9695
vn 0.7048 0.5773 -0.4122
vn 0.8277 0.1129 -0.5496
vn 0.7334 0.1798 -0.6556
vn 0.2934 0.1468 -0.9446
vn 0.1248 -0.0217 -0.9919
vn 0.1525 0.6829 -0.7143
vn 0.1694 0.0993 -0.9805
vn -0.0277 -0.6503 0.7591
vn 0.0793 -0.5734 0.8154
vn 0.6788 -0.0408 -0.7331
vn 0.6521 -0.1804 -0.7364
vn 0.7147 0.1276 -0.6876
vn 0.0247 -0.4101 0.9117
vn 0.7335 0.1502 -0.6629
vn 0.7562 0.1641 -0.6334
vn 0.1919 -0.2375 -0.9522
vn 0.6268 -0.2035 -0.7521
vn 0.0999 -0.3123 -0.9447
vn 0.8884 0.0834 -0.4514
vn 0.0194 -0.3309 -0.9434
vn 0.0828 -0.0013 -0.9966
vn 0.0054 -0.2796 -0.9601
vn 0.6078 -0.2426 -0.7561
vn 0.5524 0.4418 -0.7068
vn 0.9593 -0.1116 -0.2593
vn -0.1666 -0.5834 -0.7949
vn 0.0848 -0.1922 -0.9777
vn 0.7610 -0.0987 -0.6412
vn 0.6594 -0.2494 -0.7092
vn 0.6913 -0.7019 -0.1714
vn 0.1334 -0.7239 -0.6769
vn 0.7450 -0.3331 -0.5779
vn 0.0327 -0.2207 -0.9748
vn 0.8928 -0.4505 -0.0004
vn 0.6594 -0.7517 -0.0053
vn 0.1502 -0.7417 -0.6537
vn 0.0735 0.0290 -0.9969
vn 0.7307 0.2090 0.6499
vn 0.6997 0.4474 0.5570
vn 0.0785 -0.2558 0.9635
vn 0.7180 -0.6936 0.0573
vn 0.9993 -0.0352 0.0137
vn 0.5945 -0.8040 0.0117
vn 0.6687 -0.7432 0.0200
vn 0.7210 -0.6929 -0.0017
vn 0.3091 -0.6491 -0.6950
vn 0.0706 0.0063 -0.9975
vn 0.6138 -0.7892 0.0189
vn 0.9979 -0.0019 0.0643
vn 0.9664 -0.2486 0.0645
vn 0.8388 -0.5407 0.0637
vn 0.6228 -0.7782 0.0802
vn 0.0815 0.8083 -0.5831
vn 0.1319 0.0176 0.9911
vn 0.5726 0.3489 0.7418
vn 0.1581 -0.6533 0.7403
vn 0.7089 0.0905 -0.6995
vn 0.6417 -0.1694 -0.7479
vn 0.6012 -0.1915 -0.7757
vn 0.3742 -0.3730 0.8490
vn -0.2983 0.7143 0.6330
vn -0.2567 0.7651 0.5905
vn 0.9937 -0.0700 -0.0879
vn 0.6096 -0.1715 -0.7739
vn 0.9017 0.0699 -0.4266
vn 0.5907 -0.2335 -0.7723
vn 0.5179 -0.5361 0.6666
vn 0.1662 -0.2807 -0.9453
vn 0.5547 -0.2438 -0.7955
vn 0.6442 -0.2120 -0.7349
vn 0.6310 -0.2113 -0.7464
vn 0.2687 0.7675 -0.5819
vn 0.6912 -0.3001 -0.6573
vn 0.6681 -0.2922 -0.6843
vn 0.0014 0.5286 0.8488
vn -0.0088 0.4100 0.9120
vn 0.0037 -0.0357 0.9993
vn 0.0963 -0.6924 0.7150
vn 0.6197 -0.4280 0.6578
vn 0.0323 -0.9890 0.1446
vn 0.5463 -0.8301 -0.1114
vn -0.0397 -0.6675 -0.7435
vn -0.0498 -0.2166 -0.9750
vn 0.0123 -0.1057 -0.9943
vn 0.7777 -0.1570 0.6087
vn 0.7059 -0.7082 0.0135
vn -0.0015 -0.9998 0.0201
vn 0.0069 -0.9991 -0.0407
vn 0.0175 -0.6864 -0.7270
vn 0.0047 0.1291 -0.9916
vn 0.0168 0.8266 -0.5625
vn -0.0018 -0.9986 -0.0520
vn 0.6514 -0.7241 -0.2265
vn 0.5161 -0.6995 0.4944
vn 0.0270 -0.8556 0.5169
vn 0.8047 -0.2195 -0.5516
vn 0.0273 -0.7846 -0.6193
vn 0.7735 -0.4418 0.4544
vn 0.4935 -0.8545 0.1620
vn -0.0024 -0.9790 0.2040
vn 0.2117 -0.9724 0.0980
vn 0.7395 -0.6647 0.1060
vn 0.8708 -0.4729 0.1342
vn 0.8234 -0.5600 0.0922
vn 0.3967 -0.9113 0.1098
vn 0.8614 -0.4869 0.1448
vn 0.5424 -0.8370 0.0717
vn 0.0548 -0.0284 -0.9981
vn 0.0714 0.0217 -0.9972
vn 0.8647 -0.4838 0.1349
vn 0.5015 -0.6525 0.5680
vn 0.6511 -0.7154 0.2534
vn 0.8147 0.0869 -0.5734
vn 0.7567 -0.2629 -0.5986
vn 0.7725 -0.1438 -0.6185
vn 0.3448 -0.2701 -0.8990
vn 0.7728 0.1486 -0.6170
vn 0.9328 -0.2763 0.2313
vn 0.5926 -0.4951 0.6353
vn 0.7695 -0.1232 -0.6267
vn 0.8965 -0.1269 -0.4244
vn 0.8073 -0.2408 -0.5387
vn 0.6987 -0.2780 -0.6591
vn 0.0689 -0.3593 -0.9306
vn 0.8865 -0.1621 -0.4334
vn 0.8928 -0.2026 -0.4022
vn 0.8953 0.3470 -0.2791
vn 0.8086 -0.3827 -0.4469
vn 0.7902 -0.5597 -0.2496
vn 0.8751 -0.4396 0.2019
vn 0.8543 -0.1017 -0.5096
vn 0.7245 -0.1624 -0.6698
vn 0.8787 -0.1671 -0.4472
vn 0.8640 -0.1435 -0.4825
vn 0.8156 -0.1523 -0.5582
vn 0.7630 -0.2249 -0.6060
vn 0.9332 -0.1107 -0.3420
vn -0.0012 0.4451 -0.8955
vn 0.0033 0.9503 -0.3113
vn -0.0021 0.9518 -0.3068
vn 0.8878 0.2469 -0.3883
vn 0.1073 -0.2517 -0.9618
vn 0.0069 -0.5923 0.8057
vn -0.0197 -0.9993 0.0311
vn 0.0276 -0.7772 -0.6287
vn 0.0209 0.2955 0.9551
vn 0.0757 0.0633 0.9951
vn 0.0239 -0.2355 0.9716
vn 0.0092 -0.9791 -0.2031
vn 0.0231 -0.5668 -0.8235
vn -0.0038 0.6373 -0.7705
vn 0.4797 -0.8770 0.0285
vn -0.0013 -0.9980 -0.0623
vn -0.0031 0.7841 -0.6206
vn 0.0421 -0.9981 0.0437
vn 0.0625 -0.9978 0.0223
vn 0.6898 -0.6728 0.2673
vn 0.4507 -0.7971 -0.4019
vn 0.6378 0.1292 -0.7593
vn 0.9811 -0.1742 -0.0844
vn 0.9911 0.0501 -0.1236
vn 0.7227 -0.6643 0.1906
vn 0.6941 -0.6325 -0.3438
vn -0.0115 -0.9652 0.2612
vn -0.0235 -0.9987 0.0459
vn -0.0046 -0.7839 -0.6209
vn 0.1311 -0.9654 0.2253
vn 0.0323 -0.2814 -0.9590
vn 0.1471 -0.9867 -0.0688
vn 0.5846 -0.3165 -0.7470
vn 0.8581 -0.2385 -0.4547
vn 0.0891 -0.2643 -0.9603
vn 0.8914 -0.3502 -0.2876
vn 0.0795 -0.9062 -0.4153
vn 0.6634 -0.0591 -0.7459
vn 0.2277 -0.4489 -0.8640
vn 0.4094 -0.4082 0.8159
vn 0.7644 -0.6336 0.1189
vn 0.3513 -0.9309 0.0997
vn 0.2887 -0.9487 -0.1290
vn 0.8804 -0.1541 -0.4485
vn 0.7003 0.0088 -0.7137
vn 0.2439 -0.3095 -0.9191
vn -0.1402 0.8186 -0.5570
vn 0.0925 -0.6997 -0.7084
vn -0.0192 -0.9283 0.3713
vn 0.1090 -0.9804 0.1637
vn 0.6854 -0.2684 -0.6768
vn 0.0877 -0.3607 -0.9285
vn 0.6608 0.7439 -0.0996
vn 0.6091 0.7825 0.1292
vn 0.0621 0.9860 0.1548
vn 0.1740 -0.9580 -0.2279
vn 0.6341 -0.3097 -0.7084
vn 0.0535 -0.2961 -0.9536
vn 0.8026 -0.2803 -0.5266
vn 0.8421 -0.5263 -0.1173
vn 0.6257 -0.3326 -0.7056
vn 0.1647 -0.2972 -0.9405
vn 0.9169 -0.2029 -0.3436
vn 0.8791 -0.3486 -0.3251
vn 0.0666 -0.6504 -0.7566
vn 0.9033 0.1984 -0.3802
vn 0.1735 -0.0505 -0.9835
vn 0.0926 0.7302 -0.6768
vn 0.5717 -0.3309 -0.7507
vn 0.0102 -0.7173 -0.6967
vn 0.0283 -0.0327 -0.9991
vn 0.0212 0.1349 -0.9906
vn 0.0161 0.7811 -0.6242
vn 0.0948 -0.8767 0.4715
vn 0.0086 -0.0065 -0.9999
vn 0.0079 -0.9991 0.0411
vn -0.0011 -0.1435 -0.9896
vn -0.0050 0.0880 -0.9961
vn 0.0247 0.6222 -0.7825
vn -0.0164 -0.9074 0.4200
vn 0.0188 -0.9994 0.0283
vn -0.0099 -0.0956 -0.9954
vn 0.7396 0.3074 -0.5987
vn -0.0157 -0.6364 -0.7711
vn 0.1887 -0.9168 0.3518
vn 0.1156 -0.9899 0.0821
vn 0.0002 -0.3435 -0.9391
vn 0.0401 -0.4289 -0.9024
vn 0.0208 -0.9993 -0.0314
vn -0.0492 0.4747 -0.8787
vn -0.0059 -0.9993 0.0373
vn -0.0280 -0.9684 -0.2475
vn 0.6766 -0.2734 -0.6837
vn -0.0155 -0.3470 -0.9377
vn -0.0158 -0.9982 -0.0579
vn -0.0154 -0.9144 -0.4044
vn -0.0013 -0.4801 -0.8772
vn 0.0194 -0.1334 -0.9908
vn 0.0773 -0.6333 0.7700
vn 0.0187 0.6808 -0.7322
vn 0.0005 -0.9995 0.0318
vn 0.0206 0.0484 0.9986
vn 0.0354 -0.0607 0.9975
vn 0.0241 -0.3746 0.9269
vn -0.0107 -0.7556 -0.6550
vn -0.0048 -0.9092 0.4163
vn -0.0020 -0.3052 -0.9523
vn -0.0045 0.6472 -0.7622
vn 0.0021 -0.9648 0.2627
vn 0.0007 -0.1241 -0.9922
vn 0.0164 0.0533 0.9984
vn 0.0073 -0.9997 0.0219
vn 0.0049 -1.0000 0.0030
vn -0.0011 0.2804 -0.9598
vn 0.0116 -0.5918 0.8059
vn -0.0042 -0.9862 -0.1652
vn -0.0169 -0.9699 0.2427
vn 0.0686 -0.9849 0.1587
vn 0.0100 -0.3619 0.9322
vn -0.0039 -0.9844 0.1759
vn -0.0308 -0.6513 -0.7582
vn 0.0465 0.0000 0.9989
vn 0.0690 -0.2100 0.9752
vn 0.0029 -1.0000 -0.0069
vn -0.0017 0.7557 -0.6548
vn 0.0265 0.6932 -0.7202
vn 0.0424 -0.1902 -0.9808
vn 0.0010 -0.9993 0.0360
vn 0.0033 -0.8224 0.5688
vn 0.0259 -0.9694 0.2440
vn 0.0020 -0.2978 -0.9546
vn -0.0014 -0.2785 -0.9604
vn -0.0041 -0.9520 -0.3061
vn -0.0109 0.3347 -0.9422
vn 0.1531 -0.3329 0.9304
vn 0.0430 -0.4240 0.9046
vn 0.0294 -0.9288 0.3694
vn -0.0007 -0.3456 -0.9384
vn 0.0015 -0.3340 -0.9425
vn -0.0130 -0.7639 -0.6452
vn 0.0057 -0.3163 -0.9486
vn 0.0022 -0.7594 -0.6506
vn 0.7851 0.1797 0.5928
vn 0.0092 -0.6436 -0.7653
vn -0.0052 -0.6059 0.7955
vn -0.0051 -0.9011 0.4335
vn -0.0110 -0.9820 -0.1885
vn -0.0063 -0.9719 0.2354
vn -0.0216 -0.9760 -0.2167
vn -0.0022 0.0381 -0.9993
vn 0.0014 -0.0877 -0.9961
vn 0.0035 -0.9994 0.0345
vn 0.0289 -0.7826 -0.6218
vn 0.0225 0.2621 -0.9648
vn -0.0010 0.4579 -0.8890
vn 0.0095 -0.7895 0.6136
vn 0.0020 -0.9980 -0.0623
vn 0.0007 0.0779 -0.9969
vn -0.0042 -0.1540 -0.9880
vn -0.0133 -0.3440 -0.9388
vn 0.0083 -0.3682 0.9297
vn 0.0025 -0.9991 0.0410
vn 0.0019 -0.4640 -0.8858
vn -0.0007 -0.1287 -0.9917
vn 0.0007 -0.1129 -0.9936
vn 0.0143 -0.7989 0.6013
vn 0.0046 -0.6771 -0.7359
vn 0.0008 0.0061 -1.0000
vn 0.0052 -0.8302 0.5574
vn -0.0011 -0.9067 0.4217
vn 0.0010 -0.9986 -0.0533
vn -0.0671 0.5241 0.8490
vn -0.0608 0.8614 0.5043
vn -0.0714 0.9920 0.1042
vn -0.0003 -0.3423 -0.9396
vn -0.0220 -0.9871 0.1588
vn -0.0025 -0.2951 -0.9554
vn -0.0024 -0.3669 -0.9302
vn 0.0078 -0.7507 -0.6606
vn -0.0034 -0.9330 -0.3598
vn 0.0016 0.1170 -0.9931
vn 0.0150 -0.2409 -0.9704
vn 0.0039 -0.0115 -0.9999
vn 0.0050 -0.5971 -0.8021
vn 0.0279 -0.5977 0.8012
vn 0.0058 -0.6847 0.7288
vn 0.0010 -0.7143 -0.6998
vn 0.0018 -0.9984 -0.0565
vn 0.0043 -0.9139 0.4059
vn 0.0077 -0.9588 0.2838
vn 0.0065 -0.3171 -0.9483
vn 0.0013 0.7649 -0.6441
vn 0.0016 -0.9995 -0.0328
vn 0.0003 0.0463 0.9989
vn 0.0033 -0.4284 0.9036
vn -0.0002 -0.9715 0.2371
vn -0.1247 -0.9869 -0.1021
vn -0.0905 -0.6107 -0.7866
vn -0.0031 -0.4056 -0.9140
vn 0.0010 -0.0306 -0.9995
vn 0.0078 0.1165 -0.9931
vn -0.0001 -0.9992 0.0385
vn 0.0125 0.2354 -0.9718
vn 0.0004 -0.2047 -0.9788
vn 0.0060 0.0773 -0.9970
vn -0.0008 -0.9106 0.4133
vn -0.0023 -0.2900 0.9570
vn -0.0067 -0.9481 -0.3178
vn 0.0085 0.2945 -0.9556
vn 0.0002 0.7636 -0.6456
vn -0.0026 -0.9997 0.0223
vn -0.0078 -0.3208 -0.9471
vn -0.0088 0.4556 -0.8901
vn 0.0018 -0.8984 0.4392
vn -0.0029 -0.9997 -0.0254
vn -0.0113 -0.1538 -0.9880
vn 0.0288 0.6048 0.7958
vn 0.0107 0.4725 0.8812
vn 0.0104 0.8428 -0.5382
vn 0.0107 0.6784 -0.7346
vn -0.0009 -0.6430 -0.7658
vn -0.0054 -0.3397 -0.9405
vn 0.0096 -0.8548 0.5188
vn -0.0011 -0.6965 -0.7175
vn -0.0082 -0.7480 0.6636
vn -0.0043 -0.9611 0.2762
vn -0.0178 -0.9909 0.1329
vn -0.1532 -0.8728 -0.4633
vn 0.0000 -0.3295 -0.9442
vn 0.0000 -0.3210 -0.9471
vn -0.0187 -0.5786 -0.8154
vn 0.0049 0.0021 -1.0000
vn 0.0111 -0.8027 -0.5962
vn 0.0011 -0.9966 0.0821
vn -0.0035 -0.9590 0.2833
vn -0.0045 -0.2944 -0.9557
vn -0.0008 -0.3469 -0.9379
vn 0.0131 0.6670 -0.7450
vn 0.0041 -0.7595 -0.6504
vn 0.0099 0.1856 -0.9826
vn 0.0013 -0.6630 -0.7486
vn -0.0024 -0.3512 -0.9363
vn -0.0069 -0.2128 -0.9771
vn 0.0100 -0.6560 -0.7547
vn 0.0104 -0.1770 -0.9841
vn 0.0141 0.0211 -0.9997
vn 0.0031 0.2514 -0.9679
vn 0.0040 -0.2504 0.9681
vn -0.0049 -0.3065 -0.9518
vn 0.0060 -0.9972 0.0742
vn 0.0125 0.5257 -0.8506
vn 0.0878 -0.6575 -0.7483
vn -0.0184 -0.1031 -0.9945
vn -0.0107 -0.0499 -0.9987
vn 0.0010 0.7443 -0.6677
vn 0.0048 -0.9989 0.0454
vn 0.0045 -0.0063 -1.0000
vn 0.1273 -0.8918 -0.4340
vn 0.0005 -0.9769 -0.2136
vn 0.0037 -0.1482 -0.9889
vn -0.0014 -0.7554 -0.6552
vn 0.0848 -0.9915 -0.0981
vn 0.0045 -0.9716 0.2366
vn -0.0206 0.5086 0.8607
vn -0.0439 0.7207 0.6918
vn -0.0235 0.0514 0.9984
vn 0.0014 -0.6950 -0.7190
vn 0.0020 -0.0226 -0.9997
vn 0.0041 0.6695 -0.7428
vn 0.0007 0.8108 -0.5853
vn 0.0019 -0.9978 0.0653
vn 0.0011 -1.0000 0.0025
vn -0.0016 -0.7784 0.6278
vn -0.0054 -0.1201 -0.9927
vn 0.0004 -0.3223 -0.9466
vn 0.0062 0.7854 -0.6189
vn 0.0054 -0.9960 0.0887
vn -0.0002 -0.9726 -0.2323
vn 0.0017 -0.1819 -0.9833
vn -0.0024 0.0593 -0.9982
vn 0.0042 0.6338 -0.7735
vn -0.0011 -0.9671 0.2542
vn 0.0012 -0.9894 0.1449
vn -0.0011 -0.9178 0.3970
vn 0.0071 -0.8320 0.5547
vn 0.0171 0.0637 -0.9978
vn -0.0003 0.9700 -0.2429
vn 0.0004 0.9551 -0.2962
vn -0.0029 0.0859 -0.9963
vn 0.0161 0.7226 0.6910
vn 0.0186 0.0778 0.9968
vn 0.0011 -0.9984 0.0554
vn -0.0026 -0.9993 0.0362
vn -0.0091 -0.8197 0.5726
vn 0.0014 -0.9839 -0.1786
vn 0.0139 -0.7501 0.6612
vn 0.0014 -0.9985 -0.0545
vn 0.0016 0.0201 -0.9998
vn 0.0065 0.2373 -0.9714
vn 0.0060 -0.1000 -0.9949
vn 0.0040 -0.5595 0.8288
vn 0.0022 -0.9485 -0.3165
vn -0.0106 -0.9991 0.0408
vn 0.0031 -0.9975 -0.0710
vn -0.0047 -0.0880 -0.9961
vn 0.0079 -0.7764 -0.6301
vn 0.0015 -0.8675 0.4974
vn -0.0069 -0.9191 0.3939
vn -0.0160 -0.9517 0.3065
vn 0.0007 -0.9669 0.2549
vn -0.0994 -0.9926 -0.0697
vn -0.0951 -0.6419 -0.7609
vn -0.0042 0.3934 -0.9194
vn -0.0036 -0.7620 -0.6475
vn -0.0091 -0.6897 -0.7240
vn -0.0163 0.7047 -0.7093
vn 0.0052 0.0242 -0.9997
vn 0.0027 0.0905 -0.9959
vn 0.0004 -0.3070 -0.9517
vn -0.0043 -0.4224 0.9064
vn -0.0016 -0.3658 -0.9307
vn -0.1898 -0.8826 -0.4300
vn -0.0068 0.5569 -0.8305
vn -0.0187 0.0016 -0.9998
vn 0.0008 0.7794 -0.6265
vn -0.0005 -0.6877 -0.7259
vn 0.0031 0.5101 -0.8601
vn -0.0002 -0.3916 -0.9201
vn -0.0038 -0.3595 -0.9331
vn 0.0026 -0.2577 -0.9662
vn 0.0015 0.7065 -0.7077
vn -0.0014 0.5826 0.8127
vn -0.0020 -0.6554 0.7552
vn 0.0036 -0.6915 0.7224
vn -0.0072 -0.6881 0.7255
vn 0.0045 -0.8368 0.5475
vn 0.0019 -0.6599 -0.7513
vn -0.0023 -0.1658 -0.9861
vn -0.0042 -0.9975 -0.0709
vn 0.0030 -0.3534 -0.9355
vn -0.0040 -0.6537 0.7567
vn 0.0029 -0.9965 -0.0839
vn -0.0021 0.2711 -0.9625
vn 0.0064 -0.6056 -0.7957
vn 0.0017 -0.4378 -0.8991
vn -0.0044 -0.1570 -0.9876
vn 0.0036 -0.9266 0.3759
vn -0.0112 -0.6614 -0.7499
vn 0.0107 -0.1666 -0.9860
vn -0.0029 -0.9983 -0.0580
vn -0.0017 -0.9030 -0.4295
vn -0.0113 -0.0275 -0.9995
vn 0.0065 0.7623 -0.6472
vn 0.0050 -0.7349 0.6781
vn -0.0050 0.0645 -0.9979
vn -0.0091 -0.9749 0.2224
vn 0.0046 -0.6629 -0.7487
vn -0.0015 -0.7624 0.6471
vn -0.0069 -0.9682 0.2499
vn -0.0084 -0.9540 0.2997
vn 0.0339 0.7783 -0.6270
vn -0.0044 -0.6925 -0.7214
vn -0.0106 0.1075 -0.9941
vn 0.0015 -0.9987 0.0505
vn -0.0184 0.1532 -0.9880
vn -0.0045 -0.8980 0.4398
vn 0.0010 -0.9954 0.0953
vn -0.0055 -0.8798 0.4752
vn 0.0074 0.2606 0.9654
vn 0.0066 -0.2368 0.9715
vn 0.0144 -0.0482 0.9987
vn -0.0025 -0.3843 -0.9232
vn -0.0060 -0.3217 -0.9468
vn 0.0152 -0.7020 0.7120
vn -0.0024 -0.3285 -0.9445
vn 0.0304 0.1941 -0.9805
vn 0.0207 -0.6505 0.7592
vn -0.0066 -0.1270 -0.9919
vn 0.0000 -0.9999 0.0081
vn 0.0126 -0.8312 0.5557
vn -0.0022 -0.0638 -0.9980
vn 0.0007 -0.7356 -0.6773
vn -0.0112 -0.1486 -0.9888
vn 0.0019 -0.9997 -0.0257
vn 0.0135 0.0291 -0.9995
vn 0.0034 0.5032 -0.8642
vn -0.0045 -0.2306 -0.9730
vn -0.0041 -0.7544 -0.6564
vn 0.0000 0.7841 -0.6207
vn -0.0026 -0.9746 -0.2237
vn -0.0016 0.0888 0.9960
vn -0.0046 -0.2804 0.9598
vn 0.0411 -0.2409 0.9697
vn -0.0041 -0.9637 0.2669
vn 0.0917 -0.9951 -0.0379
vn 0.0074 -0.4906 0.8713
vn -0.0002 -0.9986 0.0519
vn -0.0070 -0.0231 -0.9997
vn -0.0882 0.8387 -0.5373
vn -0.0153 0.0162 -0.9997
vn 0.0017 -0.9994 0.0345
vn -0.0036 -0.9984 0.0572
vn -0.0048 -0.9516 -0.3071
vn 0.0018 -0.9851 0.1721
vn 0.0806 -0.7518 -0.6544
vn -0.0154 -0.1452 -0.9893
vn -0.0029 -0.3566 0.9342
vn 0.0086 -0.1470 -0.9891
vn -0.0019 -0.6791 -0.7340
vn -0.0007 -0.8928 0.4505
vn -0.0067 -0.9746 0.2236
vn -0.0112 -0.9943 0.1061
vn -0.0114 -0.9997 -0.0212
vn -0.0020 -0.6764 0.7366
vn 0.1865 -0.9003 -0.3933
vn -0.0023 0.6115 -0.7913
vn 0.0012 0.0327 -0.9995
vn 0.0029 -0.6606 -0.7507
vn 0.0006 -0.9985 -0.0543
vn 0.0140 0.1645 -0.9863
vn -0.0007 -0.9987 0.0509
vn -0.0034 -0.1827 -0.9832
vn -0.0164 -0.0454 -0.9988
vn 0.0031 -1.0000 -0.0032
vn 0.0746 -0.0059 0.9972
vn -0.0168 -0.9585 0.2846
vn -0.0025 -0.7469 0.6648
vn 0.0002 0.0621 -0.9980
vn 0.0005 -0.0008 -1.0000
vn 0.0006 -0.9806 0.1958
vn -0.0065 -0.7293 0.6841
vn 0.0010 -0.3378 -0.9412
vn -0.0202 -0.8209 0.5707
vn 0.0065 0.4197 -0.9076
vn -0.0835 -0.6119 -0.7865
vn -0.0031 -0.3448 -0.9387
vn -0.0069 -0.8006 -0.5991
vn 0.0065 -0.6613 0.7501
vn 0.0084 0.6110 -0.7916
vn -0.1026 -0.9940 -0.0373
vn -0.0057 -0.1443 -0.9895
vn 0.0018 -0.1187 -0.9929
vn 0.0019 0.0307 -0.9995
vn -0.0028 -0.8206 0.5715
vn 0.0038 -0.6858 -0.7278
vn 0.0121 -0.1696 -0.9854
vn -0.0024 -0.9998 0.0168
vn -0.2184 -0.8965 -0.3855
vn -0.0025 -0.6618 0.7496
vn -0.0121 -0.1708 -0.9852
vn -0.0143 -0.9992 0.0358
vn -0.0002 -0.0685 -0.9977
vn 0.0113 -0.1864 -0.9824
vn -0.0028 -0.9969 -0.0779
vn -0.0027 -0.6760 -0.7368
vn -0.0016 0.7848 -0.6197
vn -0.0026 -0.9954 0.0954
vn -0.0005 -0.5888 -0.8083
vn -0.0023 -0.2321 -0.9727
vn 0.0007 -0.7098 0.7043
vn -0.0085 -0.0392 -0.9992
vn -0.0756 0.0946 -0.9926
vn 0.0060 0.0083 -0.9999
vn 0.0015 0.0978 -0.9952
vn -0.0026 -0.1724 -0.9850
vn -0.0040 -0.7945 0.6072
vn 0.0023 -0.9945 -0.1044
vn -0.0162 -0.7007 -0.7132
vn -0.0003 -0.3229 -0.9464
vn -0.0085 -0.5090 -0.8607
vn -0.0010 -0.5440 0.8391
vn -0.0103 -0.9935 0.1134
vn 0.0011 -0.3269 -0.9451
vn -0.0013 -0.3662 -0.9305
vn -0.0140 -0.9961 -0.0874
vn -0.0051 -0.9978 0.0661
vn -0.0050 -0.3454 -0.9384
vn 0.0053 -0.9946 0.1033
vn -0.0112 -0.6719 -0.7405
vn -0.0824 0.5996 -0.7960
vn -0.0113 -0.9085 0.4177
vn -0.0014 -0.3859 -0.9225
vn -0.0203 -0.9741 0.2252
vn 0.0230 -0.9987 -0.0464
vn 0.0013 -0.3131 -0.9497
vn -0.0042 -0.9552 0.2960
vn 0.0047 -0.6406 0.7679
vn 0.0030 -0.9981 -0.0606
vn -0.0027 0.1655 -0.9862
vn 0.0023 0.7917 -0.6109
vn -0.0107 -0.9943 -0.1064
vn 0.0079 -0.9589 0.2836
vn 0.0005 -0.9402 -0.3405
vn -0.0063 -0.0387 -0.9992
vn 0.0007 0.3254 -0.9456
vn -0.0052 -0.9993 0.0364
vn -0.0121 -0.3159 0.9487
vn 0.0008 -0.3404 -0.9402
vn 0.0241 -0.8379 0.5452
vn -0.0011 0.0128 -0.9999
vn 0.0003 -0.9987 0.0499
vn -0.0030 -0.1501 -0.9886
vn 0.0014 -0.6347 -0.7728
vn 0.0011 0.9592 -0.2828
vn 0.0019 0.9830 -0.1837
vn -0.0005 0.9601 -0.2797
vn -0.0458 0.4671 0.8830
vn -0.0739 0.8110 0.5803
vn -0.0352 0.0638 0.9973
vn 0.0146 -0.3399 0.9403
vn 0.0117 -0.6729 -0.7396
vn 0.0090 -0.8258 -0.5639
vn 0.0142 -0.9974 0.0702
vn 0.0056 -0.9980 -0.0626
vn -0.0048 -0.9554 -0.2952
vn 0.0002 -0.1117 -0.9937
vn 0.0004 0.0388 -0.9992
vn -0.0014 -0.3675 -0.9300
vn -0.0104 -0.9971 -0.0746
vn -0.0024 -0.9022 -0.4313
vn -0.0108 -0.3547 -0.9349
vn -0.0042 -0.3614 -0.9324
vn 0.0006 -0.9974 -0.0722
vn -0.0048 -0.2639 -0.9645
vn 0.0168 -0.6532 0.7570
vn -0.0041 -0.9970 0.0772
vn -0.0086 -0.6407 -0.7677
vn -0.0052 -0.8671 0.4981
vn -0.0067 -0.9593 0.2824
vn 0.0001 -0.9501 0.3119
vn 0.0107 -0.7263 -0.6872
vn -0.0026 -0.1088 -0.9940
vn -0.0095 -0.7565 0.6539
vn 0.0013 -0.0074 -1.0000
vn 0.0056 -0.7615 0.6481
vn 0.0027 -0.9404 -0.3400
vn -0.0094 -0.9250 0.3799
vn -0.0006 -0.9825 -0.1860
vn 0.0105 0.0291 -0.9995
vn -0.0014 0.7768 -0.6297
vn -0.0038 -0.9725 0.2329
vn -0.0125 -0.9977 0.0673
vn -0.0171 -0.9992 0.0345
vn 0.0014 0.5853 -0.8108
vn -0.0079 -0.6569 -0.7539
vn 0.0030 -0.5137 -0.8579
vn -0.0042 -0.5301 -0.8479
vn -0.0012 -0.0116 -0.9999
vn -0.0149 -0.0450 -0.9989
vn 0.0053 -0.1877 -0.9822
vn -0.0054 0.7814 -0.6240
vn 0.0081 0.1651 -0.9862
vn 0.0013 -0.6001 -0.7999
vn 0.0034 -0.0441 -0.9990
vn -0.0219 -0.7747 0.6319
vn -0.0013 -0.3913 -0.9203
vn -0.0024 0.6641 -0.7476
vn 0.0063 -0.6547 0.7559
vn 0.0157 -0.6993 0.7147
vn 0.0028 0.1537 -0.9881
vn 0.0056 0.0246 -0.9997
vn -0.0014 -0.5979 -0.8016
vn -0.0007 -0.4046 -0.9145
vn 0.0000 -0.9940 0.1088
vn 0.0000 -0.2243 -0.9745
vn -0.0215 -0.8904 0.4547
vn 0.0016 -0.4656 0.8850
vn 0.0006 -0.9626 -0.2708
vn -0.0088 -0.9955 0.0942
vn -0.0078 -0.9757 0.2190
vn 0.0302 0.1419 -0.9894
vn 0.0032 -0.7760 -0.6307
vn -0.0190 -0.8968 0.4419
vn 0.0021 -0.9492 0.3148
vn 0.0384 -0.6464 -0.7620
vn 0.0245 -0.8655 -0.5003
vn 0.0015 0.0853 -0.9963
vn 0.0117 0.4746 -0.8801
vn -0.0169 0.6195 -0.7848
vn 0.0515 -0.6139 0.7877
vn 0.0074 0.0066 -0.9999
vn 0.0195 -0.0830 -0.9963
vn -0.0079 -0.9640 -0.2657
vn -0.0018 0.5016 0.8650
vn -0.0144 -0.0453 -0.9989
vn -0.0047 -0.9921 0.1252
vn 0.0027 -0.7094 0.7048
vn -0.0080 -0.9522 0.3052
vn -0.0063 -0.6829 0.7305
vn -0.0006 -0.9854 -0.1700
vn 0.0719 -0.9620 0.2634
vn 0.0010 -0.9997 0.0255
vn 0.0030 -1.0000 0.0005
vn -0.0027 -0.9992 0.0387
vn -0.0010 -0.1674 -0.9859
vn 0.0038 -0.6227 0.7824
vn -0.0121 -0.9992 0.0380
vn 0.0023 -0.3247 -0.9458
vn 0.0004 -0.3587 -0.9334
vn -0.0020 -0.3605 -0.9327
vn -0.0049 -0.0627 -0.9980
vn 0.0108 -0.6528 0.7574
vn 0.0308 -0.9976 -0.0619
vn 0.0038 -0.9995 0.0322
vn 0.0052 -0.1139 -0.9935
vn 0.0054 -0.9929 -0.1186
vn -0.0121 -0.7901 0.6129
vn -0.0052 -0.9982 0.0600
vn -0.0046 -0.7521 0.6590
vn -0.0103 -0.2532 0.9673
vn 0.0002 -0.3693 -0.9293
vn 0.0039 -0.6580 0.7530
vn -0.0032 0.6784 -0.7346
vn 0.0090 -0.5072 0.8618
vn 0.0002 -0.9940 0.1097
vn -0.1442 0.3974 0.9062
vn -0.1082 0.4827 0.8691
vn -0.0902 0.0764 0.9930
vn 0.0047 -0.9998 -0.0189
vn 0.0150 -0.0155 -0.9998
vn -0.0084 -0.9985 0.0534
vn -0.0042 -0.9646 0.2637
vn -0.0009 -0.8943 0.4474
vn 0.0000 0.6279 -0.7783
vn -0.0074 -0.5765 -0.8170
vn 0.0040 0.1578 -0.9875
vn -0.0608 -0.2670 0.9618
vn -0.0035 -0.9093 0.4160
vn -0.0037 -0.9873 -0.1588
vn 0.0027 0.2261 -0.9741
vn -0.0013 -0.4507 -0.8926
vn 0.0016 -0.6721 0.7404
vn 0.0141 -0.9607 -0.2773
vn 0.0020 -0.9272 -0.3744
vn 0.0042 -0.3973 -0.9177
vn 0.0024 0.7918 -0.6108
vn 0.0017 -0.3223 -0.9466
vn -0.0029 0.0431 -0.9991
vn 0.0056 0.5426 0.8399
vn 0.0109 -0.2116 0.9773
vn 0.0007 0.6246 -0.7809
vn 0.0072 0.0707 -0.9975
vn -0.0023 -0.9927 0.1205
vn 0.0010 -0.1145 -0.9934
vn 0.0033 -0.6149 -0.7885
vn -0.0085 -0.9620 0.2727
vn -0.0086 -0.6806 0.7326
vn 0.0004 -0.3261 -0.9453
vn -0.0045 -0.8831 -0.4692
vn -0.0027 -0.9849 -0.1731
vn -0.0034 -0.5231 -0.8523
vn -0.0030 -0.8373 0.5467
vn 0.0065 -0.5878 -0.8090
vn -0.0059 -0.9961 0.0877
vn -0.0019 -0.6325 -0.7745
vn -0.0028 -0.6659 0.7460
vn 0.0022 -0.0308 -0.9995
vn 0.0023 0.7349 -0.6781
vn 0.0011 0.0305 -0.9995
vn -0.0013 0.1448 -0.9894
vn 0.0041 0.6889 -0.7248
vn -0.0047 -0.9911 0.1329
vn 0.0036 0.4859 -0.8740
vn -0.0014 -0.3518 -0.9361
vn -0.0172 -0.3577 -0.9337
vn 0.0022 -0.1661 -0.9861
vn -0.0033 -0.5716 0.8205
vn 0.0077 -0.0641 0.9979
vn 0.0016 -0.9965 0.0832
vn 0.0017 -0.3712 -0.9286
vn -0.0004 -0.3586 -0.9335
vn 0.0010 -0.9981 -0.0613
vn -0.0068 0.6014 -0.7989
vn 0.0083 0.0489 -0.9987
vn 0.0192 -0.9117 0.4104
vn 0.0050 -0.1384 -0.9904
vn -0.0005 0.2764 -0.9610
vn 0.0009 -0.6079 0.7940
vn -0.0019 -0.9662 -0.2575
vn -0.0097 -0.9522 0.3053
vn -0.0013 -0.9995 -0.0308
vn 0.0143 -0.4296 0.9029
vn -0.0028 -0.5484 -0.8361
vn -0.0001 -0.2368 -0.9716
vn -0.0002 -0.0966 -0.9953
vn -0.0006 0.6836 -0.7299
vn 0.0003 -0.9980 0.0628
vn 0.0014 -0.9994 -0.0357
vn -0.0063 -0.9467 0.3219
vn 0.0020 -0.9254 -0.3789
vn 0.0039 -0.7545 -0.6563
vn 0.0003 -0.9682 0.2500
vn -0.0013 -0.9384 -0.3456
vn 0.0042 -0.5860 -0.8103
vn -0.0080 -0.6353 0.7722
vn 0.0056 -0.6385 0.7696
vn -0.0026 -0.5907 -0.8068
vn -0.0060 0.0526 -0.9986
vn 0.0070 0.7552 -0.6555
vn -0.0016 -0.9991 -0.0416
vn 0.0019 -0.0424 -0.9991
vn 0.0003 -0.3756 -0.9268
vn -0.0034 -0.5025 -0.8645
vn 0.0016 -0.9645 -0.2640
vn -0.0466 0.2388 0.9699
vn -0.0245 -0.0237 0.9994
vn -0.0112 -0.0370 0.9992
vn -0.0029 -0.5524 -0.8336
vn -0.0038 0.0522 -0.9986
vn 0.0004 -0.0202 -0.9998
vn 0.0004 -0.7067 0.7075
vn -0.0049 -0.5756 0.8177
vn -0.0134 -0.9074 0.4201
vn -0.0067 -0.9797 0.2004
vn -0.0059 -0.5980 -0.8014
vn -0.0032 0.6274 -0.7787
vn -0.0031 -0.9840 -0.1779
vn -0.0244 -0.0096 0.9996
vn -0.1184 -0.8793 0.4613
vn -0.0041 -0.9999 0.0070
vn -0.0072 -0.9986 -0.0516
vn 0.0005 -0.9570 0.2900
vn -0.0033 -0.6778 0.7352
vn 0.0016 -0.3936 -0.9192
vn 0.0014 0.2720 -0.9623
vn -0.0055 -0.9937 0.1119
vn 0.0016 -0.4778 -0.8784
vn -0.0029 -0.9368 0.3499
vn 0.0000 -0.3496 -0.9369
vn 0.0001 0.0914 -0.9958
vn -0.0290 -0.9375 0.3466
vn 0.0068 0.0473 -0.9988
vn -0.1480 -0.5741 0.8053
vn -0.1202 -0.1558 0.9804
vn -0.0027 -0.9586 -0.2845
vn -0.0001 -0.4624 0.8866
vn -0.0003 0.0373 -0.9993
vn -0.0030 0.5286 -0.8489
vn -0.0048 -0.1538 0.9881
vn -0.0065 -0.9858 -0.1679
vn -0.0082 -0.9986 0.0515
vn -0.0009 -0.1166 -0.9932
vn -0.0081 -0.9915 0.1292
vn -0.0009 -0.3498 -0.9368
vn -0.0019 -0.0826 -0.9966
vn 0.0028 -0.0214 0.9998
vn -0.0091 -0.9992 0.0385
vn 0.0002 -0.8897 0.4565
vn -0.0002 -0.3226 -0.9465
vn -0.0017 -0.3431 -0.9393
vn -0.0017 0.6345 -0.7729
vn -0.0085 -0.9996 -0.0249
vn -0.0160 -0.7521 -0.6588
vn 0.0099 0.0221 -0.9997
vn -0.0032 -1.0000 0.0044
vn 0.0024 -0.6963 -0.7177
vn 0.0045 -0.0088 -0.9999
vn 0.0004 0.7575 -0.6529
vn 0.0003 0.1638 -0.9865
vn -0.0021 -0.8909 -0.4542
vn 0.0046 -0.9968 0.0800
vn -0.0087 -0.9780 0.2083
vn 0.0040 -0.9464 0.3229
vn 0.0107 -0.7492 0.6622
vn -0.0218 -0.9715 -0.2360
vn -0.0254 -0.5260 -0.8500
vn 0.0097 -0.8062 0.5915
vn -0.0041 -0.9995 0.0324
vn -0.0035 0.7712 -0.6366
vn -0.0059 -0.9993 0.0362
vn 0.0015 -0.9953 0.0970
vn -0.0027 -0.9559 -0.2936
vn 0.0123 0.0591 -0.9982
vn -0.0126 0.7733 -0.6339
vn -0.0093 -0.9977 0.0661
vn 0.0012 -0.7381 0.6747
vn 0.0009 -0.9706 0.2408
vn -0.0006 -0.7152 0.6989
vn 0.0008 -0.3569 -0.9341
vn -0.0002 -0.3670 -0.9302
vn 0.0020 -0.9876 0.1566
vn 0.0104 -0.6041 -0.7968
vn -0.0094 -0.0656 0.9978
vn -0.0116 -0.4043 0.9145
vn -0.0224 -0.5920 0.8056
vn 0.1973 -0.5570 0.8067
vn 0.0002 0.3092 -0.9510
vn 0.0002 -0.9591 0.2831
vn 0.0026 0.6063 -0.7952
vn 0.0016 -0.6392 0.7690
vn 0.0034 -0.7204 0.6935
vn -0.0091 -0.9984 -0.0566
vn 0.0973 -0.8714 0.4808
vn -0.0019 0.0529 -0.9986
vn 0.0000 -0.9199 -0.3919
vn 0.0019 -0.9322 -0.3619
vn -0.0190 -0.9198 0.3919
vn -0.0011 -0.8986 -0.4388
vn 0.0005 -0.3445 -0.9387
vn 0.0013 -0.5422 -0.8402
vn -0.0093 -0.9989 0.0447
vn -0.0022 -0.1561 -0.9877
vn -0.0134 -0.5710 0.8208
vn -0.0030 -0.9461 0.3239
vn -0.0081 -0.6294 0.7770
vn 0.0015 0.9291 -0.3697
vn 0.0031 0.9227 -0.3855
vn -0.0016 0.9884 -0.1516
vn 0.0023 -0.9850 -0.1723
vn -0.0162 0.0116 -0.9998
vn 0.0058 -0.4442 0.8959
vn -0.0021 -0.6089 -0.7932
vn 0.0009 -0.2320 -0.9727
vn 0.0030 -0.3108 -0.9504
vn 0.0016 -0.9738 -0.2272
vn 0.0023 -0.9479 0.3185
vn 0.0016 -0.9784 0.2068
vn -0.0190 0.6156 -0.7878
vn -0.0014 -0.5905 -0.8070
vn 0.0059 -0.6920 0.7219
vn 0.0137 -0.0285 -0.9995
vn -0.0016 -0.4914 -0.8709
vn 0.0036 -0.9978 0.0666
vn 0.0005 -0.0217 -0.9998
vn 0.0162 -0.8573 -0.5145
vn 0.0200 -0.3269 -0.9448
vn 0.0287 0.0064 0.9995
vn 0.0008 -0.1531 -0.9882
vn -0.0070 -0.6118 0.7909
vn 0.0014 -0.4009 -0.9161
vn -0.0027 -0.9753 0.2207
vn 0.0057 -0.5294 0.8483
vn 0.0064 -0.5561 -0.8311
vn -0.0142 -0.9989 -0.0435
vn -0.0103 0.1639 -0.9864
vn 0.0334 -0.9501 0.3101
vn 0.0207 0.4032 -0.9149
vn 0.0558 0.1498 0.9871
vn -0.0635 -0.7992 0.5976
vn -0.0009 -0.9520 0.3061
vn 0.0974 0.2232 -0.9699
vn 0.0152 -0.8253 0.5644
vn -0.0090 -0.9857 -0.1685
vn 0.0082 0.0212 -0.9997
vn -0.0103 -0.9990 -0.0427
vn -0.0289 -0.6984 -0.7151
vn -0.0121 0.0153 -0.9998
vn 0.0272 0.8456 -0.5330
vn -0.0335 -0.9960 0.0826
vn 0.0038 0.7371 -0.6757
vn -0.0109 -0.9898 0.1421
vn -0.0070 -0.9995 0.0319
vn 0.0010 -0.5139 -0.8578
vn 0.0045 -0.6218 -0.7831
vn 0.0005 -0.3619 -0.9322
vn -0.0015 -0.9217 -0.3878
vn -0.0004 0.4836 -0.8753
vn -0.0080 -0.9965 0.0827
vn -0.0043 -0.1571 -0.9875
vn -0.0026 -0.9977 -0.0672
vn -0.0105 -0.9998 0.0159
vn -0.0127 -0.9999 0.0073
vn 0.0032 0.2939 -0.9558
vn 0.0008 -0.9443 -0.3291
vn 0.0024 -0.0703 -0.9975
vn -0.0043 0.0401 0.9992
vn 0.0093 -0.6376 0.7703
vn -0.0173 -0.7811 -0.6242
vn -0.0010 0.7481 -0.6636
vn -0.0355 -0.9636 0.2651
vn -0.0007 -0.0984 -0.9951
vn -0.0013 -0.9974 0.0714
vn 0.0029 -0.3765 -0.9264
vn 0.0009 -0.7459 0.6660
vn -0.0063 -0.9388 0.3443
vn 0.0014 0.1591 -0.9872
vn 0.0604 -0.2006 -0.9778
vn 0.0022 -0.9902 0.1393
vn -0.0013 -0.4716 -0.8818
vn -0.0037 0.0157 -0.9998
vn 0.0174 0.3006 -0.9536
vn -0.0046 -1.0000 0.0038
vn -0.0034 -1.0000 -0.0065
vn 0.0006 -0.9789 0.2040
vn 0.0244 -0.5152 0.8567
vn 0.0055 -0.1464 0.9892
vn -0.0025 -0.9987 0.0511
vn 0.0030 -0.1893 -0.9819
vn 0.0218 0.0376 -0.9991
vn 0.0063 0.0774 -0.9969
vn 0.0012 0.0099 -0.9999
vn -0.0021 -0.9545 0.2982
vn 0.0032 -0.9710 -0.2390
vn -0.0018 -0.6438 0.7651
vn -0.0031 -0.9944 0.1052
vn -0.0038 0.6333 -0.7739
vn -0.0027 -1.0000 0.0039
vn 0.0021 0.5830 -0.8124
vn -0.0021 -0.9507 0.3099
vn -0.0010 -0.9987 -0.0500
vn -0.0095 -0.7738 -0.6334
vn -0.0029 -0.9618 0.2737
vn 0.0008 -0.1162 -0.9932
vn 0.0010 -0.3098 -0.9508
vn 0.0005 -0.6030 -0.7977
vn -0.0014 -0.3693 -0.9293
vn 0.0005 -0.9300 0.3674
vn -0.0053 -0.0178 -0.9998
vn 0.0017 -0.6712 0.7413
vn -0.0030 0.1056 -0.9944
vn 0.0027 0.7952 -0.6063
vn 0.0005 -0.6478 0.7618
vn -0.0004 -0.3441 -0.9389
vn 0.0023 -0.5778 0.8161
vn -0.0024 -0.5011 0.8654
vn -0.0001 -0.9580 -0.2866
vn 0.0003 -0.9877 -0.1561
vn 0.0021 -0.9992 -0.0397
vn -0.0063 0.0099 -0.9999
vn 0.0053 -0.5511 0.8344
vn 0.0048 0.2611 -0.9653
vn -0.0040 -1.0000 0.0057
vn 0.0036 -0.9903 0.1385
vn -0.0009 -0.9563 0.2923
vn 0.0012 0.7090 -0.7051
vn -0.0004 -0.1518 0.9884
vn -0.0031 0.0123 -0.9999
vn -0.0001 -0.9962 -0.0874
vn -0.0017 -0.6835 0.7299
vn -0.0080 -0.5963 -0.8027
vn -0.0053 -0.6840 -0.7295
vn -0.0082 -0.1172 -0.9930
vn 0.0006 -0.8569 0.5155
vn 0.0011 -0.9630 0.2693
vn 0.0003 -0.8945 -0.4471
vn 0.0002 -0.3533 -0.9355
vn -0.0005 -0.8404 0.5419
vn -0.0065 0.0208 -0.9998
vn -0.0086 0.7471 -0.6646
vn -0.0065 -0.7919 -0.6106
vn 0.0038 -0.8668 -0.4986
vn -0.0013 -0.9517 -0.3069
vn -0.0011 -0.3226 -0.9465
vn -0.0017 0.0356 -0.9994
vn 0.0126 -0.8729 0.4878
vn -0.0063 -0.9741 0.2260
vn 0.0029 -0.4533 -0.8914
vn 0.0053 0.7118 -0.7023
vn 0.0013 -0.3678 -0.9299
vn -0.0017 -0.9926 0.1210
vn 0.0419 -0.3321 0.9423
vn 0.0016 -0.1731 -0.9849
vn 0.0912 0.5483 -0.8313
vn 0.0023 -0.9974 -0.0716
vn -0.0024 -0.9987 0.0507
vn -0.0022 -0.9996 -0.0279
vn -0.0037 -0.2255 -0.9742
vn -0.0371 0.2065 0.9777
vn -0.0206 -0.0360 0.9991
vn -0.0107 -0.0181 0.9998
vn -0.0041 -0.4596 0.8881
vn 0.0016 0.8784 -0.4779
vn -0.0005 0.9189 -0.3944
vn -0.0038 0.9097 -0.4152
vn -0.0065 -0.5940 -0.8044
vn 0.0028 -0.9415 0.3368
vn 0.0097 -0.9995 0.0294
vn -0.0042 -0.9738 -0.2274
vn -0.0008 -0.2750 -0.9614
vn 0.0067 -0.6652 0.7467
vn -0.0121 0.0419 -0.9990
vn -0.0006 -0.3703 -0.9289
vn -0.0023 -0.3206 -0.9472
vn -0.0011 -0.9184 -0.3956
vn -0.0014 -0.3117 -0.9501
vn 0.0007 -0.5788 -0.8154
vn -0.0007 -0.3568 -0.9342
vn -0.0009 0.2206 -0.9753
vn -0.0454 -0.4620 0.8857
vn -0.0386 -0.1096 0.9932
vn -0.0667 -0.6740 0.7357
vn -0.0007 -0.0148 0.9999
vn 0.0003 -1.0000 0.0071
vn 0.0042 -0.6906 0.7232
vn -0.0040 -0.9796 0.2009
vn 0.0010 0.4686 -0.8834
vn -0.0019 -0.9935 0.1140
vn -0.0052 -0.4840 -0.8750
vn -0.0065 -0.2179 -0.9760
vn -0.0114 0.0281 -0.9995
vn -0.0118 0.2906 -0.9568
vn -0.0245 0.8596 -0.5104
vn 0.0086 0.0573 -0.9983
vn 0.0040 0.2681 -0.9634
vn 0.0055 -0.9681 -0.2505
vn 0.0010 0.0352 -0.9994
vn 0.0018 -0.7358 0.6772
vn 0.0010 -0.8972 0.4415
vn -0.0014 -0.9974 0.0714
vn -0.0015 -0.3982 -0.9173
vn -0.0016 -0.9849 0.1730
vn -0.0022 -0.0172 -0.9998
vn -0.0067 -0.2037 -0.9790
vn 0.0087 -0.8336 0.5522
vn -0.0028 0.0986 0.9951
vn -0.0047 -0.9805 0.1963
vn 0.0030 -0.9973 0.0730
vn -0.0006 -0.7457 0.6663
vn 0.0204 -0.0816 0.9964
vn 0.0084 -0.1516 0.9884
vn 0.0285 -0.0684 0.9972
vn -0.0013 -0.8320 0.5547
vn 0.0067 -0.1349 -0.9908
vn 0.0003 -0.9556 0.2946
vn 0.0001 -0.7051 -0.7091
vn -0.0022 -0.8055 -0.5925
vn 0.0059 -0.9998 -0.0190
vn 0.0071 -0.4537 -0.8911
vn -0.0024 -0.9816 -0.1909
vn -0.0103 0.0275 -0.9995
vn -0.0000 -0.9972 0.0744
vn -0.0016 -0.9983 -0.0580
vn -0.0112 0.5285 -0.8488
vn 0.0047 0.5747 -0.8183
vn 0.0011 -0.9557 -0.2944
vn -0.0022 -0.6380 -0.7700
vn -0.0002 0.5947 -0.8039
vn -0.0067 0.0153 0.9998
vn 0.0002 0.2712 0.9625
vn -0.0038 0.2709 0.9626
vn -0.0016 0.2589 0.9659
vn 0.0009 -0.3683 -0.9297
vn 0.0025 -0.0035 -1.0000
vn -0.0051 -0.0142 -0.9999
vn -0.0053 0.1305 -0.9914
vn 0.0042 -0.9704 0.2414
vn 0.0123 -0.9948 0.1012
vn 0.0114 -0.9501 -0.3117
vn -0.0032 -0.0533 -0.9986
vn -0.0004 -0.1729 -0.9849
vn -0.0035 -0.1935 -0.9811
vn -0.0030 -0.9753 0.2209
vn -0.0062 -0.8169 0.5766
vn -0.0137 -0.2072 -0.9782
vn -0.0115 0.0229 -0.9997
vn -0.0163 0.8029 -0.5959
vn 0.0039 -0.9045 -0.4264
vn 0.0013 -0.0923 -0.9957
vn 0.0006 -0.9670 0.2547
vn -0.0006 -0.9731 -0.2303
vn -0.0006 -0.9413 0.3375
vn -0.0042 -0.5870 -0.8095
vn -0.0016 -0.3187 -0.9478
vn -0.0055 0.4723 -0.8814
vn 0.0041 0.7155 -0.6986
vn -0.0139 -0.8204 -0.5716
vn -0.0141 0.2233 -0.9746
vn 0.0044 0.0665 -0.9978
vn 0.0078 -0.5985 -0.8010
vn -0.0079 -0.9764 0.2158
vn -0.0017 -0.9516 0.3072
vn 0.0002 -0.6170 0.7870
vn -0.0033 -0.8822 -0.4709
vn -0.0007 0.5816 -0.8135
vn -0.0002 -0.6540 0.7565
vn -0.0044 -0.7269 0.6867
vn -0.0057 -0.5628 0.8266
vn -0.0085 -0.5846 -0.8113
vn -0.0048 -0.2558 -0.9667
vn 0.0022 0.8886 -0.4586
vn 0.0021 0.9029 -0.4298
vn -0.0018 0.9178 -0.3970
vn -0.0002 -0.3218 -0.9468
vn -0.0104 -0.6180 0.7861
vn 0.0002 -0.9961 -0.0876
vn 0.0010 -0.7085 0.7056
vn -0.0011 -0.3055 -0.9522
vn -0.0120 0.0464 -0.9988
vn 0.0020 -0.9985 -0.0551
vn -0.0035 -0.9987 -0.0493
vn -0.0314 0.0142 -0.9994
vn 0.0084 0.9085 -0.4176
vn 0.0082 -0.5727 0.8197
vn 0.0012 -0.0164 0.9998
vn 0.0010 -0.0452 0.9990
vn 0.0088 -0.9877 0.1562
vn 0.0086 -0.9996 0.0254
vn 0.0789 0.3460 0.9349
vn 0.0847 0.0518 0.9950
vn 0.0012 -0.7412 0.6713
vn 0.0009 -0.3968 -0.9179
vn -0.0208 0.3260 -0.9451
vn 0.0038 0.2679 -0.9634
vn 0.0071 -0.9789 -0.2044
vn -0.0012 -0.3334 -0.9427
vn 0.0038 -0.3614 -0.9324
vn 0.0018 -0.5662 -0.8242
vn 0.0024 -0.9799 -0.1994
vn -0.0038 0.4857 -0.8741
vn 0.0032 -0.9988 -0.0484
vn 0.0016 0.7058 -0.7083
vn -0.0019 -0.9601 0.2796
vn 0.0000 -0.9296 -0.3686
vn -0.0066 0.4618 -0.8870
vn 0.0013 -0.4470 -0.8945
vn 0.0058 -0.3544 -0.9351
vn -0.0200 -0.2459 -0.9691
vn 0.0013 -0.8855 0.4647
vn -0.0035 -0.9967 0.0807
vn 0.0045 -0.9806 0.1958
vn -0.0557 0.0189 -0.9983
vn 0.0050 -0.5029 -0.8643
vn 0.0042 -0.1440 -0.9896
vn 0.0016 -0.4757 0.8796
vn -0.0063 -0.9937 0.1114
vn 0.0019 -0.3382 -0.9410
vn 0.0036 -0.7103 -0.7038
vn -0.0005 0.0296 -0.9995
vn -0.0015 -0.9943 0.1064
vn -0.0851 0.4155 -0.9055
vn -0.0221 0.8761 -0.4815
vn -0.0037 0.0686 -0.9976
vn 0.0005 -0.9979 0.0648
vn 0.0030 -0.9991 -0.0427
vn -0.0032 -0.2186 -0.9758
vn 0.0031 -1.0000 0.0072
vn 0.0086 -0.9999 0.0114
vn -0.0026 -0.5848 -0.8112
vn 0.0045 -0.9777 -0.2101
vn -0.0002 -0.7870 0.6169
vn 0.0076 0.0411 -0.9991
vn -0.0013 -0.9977 0.0676
vn 0.0007 -0.9998 0.0176
vn 0.0025 -0.9664 0.2570
vn -0.0052 -0.9364 0.3509
vn 0.0002 -0.2230 -0.9748
vn -0.0068 -0.8045 0.5939
vn -0.0123 0.7750 -0.6318
vn 0.0006 -0.9920 0.1261
vn -0.0017 -0.6901 0.7236
vn 0.0005 -0.3395 -0.9405
vn -0.0002 -0.3216 -0.9468
vn 0.0017 -0.9937 0.1117
vn 0.0056 -0.6090 -0.7931
vn -0.0106 -0.9984 -0.0549
vn -0.0096 0.9245 -0.3811
vn 0.0005 -0.9844 0.1760
vn -0.0018 -0.7632 0.6461
vn 0.0051 0.6006 -0.7995
vn -0.0017 -0.6214 -0.7835
vn -0.0021 -0.9263 -0.3766
vn -0.0008 -0.5616 0.8274
vn -0.0662 -0.2333 -0.9701
vn -0.0816 0.5063 -0.8585
vn 0.0005 -0.6067 -0.7949
vn 0.0050 -0.9987 -0.0496
vn -0.1266 0.2137 -0.9687
vn 0.0001 0.0424 -0.9991
vn 0.0023 0.0109 -0.9999
vn 0.0022 -0.9566 0.2913
vn -0.0046 -0.7266 0.6870
vn -0.0002 -0.9987 -0.0508
vn -0.0011 -0.3663 -0.9305
vn -0.0131 -0.0417 -0.9990
vn -0.0090 0.5779 -0.8161
vn 0.0063 -0.9984 0.0561
vn 0.0049 -0.6776 -0.7353
vn -0.0022 -0.5682 -0.8229
vn 0.0076 -0.9619 -0.2730
vn 0.0061 -0.7099 -0.7042
vn -0.0055 -0.6359 0.7717
vn -0.0439 -0.7077 -0.7051
vn -0.0034 0.5515 -0.8342
vn 0.0007 -0.9999 0.0148
vn -0.0006 -0.1037 -0.9946
vn 0.0094 -0.9996 0.0247
vn 0.0008 0.1429 -0.9897
vn -0.0009 -0.0200 -0.9998
vn 0.0066 -0.9519 0.3063
vn -0.0041 -0.9795 0.2012
vn 0.0036 -0.3540 -0.9352
vn 0.0020 -0.0712 -0.9974
vn 0.0078 0.0356 -0.9993
vn 0.0104 -0.8447 -0.5351
vn 0.0102 0.8876 -0.4604
vn 0.0736 0.1980 -0.9774
vn -0.0028 -1.0000 0.0023
vn -0.0061 -0.0101 -0.9999
vn 0.0588 -0.5048 0.8612
vn 0.0134 -0.5421 0.8402
vn 0.0013 -0.9646 0.2638
vn 0.0108 0.0032 0.9999
vn 0.0034 -0.9951 0.0982
vn -0.0004 -0.9997 0.0245
vn 0.0020 -0.0173 -0.9998
vn -0.0103 -0.2425 -0.9701
vn 0.0055 0.2441 -0.9697
vn 0.0017 0.6135 -0.7897
vn 0.0004 -0.9358 0.3525
vn 0.0017 -0.4437 -0.8961
vn -0.0036 -0.7396 0.6729
vn 0.0629 0.4305 -0.9004
vn -0.0029 -0.9955 0.0945
vn 0.0018 -0.9167 -0.3996
vn -0.1187 0.1806 -0.9763
vn -0.0009 -0.9999 0.0098
vn 0.0509 -0.0022 -0.9987
vn 0.0014 -1.0000 -0.0029
vn 0.0011 -0.8762 -0.4820
vn 0.0180 -0.0778 -0.9968
vn -0.0914 -0.9563 -0.2778
vn 0.0864 -0.6829 0.7254
vn -0.0005 -0.0791 -0.9969
vn 0.0024 -0.3721 -0.9282
vn 0.0008 -0.9709 0.2393
vn 0.0108 0.6779 -0.7350
vn 0.0037 -0.9796 0.2008
vn 0.0080 -0.9750 -0.2217
vn 0.0009 -0.3211 -0.9470
vn 0.0010 -0.3960 -0.9182
vn 0.0014 -0.9830 0.1836
vn 0.1084 0.2351 -0.9659
vn -0.0026 -0.5949 0.8038
vn 0.0039 -0.3267 -0.9451
vn -0.0146 -0.9975 -0.0685
vn 0.0058 -0.2799 -0.9600
vn 0.0001 -0.8211 -0.5707
vn -0.0037 0.0259 -0.9996
vn 0.0035 -0.9561 0.2929
vn 0.0048 -0.3103 -0.9506
vn -0.0011 0.6487 -0.7610
vn 0.0035 -0.9950 0.0993
vn 0.0004 -0.3221 -0.9467
vn 0.0008 -0.3243 -0.9459
vn 0.0038 -0.3611 -0.9325
vn 0.0110 0.3443 -0.9388
vn 0.0024 0.6229 -0.7823
vn -0.0087 0.9642 -0.2650
vn -0.0051 -0.6980 0.7161
vn 0.0063 -0.6239 -0.7815
vn 0.0043 -0.3612 -0.9325
vn -0.0091 -0.9768 -0.2138
vn 0.0067 -0.0038 -1.0000
vn 0.0145 0.0490 -0.9987
vn -0.0282 -0.7974 -0.6028
vn -0.0091 -0.5187 -0.8549
vn -0.0089 0.0468 -0.9988
vn 0.0010 -0.9999 0.0137
vn 0.0028 -0.9316 -0.3634
vn 0.0018 -0.5785 -0.8156
vn 0.0065 -0.1007 -0.9949
vn 0.0042 -0.9981 -0.0616
vn -0.0085 0.0185 -0.9998
vn 0.0132 0.5923 -0.8056
vn -0.0018 0.9218 -0.3877
vn 0.0038 0.8736 -0.4866
vn 0.0044 0.9680 -0.2510
vn 0.0014 -0.6664 0.7455
vn -0.0028 -0.7033 -0.7108
vn -0.0103 -0.9808 -0.1947
vn 0.0005 -1.0000 0.0052
vn 0.0002 -0.9960 -0.0887
vn 0.0056 0.0543 -0.9985
vn 0.0026 -0.7556 0.6549
vn 0.0031 -0.9542 -0.2992
vn 0.0001 -0.6406 -0.7678
vn 0.0767 -0.2202 -0.9724
vn -0.0008 -0.2264 -0.9740
vn -0.0009 0.5065 -0.8622
vn -0.0002 -0.7491 0.6624
vn -0.0272 -0.7278 0.6852
vn 0.0107 -0.6391 -0.7690
vn -0.0012 -1.0000 0.0016
vn 0.0079 -0.5120 -0.8589
vn 0.0034 -0.1583 -0.9874
vn -0.0042 -0.7672 0.6414
vn 0.0046 -0.9712 0.2383
vn 0.0000 -0.3441 -0.9389
vn 0.0026 0.6438 -0.7652
vn 0.0536 -0.8136 -0.5790
vn -0.0002 -0.9984 -0.0563
vn 0.0112 -0.2366 -0.9715
vn -0.0088 -0.8006 0.5991
vn 0.0040 -0.9948 0.1015
vn 0.0051 -0.9773 -0.2117
vn 0.0016 -0.9794 0.2016
vn -0.0183 -0.6561 -0.7544
vn -0.0294 -0.7163 0.6972
vn 0.0105 -0.8066 -0.5909
vn 0.0028 0.6068 -0.7949
vn 0.0034 -0.9550 0.2964
vn 0.0047 -0.9964 0.0843
vn -0.0061 0.0046 -1.0000
vn 0.0119 -0.9997 0.0202
vn -0.0026 -0.4840 0.8751
vn 0.0016 0.6005 -0.7996
vn 0.0099 -0.6248 0.7807
vn -0.0028 -0.9962 0.0862
vn -0.0088 -0.6034 -0.7974
vn -0.0009 0.6798 -0.7333
vn 0.0012 -0.9796 0.2006
vn 0.0067 0.0841 -0.9964
vn 0.0115 -0.9997 0.0203
vn 0.0013 -0.3699 -0.9290
vn 0.1087 0.5877 -0.8017
vn -0.0613 0.3721 -0.9261
vn -0.0035 -0.6176 0.7865
vn 0.0005 -0.3505 -0.9366
vn 0.0235 -0.1480 -0.9887
vn 0.0058 0.8208 -0.5712
vn 0.0025 -0.9945 0.1049
vn 0.0031 -0.0730 -0.9973
vn 0.0061 -0.3637 -0.9315
vn 0.0099 -0.3523 -0.9358
vn 0.0049 -0.9994 -0.0330
vn -0.0013 0.0036 -1.0000
vn -0.0068 -0.9983 -0.0573
vn 0.0129 -0.1863 -0.9824
vn 0.0131 0.2637 -0.9645
vn 0.0090 -0.0607 -0.9981
vn 0.0032 -0.7448 0.6673
vn 0.0066 -0.9612 0.2758
vn 0.0027 -0.9866 -0.1632
vn -0.0537 -0.2487 -0.9671
vn -0.0031 -0.9474 0.3198
vn 0.0072 -0.1599 -0.9871
vn 0.0035 -0.6680 0.7441
vn 0.0190 -0.5664 -0.8239
vn -0.0010 -0.9999 0.0099
vn -0.0022 -0.9806 0.1959
vn -0.0003 -0.8549 0.5188
vn 0.0026 -0.0079 -0.9999
vn 0.0040 -0.9791 0.2031
vn 0.0021 0.6006 -0.7995
vn -0.0582 -0.4295 0.9012
vn -0.0433 0.0221 0.9988
vn 0.0243 -0.9404 -0.3392
vn 0.0217 -0.0164 -0.9996
vn 0.0119 0.0342 -0.9993
vn 0.0030 -0.4396 -0.8981
vn -0.0023 -0.9816 0.1910
vn -0.0034 -0.5139 -0.8578
vn 0.0027 -0.4175 -0.9087
vn -0.0012 -0.9440 -0.3300
vn 0.0007 -0.4445 -0.8957
vn 0.0007 -0.7871 0.6167
vn 0.0077 -0.9913 0.1314
vn -0.0009 -0.6913 0.7226
vn 0.0242 -0.3793 -0.9250
vn 0.0004 -0.9959 0.0902
vn -0.0029 -0.3319 -0.9433
vn 0.0010 -0.5816 -0.8134
vn -0.0580 0.0965 -0.9936
vn 0.0114 -0.8339 -0.5518
vn -0.0080 -0.7243 0.6894
vn 0.0107 -0.7694 -0.6387
vn 0.0015 -0.8958 -0.4444
vn 0.0094 -0.0514 -0.9986
vn 0.0067 0.1172 -0.9931
vn -0.0020 -0.0964 -0.9953
vn 0.0137 -0.3369 -0.9414
vn -0.0023 -0.9615 0.2745
vn 0.0008 -0.9962 0.0871
vn 0.0069 -0.3249 -0.9457
vn 0.0056 -0.3486 -0.9372
vn -0.0103 -0.6763 0.7365
vn 0.0016 -0.0538 -0.9985
vn -0.0050 -0.6227 -0.7824
vn -0.0023 -0.9943 -0.1064
vn 0.0225 -0.0452 -0.9987
vn -0.1332 0.5313 0.8366
vn -0.1292 0.8153 0.5644
vn -0.1142 0.0728 0.9908
vn 0.0120 -0.1681 -0.9857
vn 0.0018 -0.8155 0.5788
vn 0.0019 0.5709 -0.8210
vn 0.0076 -0.8354 -0.5495
vn -0.0018 -0.9066 0.4218
vn 0.0060 -0.9469 -0.3215
vn 0.0016 0.0445 0.9990
vn -0.0045 0.0182 0.9998
vn 0.0014 -0.9846 -0.1749
vn -0.0118 0.8364 -0.5480
vn -0.0058 0.0888 -0.9960
vn 0.0056 0.4874 -0.8732
vn 0.0062 -0.7690 -0.6392
vn -0.0391 -0.0092 0.9992
vn -0.0008 -1.0000 0.0047
vn 0.0065 0.5946 -0.8040
vn 0.0016 -0.9998 0.0214
vn 0.0015 0.0108 -0.9999
vn 0.0034 -0.6316 -0.7753
vn 0.0063 -0.1335 -0.9910
vn 0.0314 0.5681 -0.8223
vn 0.0113 0.1998 -0.9798
vn 0.0038 -0.9957 0.0923
vn -0.0073 0.7951 -0.6064
vn 0.0012 -0.9991 0.0413
vn 0.0107 -0.8422 -0.5391
vn -0.0727 -0.7927 0.6052
vn -0.0086 -0.9934 0.1145
vn 0.0125 0.8047 -0.5935
vn -0.0604 0.6078 0.7918
vn -0.0978 0.8984 0.4281
vn -0.0616 0.9807 0.1857
vn 0.0098 -0.3725 -0.9279
vn -0.0022 -0.7844 0.6202
vn -0.0050 0.5850 -0.8110
vn -0.0010 -1.0000 0.0025
vn 0.0014 -0.3664 -0.9304
vn -0.0031 -0.0172 -0.9998
vn 0.0111 -0.1409 -0.9900
vn 0.0041 -0.9984 -0.0566
vn 0.0009 -0.5381 0.8428
vn -0.0065 0.1527 0.9882
vn -0.0055 -0.1868 0.9824
vn -0.0042 -0.2540 0.9672
vn 0.0029 -0.3551 -0.9348
vn 0.0123 -0.2489 -0.9684
vn 0.0116 0.0183 -0.9998
vn -0.0032 0.1503 0.9886
vn 0.0061 -0.3698 -0.9291
vn -0.0039 -0.6428 0.7660
vn -0.0017 -0.9474 0.3198
vn 0.0004 -0.3267 -0.9451
vn -0.1028 -0.5224 0.8464
vn -0.0923 -0.0834 0.9922
vn -0.0040 -0.0713 -0.9974
vn -0.0029 -0.5806 -0.8141
vn 0.0060 -0.6324 0.7746
vn 0.0032 -0.9783 0.2072
vn 0.0176 -0.0298 -0.9994
vn -0.0068 -0.9875 0.1574
vn 0.0012 -0.9629 0.2699
vn 0.0059 0.0095 -0.9999
vn -0.0028 0.5286 -0.8489
vn -0.0035 -0.6181 -0.7861
vn 0.0003 -0.9710 0.2391
vn 0.0059 0.5530 -0.8332
vn -0.0091 -0.9980 -0.0625
vn 0.0085 0.4660 -0.8847
vn 0.0042 -0.9986 -0.0522
vn 0.0000 -0.9678 -0.2518
vn -0.0031 -0.9254 -0.3788
vn 0.0041 -0.2438 0.9698
vn 0.0037 -0.6694 0.7429
vn 0.0067 -0.9944 0.1052
vn 0.0024 -0.9953 0.0967
vn 0.0042 -0.3481 -0.9374
vn -0.0045 -0.6268 0.7791
vn 0.0039 -1.0000 0.0050
vn 0.0068 -0.9919 -0.1263
vn 0.0007 -0.3077 -0.9514
vn 0.0051 -0.1888 -0.9820
vn 0.0112 -0.1962 -0.9805
vn -0.0001 0.4684 0.8835
vn -0.0013 0.4236 0.9059
vn 0.0019 -0.0421 0.9991
vn -0.0957 -0.0934 -0.9910
vn -0.1718 -0.5654 -0.8067
vn 0.0168 -0.7653 -0.6434
vn 0.0255 0.2008 -0.9793
vn -0.0096 0.0278 -0.9995
vn -0.0027 -0.8854 0.4647
vn 0.0003 -0.8702 0.4926
vn 0.0002 -0.3043 -0.9526
vn 0.0042 -0.0694 -0.9976
vn 0.0150 -0.3720 -0.9281
vn 0.0045 0.0509 -0.9987
vn -0.0033 -0.6320 -0.7749
vn 0.0038 -0.9544 0.2984
vn 0.0122 0.7669 -0.6416
vn -0.0050 -0.4733 -0.8809
vn 0.0024 -0.9771 0.2127
vn 0.0113 -0.6817 0.7315
vn -0.0071 -0.3802 -0.9249
vn -0.0048 -0.3645 -0.9312
vn 0.0025 -0.9849 -0.1729
vn -0.0057 0.7986 -0.6018
vn 0.0065 -0.1420 -0.9898
vn -0.0011 -1.0000 -0.0049
vn -0.0071 0.6507 -0.7593
vn 0.0016 -0.0175 -0.9998
vn -0.0001 -0.1081 0.9941
vn 0.0000 -0.9605 0.2782
vn 0.0067 -0.3387 -0.9408
vn -0.0072 -0.6939 0.7200
vn -0.0004 -0.9989 0.0467
vn 0.0076 -0.0247 -0.9997
vn -0.1034 -0.8695 -0.4830
vn -0.0012 -0.9983 -0.0589
vn 0.0103 -0.2189 -0.9757
vn -0.0045 -0.8227 0.5684
vn 0.0024 -0.9998 -0.0210
vn -0.0012 0.6185 -0.7857
vn 0.0030 0.0763 -0.9971
vn 0.0088 -0.9997 0.0237
vn 0.0020 -0.7900 0.6131
vn -0.0398 -0.7079 0.7052
vn 0.0081 -0.4387 0.8986
vn 0.0024 -0.0410 -0.9991
vn -0.0038 -0.5594 0.8289
vn 0.0253 0.0284 -0.9993
vn -0.0012 -0.9977 0.0674
vn -0.0024 -0.1622 0.9868
vn 0.0020 -0.3437 -0.9391
vn 0.0060 -0.9953 0.0961
vn 0.0043 -0.3394 -0.9406
vn 0.0120 -0.7008 -0.7132
vn 0.0010 -0.2060 -0.9785
vn 0.0005 0.4658 -0.8849
vn 0.0019 -1.0000 0.0054
vn 0.0013 -0.7915 -0.6111
vn -0.0007 -0.0112 -0.9999
vn -0.0049 0.0278 -0.9996
vn -0.0006 -0.3211 -0.9470
vn 0.0014 -0.3372 -0.9414
vn -0.0052 -0.8018 -0.5976
vn 0.0043 -0.9982 0.0597
vn 0.0025 -0.8884 0.4591
vn 0.0048 0.5611 -0.8278
vn 0.0038 -0.8365 -0.5480
vn -0.0035 -0.3541 -0.9352
vn -0.0001 -0.9886 -0.1506
vn -0.0093 -0.9919 0.1269
vn -0.0223 0.1300 -0.9912
vn 0.0007 0.4812 -0.8766
vn -0.0031 -0.2869 -0.9579
vn 0.0029 -0.9973 -0.0731
vn 0.0227 0.0227 -0.9995
vn 0.0197 0.1228 -0.9922
vn 0.0019 -0.9787 0.2051
vn -0.0001 -0.6570 -0.7539
vn 0.1007 -0.1674 -0.9807
vn 0.0092 -0.0994 -0.9950
vn 0.0141 -0.9711 0.2383
vn 0.0039 -1.0000 0.0035
vn 0.0069 -0.2998 -0.9539
vn 0.0001 -0.4198 0.9076
vn 0.1170 -0.9064 -0.4059
vn -0.0264 -0.5542 0.8319
vn -0.0045 -0.9714 0.2373
vn 0.0045 -0.1449 -0.9894
vn -0.0028 -0.3431 -0.9393
vn -0.0019 -0.9816 0.1908
vn 0.0019 -0.9969 0.0791
vn -0.0155 -0.6246 -0.7807
vn -0.0008 0.0475 -0.9989
vn 0.0027 0.6467 -0.7627
vn 0.0045 -0.0597 -0.9982
vn 0.0097 -0.1036 -0.9945
vn -0.0039 -0.7991 -0.6011
vn -0.0032 -0.6985 0.7156
vn -0.0051 -0.0406 -0.9991
vn -0.0032 0.6787 -0.7344
vn -0.0156 -0.9391 -0.3433
vn -0.0058 -0.5696 -0.8219
vn -0.0120 -0.0087 0.9999
vn -0.0175 -0.5238 0.8516
vn -0.0146 0.7437 -0.6683
vn 0.0038 0.1042 -0.9945
vn -0.0029 -0.0119 -0.9999
vn 0.0026 -0.9666 0.2564
vn 0.0020 -0.2493 -0.9684
vn -0.0005 0.4997 -0.8662
vn -0.0044 0.7582 -0.6520
vn -0.0006 -0.5611 0.8278
vn -0.0011 -0.3139 -0.9494
vn 0.0125 -0.7017 -0.7124
vn 0.0051 -0.9998 0.0190
vn 0.0025 -0.9998 0.0202
vn 0.0107 -0.0100 -0.9999
vn 0.0038 -0.6120 -0.7908
vn -0.0053 -0.7513 0.6599
vn -0.0013 0.5115 -0.8592
vn -0.0035 -0.9882 -0.1531
vn 0.0033 -0.8390 0.5440
vn 0.0049 -0.3749 0.9270
vn -0.0031 -0.9879 0.1548
vn -0.0036 -1.0000 -0.0025
vn -0.0041 -0.4950 -0.8689
vn -0.0021 0.0042 -1.0000
vn -0.0092 0.6698 -0.7425
vn -0.0005 -0.9994 0.0351
vn -0.0131 -0.6247 0.7807
vn 0.0052 -0.9752 -0.2210
vn 0.0064 -0.2895 -0.9572
vn 0.0038 -0.1656 -0.9862
vn -0.0605 -0.2523 -0.9657
vn 0.1784 -0.6020 -0.7783
vn -0.1284 -0.6001 -0.7895
vn 0.0008 -0.0631 -0.9980
vn -0.0038 -0.9992 -0.0392
vn 0.0013 -0.9480 0.3181
vn 0.0055 -0.4678 -0.8838
vn -0.0048 -0.8954 0.4452
vn -0.0008 -0.3330 -0.9429
vn 0.0016 -0.8041 -0.5945
vn 0.0097 0.4398 -0.8980
vn 0.0062 -0.4609 0.8874
vn 0.0013 -0.9977 -0.0677
vn -0.1351 -0.7711 -0.6222
vn 0.0994 -0.9017 -0.4207
vn 0.0002 -0.0291 -0.9996
vn 0.0049 -0.9520 -0.3062
vn -0.0092 -0.9603 0.2788
vn -0.0017 -0.9197 -0.3925
vn 0.0035 -0.3424 -0.9395
vn -0.0089 -0.9712 0.2379
vn 0.0045 -0.3329 -0.9429
vn 0.0055 -0.0082 -0.9999
vn 0.0017 -0.3162 -0.9487
vn -0.0162 0.4200 -0.9074
vn 0.0069 -0.3170 -0.9484
vn -0.0276 -0.6827 0.7302
vn -0.0163 -0.1859 -0.9824
vn 0.0059 -0.6953 -0.7187
vn 0.0004 0.7245 -0.6893
vn 0.0012 0.0370 -0.9993
vn -0.0003 -0.9999 0.0126
vn -0.0033 -0.7935 -0.6086
vn -0.0016 -0.8249 0.5652
vn 0.0020 -0.9936 0.1132
vn -0.0002 -1.0000 0.0009
vn -0.0031 -0.7158 -0.6982
vn -0.0012 -0.9906 0.1365
vn 0.0008 -0.2138 -0.9769
vn 0.0771 -0.2391 -0.9679
vn -0.0038 0.5345 -0.8451
vn 0.0003 -1.0000 0.0075
vn -0.0041 -0.6289 -0.7775
vn 0.0001 -0.9954 -0.0959
vn 0.0028 -0.3671 -0.9302
vn -0.0002 -0.6670 -0.7450
vn -0.0316 -0.7942 0.6068
vn -0.0135 -0.5718 -0.8202
vn 0.0072 -0.0089 -0.9999
vn 0.0034 -0.2995 -0.9541
vn -0.0074 0.2630 0.9648
vn -0.0178 -0.2625 0.9648
vn -0.0020 -0.0867 0.9962
vn 0.0125 0.7471 -0.6646
vn 0.0062 -0.9665 0.2564
vn -0.0002 -0.3147 -0.9492
vn 0.0012 -0.2846 -0.9586
vn 0.0013 -0.9974 0.0722
vn 0.0039 0.4415 -0.8972
vn 0.0069 0.6884 -0.7253
vn 0.0125 -0.7147 0.6992
vn -0.0054 -0.9977 0.0681
vn -0.0078 -0.9998 0.0197
vn 0.0085 -0.9997 -0.0216
vn -0.0197 0.0179 0.9996
vn -0.0266 0.2222 0.9746
vn -0.0064 -0.2134 0.9769
vn -0.0060 -0.0584 -0.9983
vn -0.0023 0.1452 -0.9894
vn 0.0029 -0.0048 -1.0000
vn 0.0027 -0.8232 0.5678
vn 0.0101 -0.9271 0.3747
vn -0.0049 -0.9888 0.1488
vn 0.0124 -0.3824 -0.9239
vn -0.0080 -0.1292 -0.9916
vn 0.1049 -0.6009 -0.7924
vn -0.0755 -0.6951 -0.7149
vn -0.0109 -0.9956 0.0927
vn -0.0070 0.0606 -0.9981
vn 0.0014 0.5964 -0.8027
vn 0.0082 -0.4944 -0.8692
vn 0.0009 -0.9748 -0.2230
vn -0.0109 -0.2956 0.9552
vn 0.0114 -0.3285 -0.9444
vn -0.0041 -0.7782 -0.6280
vn 0.0012 -0.6130 -0.7901
vn -0.0590 -0.7962 0.6021
vn -0.0171 -0.9576 0.2874
vn -0.0694 -0.8603 -0.5051
vn -0.0199 -0.6098 0.7923
vn 0.1748 -0.8743 -0.4527
vn -0.0228 0.2734 -0.9616
vn 0.0067 -0.9941 0.1077
vn -0.0784 -0.2696 -0.9597
vn 0.0202 -0.1403 -0.9899
vn -0.0201 -0.0992 -0.9948
vn -0.0116 0.5904 -0.8070
vn -0.0059 -0.4389 0.8985
vn -0.0082 -0.9893 0.1453
vn 0.0009 -0.9919 -0.1265
vn -0.0153 0.0165 0.9997
vn 0.0003 -0.9906 -0.1369
vn -0.0008 -0.9994 0.0352
vn -0.0143 -0.9753 0.2203
vn -0.0085 -0.3649 -0.9310
vn 0.0024 -0.7362 -0.6767
vn -0.0089 -0.9999 -0.0110
vn -0.0186 0.7871 -0.6165
vn -0.5480 -0.4824 -0.6833
vn 0.0184 -0.9827 0.1842
vn -0.0471 -0.9886 0.1426
vn 0.0189 0.3333 -0.9426
vn -0.0209 -0.8118 0.5835
vn 0.0016 -0.0109 -0.9999
vn 0.0053 -0.6574 0.7535
vn -0.0099 -0.7140 0.7000
vn -0.0135 0.4906 -0.8713
vn 0.0041 -0.4734 -0.8808
vn -0.0016 -0.3128 -0.9498
vn -0.0046 -0.6131 -0.7900
vn 0.1161 -0.9877 -0.1049
vn -0.0248 0.2264 0.9737
vn -0.0250 0.3650 0.9307
vn -0.0097 0.0974 0.9952
vn -0.2546 -0.9133 0.3177
vn 0.0001 -0.7248 -0.6890
vn 0.0017 -0.6826 -0.7308
vn -0.0045 -0.2902 -0.9569
vn -0.0060 -0.9054 0.4245
vn 0.0178 0.7995 -0.6004
vn -0.1035 -0.9072 -0.4078
vn -0.0480 0.5992 0.7992
vn -0.0456 0.7373 0.6740
vn -0.0572 0.0692 0.9959
vn -0.0015 -0.9979 0.0646
vn -0.0124 0.1307 -0.9913
vn -0.1038 -0.9721 -0.2102
vn 0.0298 0.0307 -0.9991
vn 0.1094 -0.5970 -0.7947
vn 0.0160 0.9178 -0.3966
vn -0.0288 -0.0716 -0.9970
vn -0.5881 -0.7953 -0.1470
vn 0.0111 -0.0281 -0.9995
vn -0.0193 0.6805 -0.7324
vn 0.0573 -0.7314 -0.6795
vn -0.0707 -0.9763 0.2042
vn -0.0514 -0.9970 0.0581
vn -0.0220 -0.9527 -0.3031
vn -0.0602 -0.9813 0.1828
vn 0.0563 -0.1870 -0.9807
vn 0.0358 -0.3898 -0.9202
vn -0.0188 -0.8215 -0.5698
vn -0.0284 -0.0543 -0.9981
vn -0.0278 -0.7479 0.6631
vn -0.0275 0.0324 -0.9991
vn -0.0226 -0.0262 -0.9994
vn -0.1405 -0.9899 0.0165
vn -0.0159 -0.2899 -0.9569
vn -0.0105 -0.3074 0.9515
vn -0.0002 -0.2932 -0.9560
vn 0.0259 -0.9749 -0.2212
vn -0.0088 -0.3385 -0.9409
vn -0.0057 -0.6876 0.7261
vn -0.0184 -0.3290 0.9442
vn -0.5957 -0.6685 -0.4451
vn -0.0292 0.0084 -0.9995
vn -0.0019 -0.9299 0.3678
vn 0.0431 -0.9822 -0.1827
vn -0.1122 -0.5307 0.8401
vn 0.0218 -0.9988 0.0437
vn -0.0004 -0.3212 -0.9470
vn 0.0233 0.7918 -0.6103
vn 0.0354 -0.2723 -0.9615
vn -0.0119 0.0078 -0.9999
vn 0.0118 -0.9884 0.1512
vn -0.0088 -0.0353 -0.9993
vn -0.0720 -0.0461 -0.9963
vn 0.0297 0.7763 -0.6296
vn 0.0109 0.1086 -0.9940
vn 0.0233 -0.2337 -0.9720
vn -0.0609 -0.1053 -0.9926
vn -0.0947 -0.3168 -0.9438
vn -0.0351 0.6340 -0.7725
vn -0.0029 0.0875 -0.9962
vn -0.2002 -0.9791 0.0360
vn -0.6864 -0.3662 -0.6283
vn -0.0561 -0.7097 -0.7022
vn 0.0244 -0.5438 0.8388
vn -0.0600 -0.6907 0.7207
vn -0.0974 -0.9835 0.1521
vn -0.7661 -0.6266 -0.1429
vn -0.1256 -0.5811 0.8041
vn -0.0274 -0.9992 -0.0269
vn -0.1194 -0.2674 -0.9561
vn -0.0575 -0.3633 -0.9299
vn -0.7109 -0.2489 -0.6577
vn -0.7661 -0.4421 -0.4665
vn 0.0182 0.5731 -0.8192
vn 0.0021 0.4337 0.9010
vn 0.0039 0.4796 0.8775
vn 0.0009 -0.0432 0.9991
vn -0.2103 -0.7336 0.6461
vn 0.0706 -0.7410 -0.6678
vn -0.0613 -0.1093 -0.9921
vn -0.0558 -0.0938 0.9940
vn -0.0352 0.7035 0.7098
vn -0.6430 -0.7655 -0.0237
vn -0.0141 0.7485 -0.6629
vn -0.0349 0.1618 -0.9862
vn -0.2598 -0.9655 0.0162
vn -0.2674 -0.9634 -0.0147
vn -0.1080 -0.9926 0.0543
vn -0.1897 -0.8175 -0.5437
vn -0.1456 -0.3494 -0.9256
vn -0.0489 -0.8819 0.4689
vn -0.2269 -0.3586 -0.9055
vn -0.1841 -0.2688 -0.9454
vn -0.0875 -0.3445 -0.9347
vn -0.0528 -0.9951 -0.0828
vn -0.0564 -0.3482 -0.9357
vn -0.3960 -0.6188 -0.6784
vn -0.0130 -0.2344 0.9720
vn -0.0604 -0.3235 0.9443
vn -0.1003 0.0416 0.9941
vn -0.0509 -0.5791 0.8137
vn -0.0462 0.2825 0.9581
vn -0.0192 0.0258 0.9995
vn -0.0677 0.2688 0.9608
vn -0.0754 -0.0297 -0.9967
vn -0.8292 -0.3185 -0.4592
vn -0.4046 -0.8549 0.3246
vn -0.1713 -0.5096 -0.8432
vn -0.3105 -0.9294 0.1994
vn -0.2438 -0.9684 -0.0528
vn -0.1549 -0.2124 -0.9648
vn -0.1546 -0.8669 -0.4738
vn -0.0621 -0.9453 -0.3201
vn -0.0148 -0.3849 -0.9228
vn -0.7190 -0.5180 -0.4633
vn -0.1418 0.0719 -0.9873
vn -0.0105 -0.8836 0.4680
vn -0.1309 -0.9878 -0.0840
vn -0.0631 -0.0893 -0.9940
vn -0.5800 -0.8104 0.0828
vn -0.4496 -0.8901 -0.0741
vn -0.0944 0.0557 -0.9940
vn -0.7529 -0.6441 -0.1353
vn -0.9793 -0.1883 0.0742
vn -0.9889 -0.0746 0.1287
vn -0.6993 -0.7148 0.0022
vn -0.1972 0.6269 -0.7537
vn -0.9926 -0.1176 -0.0294
vn -0.6592 0.7479 0.0776
vn -0.7286 -0.6809 -0.0736
vn -0.9018 0.4304 -0.0379
vn -0.9951 0.0172 -0.0975
vn -0.7406 -0.6183 0.2629
vn -0.9395 0.3013 -0.1631
vn -0.7108 -0.2376 -0.6620
vn -0.2268 -0.9729 0.0443
vn -0.6803 -0.2771 -0.6785
vn -0.1647 -0.2486 -0.9545
vn -0.0379 0.8215 -0.5689
vn -0.1010 0.9173 -0.3851
vn -0.2091 0.8420 -0.4972
vn -0.8493 0.1658 -0.5012
vn -0.8098 -0.5441 -0.2194
vn -0.0853 0.0587 -0.9946
vn -0.4044 -0.4469 0.7980
vn -0.6632 -0.4718 0.5810
vn -0.6498 -0.7578 0.0581
vn -0.7190 -0.3220 -0.6159
vn -0.8822 -0.4339 -0.1825
vn -0.0544 0.5884 -0.8067
vn -0.7446 -0.4190 -0.5196
vn -0.6640 -0.2835 -0.6919
vn -0.1928 -0.3047 -0.9327
vn -0.0605 0.6305 -0.7738
vn -0.7296 -0.4750 -0.4920
vn -0.7901 -0.5364 -0.2966
vn -0.9883 -0.1480 0.0369
vn -0.9919 -0.0853 -0.0945
vn -0.6900 -0.1631 -0.7051
vn -0.4904 0.0901 -0.8668
vn -0.2095 0.4522 -0.8670
vn -0.9933 -0.0020 -0.1154
vn -0.6403 -0.3008 -0.7067
vn -0.7036 0.6006 -0.3797
vn -0.5955 -0.2700 -0.7566
vn 0.1904 -0.6926 -0.6957
vn -0.3637 -0.0932 -0.9268
vn -0.1322 -0.0342 -0.9906
vn -0.0492 -0.2666 0.9625
vn -0.1001 -0.1448 0.9844
vn -0.7264 -0.4033 0.5564
vn -0.7226 -0.6893 0.0511
vn -0.6993 -0.7146 0.0178
vn -0.4282 -0.8939 0.1326
vn -0.6980 -0.7139 -0.0556
vn -0.7697 -0.6383 0.0103
vn -0.9999 0.0113 -0.0073
vn -0.7855 -0.6186 0.0135
vn -0.5710 -0.2926 0.7670
vn -0.9992 0.0126 0.0366
vn -0.7714 -0.6358 0.0252
vn -0.9976 0.0643 0.0251
vn -0.9967 -0.0712 0.0384
vn -0.9963 0.0815 0.0270
vn -0.6899 -0.7236 0.0206
vn -0.9985 0.0318 0.0451
vn -0.0157 0.8046 -0.5936
vn -0.6748 -0.7200 0.1617
vn -0.9935 -0.0467 0.1033
vn -0.9919 -0.1110 0.0614
vn -0.7370 -0.6746 0.0420
vn -0.5504 -0.8337 0.0449
vn -0.9958 -0.0599 0.0691
vn -0.9976 0.0125 0.0686
vn -0.7832 -0.5616 0.2669
vn -0.5965 0.1509 0.7882
vn -0.6600 0.0926 0.7455
vn -0.8162 0.5150 0.2617
vn -0.0411 -0.9957 0.0826
vn -0.8653 -0.4557 0.2087
vn -0.9955 0.0783 0.0521
vn -0.9956 0.0030 0.0935
vn -0.6319 0.0212 0.7747
vn -0.6034 -0.0146 0.7972
vn -0.9916 0.0142 0.1284
vn -0.6628 -0.1510 0.7334
vn -0.9939 -0.0052 -0.1104
vn -0.9923 -0.0364 -0.1179
vn -0.8462 -0.5230 0.1017
vn -0.6858 -0.2910 0.6671
vn -0.9959 -0.0801 -0.0409
vn -0.9998 0.0166 -0.0135
vn -0.7208 -0.2293 0.6540
vn -0.7437 0.1717 -0.6460
vn -0.8247 0.1320 -0.5499
vn -0.6590 -0.1487 -0.7373
vn -0.7073 0.1383 -0.6933
vn -0.7539 0.1216 -0.6456
vn -0.7214 -0.1793 -0.6688
vn -0.8133 -0.0940 -0.5742
vn -0.8921 -0.1166 -0.4366
vn -0.9964 -0.0083 -0.0838
vn -0.8757 -0.2276 -0.4259
vn -0.8768 0.3438 -0.3362
vn -0.9490 0.2952 0.1106
vn -0.8263 -0.2095 0.5228
vn -0.4419 -0.2049 -0.8733
vn -0.9926 -0.0181 -0.1204
vn -0.6101 -0.2187 -0.7615
vn -0.9396 -0.1943 -0.2817
vn -0.9830 -0.1073 -0.1491
vn -0.8215 0.1183 -0.5578
vn -0.8441 -0.1414 -0.5171
vn -0.9995 -0.0146 -0.0266
vn -0.7472 -0.2078 -0.6312
vn -0.9811 -0.0562 -0.1851
vn -0.8484 -0.3034 -0.4337
vn -0.9240 -0.3818 -0.0180
vn -0.3683 0.6219 0.6910
vn -0.6548 -0.1717 -0.7360
vn -0.8079 -0.2465 -0.5354
vn -0.7551 -0.2137 -0.6198
vn -0.7755 -0.2466 -0.5812
vn -0.8961 0.3552 -0.2660
vn -0.6265 -0.3467 -0.6980
vn -0.9865 -0.0451 -0.1571
vn -0.9024 -0.2754 -0.3313
vn -0.9190 -0.1977 -0.3410
vn -0.6997 -0.2584 -0.6660
vn -0.5829 -0.2658 -0.7678
vn -0.1229 -0.3475 -0.9296
vn -0.7465 -0.1856 -0.6390
vn -0.9976 -0.0443 -0.0534
vn -0.8213 -0.0208 -0.5701
vn -0.9988 0.0202 -0.0430
vn -0.4668 -0.6605 0.5881
vn -0.7803 -0.2481 -0.5740
vn -0.7338 -0.1691 -0.6579
vn -0.8541 -0.0444 -0.5182
vn -0.9937 -0.0324 -0.1068
vn -0.9182 -0.2022 -0.3406
vn -0.8254 -0.5623 0.0507
vn -0.8193 -0.2059 -0.5351
vn -0.7090 -0.2784 -0.6478
vn -0.9434 -0.1998 -0.2645
vn -0.6841 0.7250 -0.0793
vn -0.7117 0.6941 0.1082
vn -0.7237 -0.2372 -0.6480
vn -0.5582 -0.3002 -0.7735
vn -0.9804 -0.0696 -0.1840
vn -0.9931 -0.0293 -0.1131
vn -0.9434 -0.0965 -0.3171
vn -0.9283 0.1838 -0.3232
vn -0.7752 -0.2401 -0.5843
vn -0.5904 -0.2509 -0.7671
vn -0.6980 -0.2954 -0.6523
vn -0.7800 -0.3188 -0.5385
vn -0.6270 -0.3010 -0.7185
vn -0.8054 -0.2082 -0.5549
vn -0.7555 -0.2351 -0.6115
vn 0.1693 -0.3810 -0.9089
vn -0.0575 0.3634 -0.9298
vn 0.0068 0.1569 -0.9876
vn -0.4556 -0.1085 -0.8835
vn -0.2607 0.5653 -0.7826
vn -0.5475 -0.6025 0.5807
vn -0.6095 0.0870 0.7880
vn -0.9743 -0.1885 0.1234
vn -0.6426 0.1451 0.7523
vn -0.7093 -0.6811 -0.1812
vn -0.9947 0.0433 0.0936
vn -0.7061 0.1284 0.6964
vn -0.9922 0.0240 0.1217
vn -0.7359 0.0956 0.6703
vn -0.8463 -0.0168 -0.5324
vn -0.7119 -0.0320 -0.7015
vn -0.9996 -0.0010 -0.0262
vn -0.9957 0.0065 0.0924
vn -0.6200 0.1066 0.7772
vn -0.9570 0.0467 0.2861
vn -0.9177 -0.0379 -0.3954
vn -0.7066 -0.1131 -0.6985
vn -0.3911 -0.1053 -0.9143
vn -0.7495 -0.0803 -0.6570
vn -0.9986 -0.0090 -0.0515
vn -0.7349 0.0993 0.6709
vn -0.6945 0.0954 0.7131
vn -0.9959 0.0122 0.0889
vn -0.9981 -0.0022 -0.0605
vn -0.8652 0.0385 0.4999
vn -0.7198 -0.0896 -0.6883
vn -0.9997 -0.0089 -0.0212
vn -0.9987 -0.0417 0.0296
vn -0.7071 0.0540 0.7051
vn -0.6073 -0.1571 0.7788
vn -0.6936 -0.0964 -0.7139
vn -0.7750 -0.0947 -0.6247
vn -0.7819 -0.1017 -0.6150
vn -0.7143 -0.1326 -0.6871
vn -0.1471 -0.7687 -0.6225
vn -0.7028 -0.2106 -0.6794
vn 0.2746 -0.4581 -0.8454
vn 0.1604 -0.6826 -0.7129
vn -0.4928 -0.4942 -0.7161
vn -0.7258 -0.1124 -0.6787
vn -0.9986 -0.0366 -0.0379
vn -0.9926 -0.1169 -0.0305
vn -0.7004 -0.7125 -0.0416
vn -0.9927 -0.1204 0.0026
vn -0.4668 -0.8767 0.1154
vn -0.3476 0.5055 0.7896
vn -0.9852 -0.1668 0.0401
vn -0.9999 0.0041 0.0079
vn -0.9983 -0.0429 -0.0391
vn -0.8066 -0.5868 0.0715
vn -0.8825 0.3580 -0.3049
vn -0.8889 -0.4411 0.1234
vn -0.7744 -0.4803 0.4118
vn -0.0624 0.2487 -0.9666
vn -0.9999 -0.0001 0.0114
vn -0.8543 -0.5196 -0.0125
vn -0.1133 -0.9935 0.0013
vn -0.9749 -0.1928 -0.1107
vn -0.7559 0.6547 0.0005
vn -0.0301 0.1942 -0.9805
vn -0.3114 0.3023 -0.9008
vn -0.9836 -0.1613 0.0805
vn -0.9983 0.0516 0.0261
vn -0.9150 -0.3901 0.1025
vn -0.9430 -0.3328 -0.0034
vn -0.9965 0.0749 0.0369
vn -0.0512 -0.9987 -0.0045
vn -0.9972 0.0350 -0.0666
vn -0.9983 0.0326 0.0477
vn -0.6382 0.4486 -0.6256
vn -0.5390 0.3107 0.7829
vn -0.9382 -0.1849 0.2926
vn -0.9152 -0.3700 0.1595
vn -0.0268 -0.9995 0.0179
vn -0.3134 -0.0216 -0.9493
vn -0.0657 0.7892 -0.6106
vn -0.2131 0.2409 0.9468
vn -0.3573 0.6368 0.6832
vn 0.0600 -0.4174 0.9067
vn -0.0569 -0.7533 0.6551
vn -0.4229 -0.4487 0.7873
vn -0.0769 -0.1744 -0.9816
vn -0.1968 0.1197 -0.9731
vn -0.6134 -0.2813 0.7379
vn -0.6249 -0.2751 0.7306
vn -0.9922 -0.0946 0.0803
vn -0.0977 0.2829 -0.9541
vn -0.1240 -0.2126 -0.9692
vn -0.2083 -0.0584 0.9763
vn -0.1832 -0.0939 0.9785
vn -0.5261 -0.2681 0.8071
vn -0.1867 -0.2612 -0.9470
vn -0.6847 -0.2433 0.6869
vn -0.7933 0.1272 -0.5954
vn -0.0862 0.2895 -0.9533
vn -0.1902 -0.2265 -0.9552
vn -0.6923 -0.2430 0.6794
vn -0.9988 -0.0458 -0.0127
vn -0.2759 0.2422 -0.9301
vn -0.1760 -0.2438 -0.9537
vn -0.9987 -0.0465 -0.0189
vn -0.7797 0.1565 -0.6062
vn -0.6947 0.1852 -0.6950
vn -0.1484 -0.2536 -0.9558
vn -0.9858 -0.1063 0.1298
vn -0.1075 -0.2766 -0.9549
vn -0.9554 0.0525 -0.2904
vn -0.1028 -0.3009 -0.9481
vn -0.1995 -0.3257 -0.9242
vn -0.1253 -0.2751 -0.9532
vn -0.3379 -0.3714 -0.8648
vn 0.0000 -0.2733 -0.9619
vn -0.1315 -0.2604 -0.9565
vn -0.0970 -0.2806 -0.9549
vn -0.0905 -0.2964 -0.9508
vn -0.0873 -0.3081 -0.9473
vn -0.2417 -0.3912 -0.8880
vn -0.1101 0.9678 -0.2263
vn -0.0790 -0.3234 -0.9430
vn 0.0308 -0.3255 -0.9450
vn -0.1353 -0.9743 0.1798
vn -0.6332 -0.6082 -0.4786
vn -0.4454 0.1325 -0.8855
vn -0.0792 0.1294 0.9884
vn -0.2523 0.1226 0.9598
vn -0.1467 -0.1616 -0.9759
vn -0.0831 -0.1424 -0.9863
vn -0.0279 -0.2611 0.9649
vn -0.0118 -0.3457 0.9382
vn -0.1059 -0.1505 -0.9829
vn -0.1300 -0.1492 -0.9802
vn 0.5177 -0.5217 -0.6781
vn -0.2109 -0.9521 -0.2213
vn -0.0689 -0.9974 -0.0209
vn -0.3663 0.8198 -0.4400
vn -0.0487 0.1198 -0.9916
vn -0.0451 -0.9990 -0.0002
vn -0.7336 0.5431 -0.4085
vn -0.4568 0.5373 -0.7089
vn -0.7115 0.4418 0.5464
vn -0.4415 0.5001 0.7449
vn -0.0304 -0.9995 0.0030
vn -0.5922 0.6167 -0.5186
vn -0.5158 0.7726 0.3702
vn -0.0157 -0.9998 -0.0070
vn -0.2283 0.4626 -0.8566
vn -0.4151 0.8162 -0.4019
vn -0.0544 0.2577 -0.9647
vn -0.5135 0.6850 -0.5168
vn -0.2993 0.2051 -0.9318
vn -0.1708 0.8592 -0.4823
vn 0.1412 -0.5484 0.8242
vn 0.0627 -0.1340 -0.9890
vn -0.0076 -0.2236 -0.9746
vn -0.0114 -0.2403 -0.9706
vn -0.0209 -0.2310 -0.9727
vn -0.5544 -0.2813 0.7833
vn -0.1119 0.2742 -0.9551
vn -0.0261 -0.2331 0.9721
vn -0.5248 -0.2613 0.8101
vn 0.0685 -0.2408 -0.9681
vn -0.1284 -0.6203 0.7738
vn -0.7817 -0.2226 0.5825
vn -0.1053 0.2990 -0.9484
vn -0.7680 0.1479 -0.6232
vn -0.7380 -0.2162 0.6392
vn -0.7466 0.1492 -0.6483
vn -0.3991 0.2449 -0.8836
vn -0.9976 -0.0498 -0.0480
vn -0.6870 -0.2404 0.6857
vn -0.7418 0.1426 -0.6553
vn -0.7443 0.1123 -0.6583
vn -0.7620 0.1247 -0.6354
vn 0.0162 0.3105 -0.9504
vn 0.0103 0.7531 -0.6578
vn 0.0092 -0.2233 -0.9747
vn -0.0167 -0.9995 0.0255
vn -0.0543 -0.9976 -0.0428
vn -0.4017 -0.8769 -0.2639
vn -0.5240 0.7060 -0.4764
vn -0.7255 0.2571 -0.6384
vn -0.1304 0.3106 -0.9416
vn -0.0017 -0.1027 -0.9947
vn -0.8686 -0.1525 -0.4714
vn -0.9284 0.1491 -0.3402
vn -0.7520 0.6433 -0.1435
vn -0.0179 -0.1669 -0.9858
vn -0.7308 -0.6490 -0.2116
vn -0.9744 -0.0851 -0.2080
vn -0.0269 -0.1439 -0.9892
vn -0.0467 -0.1410 -0.9889
vn -0.0000 -0.1355 -0.9908
vn 0.0685 -0.2356 -0.9694
vn 0.1331 -0.3324 -0.9337
vn 0.1330 -0.6540 -0.7447
vn 0.0806 -0.9604 -0.2667
vn -0.0031 -0.9992 -0.0399
vn -0.5430 0.4907 -0.6814
vn -0.5340 0.8028 -0.2652
vn -0.5435 0.4505 0.7082
vn 0.0261 0.6347 -0.7723
vn -0.0382 0.7890 -0.6132
vn 0.0085 0.7239 -0.6898
vn -0.4723 0.5646 0.6768
vn -0.4443 0.7734 0.4522
vn -0.3273 0.5141 0.7927
vn -0.0131 -0.9998 -0.0177
vn -0.4663 0.0459 -0.8834
vn -0.5334 0.0085 -0.8458
vn -0.6459 0.7547 -0.1146
vn 0.1606 -0.3191 0.9340
vn -0.1128 -0.5174 0.8483
vn 0.0049 0.1158 -0.9932
vn -0.0090 0.3034 -0.9528
vn -0.0214 -0.2621 -0.9648
vn -0.0756 0.2982 -0.9515
vn -0.4419 -0.2498 0.8616
vn -0.2325 -0.2695 0.9345
vn -0.9572 -0.1170 0.2647
vn 0.0204 -0.2603 -0.9653
vn -0.3157 -0.2544 0.9141
vn -0.7243 -0.1873 0.6636
vn -0.0748 0.2715 -0.9595
vn -0.9965 -0.0209 -0.0805
vn -0.0960 0.2587 -0.9611
vn -0.9861 0.0924 0.1380
vn -0.9889 -0.1335 0.0649
vn -0.6176 0.2085 -0.7583
vn -0.7232 0.1703 -0.6693
vn -0.7444 -0.6606 -0.0969
vn -0.6222 -0.5501 -0.5570
vn -0.6891 0.0962 -0.7182
vn 0.5961 0.4687 -0.6518
vn -0.5384 -0.8404 -0.0611
vn -0.9326 0.3597 -0.0301
vn -0.1586 0.9872 -0.0151
vn 0.0093 -0.1491 -0.9888
vn -0.9801 -0.1978 -0.0134
vn -0.7127 -0.7011 -0.0197
vn 0.0022 -0.1413 -0.9900
vn -0.0003 -0.1433 -0.9897
vn 0.0243 -0.2591 -0.9655
vn -0.9999 0.0103 -0.0009
vn -0.9573 0.2890 -0.0062
vn -0.4295 0.9030 -0.0012
vn -0.2759 0.9599 0.0492
vn -0.0313 0.3493 -0.9365
vn 0.0175 0.2043 -0.9787
vn -0.6183 -0.7859 0.0027
vn -0.9833 -0.1817 0.0038
vn -0.0145 0.3292 -0.9441
vn -0.0005 0.6411 -0.7674
vn -0.6139 -0.7894 0.0031
vn -0.9839 -0.1785 0.0000
vn -0.9162 0.4007 -0.0005
vn -0.3789 0.9254 -0.0027
vn -0.0873 0.4768 -0.8746
vn -0.4893 0.8556 0.1686
vn -0.9882 -0.1534 0.0001
vn -0.9185 0.3953 0.0010
vn -0.5834 -0.8121 -0.0038
vn 0.0024 0.7362 -0.6767
vn -0.1489 0.9639 -0.2206
vn 0.0065 0.2224 -0.9749
vn -0.9834 -0.1814 0.0015
vn -0.3143 0.9493 0.0017
vn -0.7263 0.6873 0.0117
vn -0.5500 0.1779 -0.8159
vn -0.3767 0.6648 -0.6450
vn -0.5691 -0.8222 0.0021
vn -0.9033 0.4289 0.0065
vn -0.0021 0.2713 -0.9625
vn -0.1502 -0.3423 0.9275
vn -0.1441 -0.3614 0.9212
vn -0.1515 -0.0489 0.9872
vn 0.0348 -0.2210 -0.9746
vn -0.9852 -0.1714 0.0062
vn 0.0663 -0.2299 -0.9709
vn 0.0874 -0.2376 -0.9674
vn -0.0135 0.2952 -0.9553
vn -0.4105 0.8938 0.1805
vn -0.5367 -0.8436 0.0176
vn 0.0325 -0.2584 -0.9655
vn 0.6460 -0.1985 -0.7371
vn 0.0910 -0.2792 -0.9559
vn 0.1765 0.9531 -0.2459
vn -0.0375 0.2884 -0.9568
vn -0.0354 0.3024 -0.9525
vn -0.0855 -0.1475 -0.9854
vn -0.0496 0.2644 -0.9631
vn 0.0249 -0.1477 -0.9887
vn 0.0035 -0.1439 -0.9896
vn 0.0519 -0.8297 -0.5557
vn -0.0435 -0.9990 -0.0009
vn -0.0528 -0.9986 0.0026
vn -0.0647 -0.9979 -0.0049
vn -0.6203 0.7306 -0.2853
vn -0.3674 0.5211 -0.7704
vn -0.1102 0.9730 -0.2026
vn 0.0609 -0.9981 -0.0081
vn -0.0672 -0.4483 0.8913
vn -0.0289 -0.1463 0.9888
vn -0.2302 -0.5555 0.7990
vn 0.6800 -0.1718 -0.7128
vn 0.0239 -0.2892 0.9569
vn -0.0186 -0.8857 0.4639
vn 0.1654 -0.6736 0.7203
vn -0.0056 0.3034 -0.9528
vn 0.6306 -0.1907 -0.7523
vn 0.6120 -0.1979 -0.7656
vn 0.0016 0.2728 -0.9621
vn 0.1025 -0.3176 -0.9427
vn 0.3584 0.2024 -0.9113
vn 0.0652 0.0473 -0.9967
vn 0.5603 -0.3098 -0.7682
vn 0.6846 -0.1773 -0.7070
vn 0.0069 -0.9998 -0.0148
vn 0.0186 -0.1612 -0.9867
vn -0.0044 -0.9999 -0.0092
vn 0.0505 -0.7290 -0.6826
vn 0.2972 -0.9546 -0.0196
vn 0.4953 0.8673 0.0504
vn 0.3228 -0.9465 -0.0008
vn 0.0482 0.2696 -0.9617
vn 0.2243 -0.9745 0.0092
vn 0.3717 -0.9283 0.0039
vn 0.0815 0.4733 -0.8771
vn 0.2556 -0.9668 0.0019
vn 0.1706 -0.9853 -0.0075
vn -0.0047 0.7660 -0.6427
vn -0.0760 0.7907 -0.6074
vn 0.1395 0.3442 -0.9284
vn 0.1719 -0.7445 0.6451
vn 0.1446 -0.3011 0.9426
vn 0.0254 -0.3033 0.9525
vn 0.1616 0.0199 -0.9866
vn 0.6988 -0.1659 -0.6957
vn 0.6417 -0.1639 -0.7492
vn -0.0207 0.3076 -0.9513
vn 0.7130 -0.1732 -0.6794
vn 0.7186 -0.1757 -0.6729
vn 0.0045 -1.0000 0.0001
vn 0.8990 -0.1025 -0.4258
vn 0.7005 -0.1946 -0.6866
vn 0.0142 0.2946 -0.9555
vn 0.6779 -0.2817 -0.6790
vn 0.0243 -0.0918 -0.9955
vn 0.0328 -0.1509 -0.9880
vn 0.0512 -0.1418 -0.9886
vn -0.0129 -0.9996 -0.0248
vn 0.3284 -0.9445 -0.0064
vn 0.0017 -1.0000 0.0008
vn 0.4923 0.6193 -0.6116
vn 0.1374 0.1802 -0.9740
vn -0.0019 -1.0000 0.0016
vn 0.3901 0.6328 -0.6688
vn 0.0319 0.1408 -0.9895
vn -0.0029 -0.9999 -0.0082
vn 0.1455 0.4581 -0.8769
vn 0.1177 0.8892 -0.4420
vn 0.0075 -0.9999 -0.0087
vn 0.0537 0.2714 -0.9609
vn 0.0314 -0.5569 0.8300
vn 0.0154 -0.9807 0.1946
vn 0.2617 -0.5264 0.8089
vn 0.8810 -0.0392 -0.4715
vn 0.4227 0.4146 -0.8058
vn 0.9995 -0.0287 0.0070
vn 0.7413 -0.1130 -0.6615
vn 0.3285 -0.2560 -0.9091
vn -0.1262 0.4088 0.9038
vn 0.7646 -0.1456 -0.6278
vn 0.7978 -0.0996 -0.5946
vn 0.7840 -0.1832 -0.5932
vn 0.1659 -0.2334 -0.9581
vn 0.7690 -0.1530 -0.6206
vn 0.9955 -0.0324 -0.0886
vn 0.8000 -0.2355 -0.5519
vn 0.7717 -0.2069 -0.6014
vn 0.0026 -0.4124 0.9110
vn -0.0214 0.3222 0.9464
vn 0.6161 0.2257 0.7546
vn -0.0050 0.3055 0.9521
vn -0.0062 0.3040 -0.9526
vn 0.9998 0.0080 -0.0153
vn 0.8534 -0.2138 -0.4754
vn 0.9452 0.1269 -0.3006
vn 0.9922 -0.0738 -0.1003
vn 0.5332 -0.3566 -0.7671
vn 0.7286 -0.2084 -0.6524
vn 0.9474 0.0644 -0.3133
vn 0.6392 0.7530 -0.1560
vn 0.3754 -0.2451 -0.8939
vn 0.4739 -0.8433 -0.2536
vn 0.4858 -0.2358 -0.8416
vn 0.0214 0.1676 -0.9856
vn 0.0584 0.5468 -0.8352
vn 0.1183 -0.1350 -0.9837
vn 0.0544 -0.2164 -0.9748
vn 0.4602 0.8068 -0.3704
vn 0.4202 -0.0038 -0.9074
vn 0.1409 0.0291 -0.9896
vn 0.3052 0.2853 -0.9085
vn 0.5638 0.6980 0.4415
vn 0.2939 0.8742 -0.3864
vn 0.6690 0.5371 -0.5137
vn 0.5023 0.7610 -0.4105
vn 0.3471 0.7380 -0.5786
vn 0.8351 0.2344 -0.4975
vn 0.1055 0.1272 -0.9862
vn 0.0109 -0.9999 -0.0002
vn 0.7680 -0.5522 0.3244
vn 0.1908 -0.9773 0.0915
vn 0.8946 -0.4222 -0.1463
vn 0.2151 -0.9301 -0.2976
vn 0.9304 -0.0559 -0.3622
vn 0.8189 -0.1016 -0.5648
vn 0.3586 -0.1883 -0.9143
vn 0.3818 -0.3413 -0.8589
vn 0.8336 -0.1949 -0.5167
vn 0.0648 -0.2860 -0.9560
vn 0.3014 -0.2529 -0.9193
vn 0.4229 0.2902 -0.8584
vn 0.1375 -0.0893 -0.9864
vn 0.8035 -0.0631 -0.5919
vn 0.2024 -0.2328 -0.9512
vn 0.0920 -0.4784 -0.8733
vn -0.0086 0.4882 0.8726
vn 0.6423 0.4748 0.6016
vn -0.0404 0.8450 0.5332
vn 0.1260 -0.3724 -0.9195
vn 0.7518 -0.2106 -0.6249
vn 0.1140 -0.3251 -0.9387
vn 0.0913 -0.9796 0.1791
vn 0.7324 -0.2670 -0.6263
vn 0.1506 -0.2931 -0.9441
vn 0.6336 -0.2399 -0.7355
vn 0.8720 -0.3180 0.3721
vn 0.8994 -0.4335 -0.0566
vn 0.2091 -0.8774 -0.4317
vn 0.6655 -0.1816 -0.7240
vn 0.0166 -0.1502 -0.9885
vn 0.0149 0.5822 -0.8129
vn 0.1621 -0.4254 -0.8903
vn -0.0016 0.2557 -0.9667
vn 0.0148 0.2785 -0.9603
vn 0.0674 -0.6951 0.7158
vn -0.0173 -0.3125 0.9497
vn 0.0588 -0.2767 0.9591
vn 0.3536 -0.0937 -0.9307
vn 0.6490 -0.0820 -0.7563
vn 0.6603 -0.0850 -0.7461
vn 0.1493 -0.1286 -0.9804
vn 0.3969 -0.5714 -0.7183
vn 0.5401 -0.8415 0.0157
vn 0.3836 0.4932 -0.7807
vn 0.0516 -0.0493 -0.9974
vn 0.5809 0.2656 0.7694
vn 0.4865 0.5354 0.6904
vn 0.0482 -0.0314 0.9983
vn 0.9149 0.3828 0.1279
vn 0.4704 0.2833 -0.8357
vn 0.0652 0.1412 -0.9878
vn 0.3552 0.3071 -0.8829
vn 0.0728 0.0718 -0.9948
vn 0.4891 0.7170 0.4966
vn 0.7623 0.0404 -0.6459
vn 0.0754 0.0045 -0.9971
vn 0.0978 -0.8679 -0.4870
vn 0.5851 -0.3395 -0.7364
vn 0.1032 -0.2090 -0.9724
vn 0.1418 -0.2248 -0.9640
vn 0.1209 0.2879 -0.9500
vn -0.1065 0.5748 0.8113
vn 0.6898 -0.1603 -0.7060
vn -0.1162 -0.0381 -0.9925
vn 0.7060 -0.2552 -0.6606
vn 0.7208 -0.2255 -0.6553
vn 0.1025 -0.9554 -0.2769
vn 0.0114 -0.2006 -0.9796
vn 0.5758 0.3268 -0.7494
vn 0.0741 -0.7066 -0.7037
vn 0.1011 -0.3360 -0.9364
vn 0.7293 -0.2391 -0.6410
vn 0.6832 -0.2542 -0.6845
vn 0.0307 -0.2012 0.9791
vn 0.0366 0.4036 0.9142
vn -0.0534 0.0228 0.9983
vn 0.5981 0.4328 -0.6745
vn 0.7057 0.2482 -0.6636
vn 0.0016 -0.9988 -0.0490
vn 0.1047 -0.9807 0.1651
vn 0.0162 -0.9998 -0.0105
vn 0.0172 -0.9998 -0.0028
vn 0.9319 -0.3190 -0.1724
vn 0.4809 -0.3524 -0.8028
vn 0.2141 -0.3605 -0.9078
vn 0.8254 -0.2707 -0.4954
vn 0.3734 -0.7601 -0.5318
vn 0.7388 -0.5915 -0.3228
vn 0.8668 -0.4962 -0.0488
vn 0.4828 -0.8676 -0.1185
vn 0.3580 -0.9191 -0.1645
vn 0.9265 0.2015 0.3177
vn 0.4082 -0.3291 -0.8515
vn 0.8745 -0.4846 -0.0197
vn 0.3989 -0.9163 0.0363
vn 0.9669 -0.2552 -0.0015
vn 0.9155 -0.4023 0.0034
vn 0.8632 -0.5047 0.0103
vn 0.7944 -0.6068 0.0278
vn 0.9088 -0.4172 -0.0053
vn 0.2588 -0.9478 -0.1860
vn 0.7817 0.5737 -0.2444
vn 0.7742 -0.2165 -0.5947
vn 0.8856 -0.4640 0.0221
vn 0.8443 -0.3250 0.4261
vn 0.8415 -0.5325 0.0909
vn 0.0912 -0.9892 0.1142
vn 0.9107 -0.4130 0.0046
vn 0.7856 -0.2509 -0.5655
vn 0.0930 -0.0433 -0.9947
vn 0.8243 -0.5661 0.0015
vn 0.0879 -0.9961 -0.0068
vn 0.0813 -0.9967 0.0016
vn 0.8719 -0.4896 0.0104
vn 0.6677 -0.7387 0.0913
vn 0.2705 -0.8740 0.4036
vn 0.3755 0.8787 -0.2949
vn -0.0356 0.4196 0.9070
vn 0.6635 0.3767 0.6464
vn 0.6710 -0.1684 -0.7220
vn 0.7366 -0.1749 -0.6533
vn -0.0455 -0.2437 -0.9687
vn 0.2585 -0.4060 -0.8765
vn 0.2565 -0.8885 0.3804
vn 0.0900 0.3012 -0.9493
vn -0.1175 0.9929 0.0178
vn -0.9054 -0.0768 -0.4175
vn -0.1994 0.9287 -0.3126
vn -0.0316 -0.9748 0.2210
vn 0.5019 0.2998 -0.8112
vn 0.7262 -0.2127 -0.6538
vn -0.0307 -0.9191 -0.3928
vn 0.6239 -0.2007 -0.7553
vn 0.6708 -0.4850 -0.5610
vn 0.1975 -0.1374 -0.9706
vn 0.5904 0.2668 -0.7617
vn 0.5450 -0.1076 -0.8315
vn 0.7103 -0.0869 -0.6985
vn 0.5643 -0.1509 -0.8116
vn 0.6789 -0.0996 -0.7274
vn 0.6717 -0.1473 -0.7260
vn 0.4603 -0.7825 -0.4193
vn 0.1779 -0.9514 -0.2515
vn 0.6250 0.4716 -0.6220
vn -0.0161 -0.9463 0.3229
vn 0.0374 -0.9979 -0.0519
vn 0.0425 -0.7433 -0.6676
vn 0.0181 0.0006 -0.9998
vn 0.0132 0.6424 -0.7662
vn -0.0564 -0.7943 0.6049
vn 0.7778 -0.6235 -0.0786
vn 0.0895 -0.9944 -0.0551
vn 0.1382 -0.9904 -0.0014
vn 0.4657 -0.8792 -0.1001
vn -0.0386 -0.7967 -0.6031
vn 0.4613 -0.8824 -0.0921
vn 0.6312 0.5044 -0.5892
vn -0.0245 -0.6911 0.7223
vn 0.3970 0.1333 0.9080
vn -0.0320 -0.9726 0.2304
vn 0.7803 -0.5858 0.2188
vn 0.3259 -0.9454 -0.0022
vn 0.8502 -0.5260 0.0215
vn 0.0912 -0.9935 -0.0681
vn 0.7899 -0.6041 -0.1052
vn 0.4850 -0.8665 -0.1184
vn -0.0351 -0.7850 -0.6184
vn 0.6616 -0.7479 -0.0543
vn -0.0061 -0.0071 -0.9999
vn 0.6279 0.5012 -0.5954
vn 0.7014 -0.1058 0.7049
vn 0.0188 -0.9804 0.1960
vn -0.0547 -0.7577 0.6503
vn 0.1250 -0.9906 0.0546
vn 0.7911 -0.6032 0.1012
vn 0.7481 -0.6634 0.0159
vn 0.1302 -0.9914 0.0091
vn 0.7775 -0.6211 0.0986
vn 0.2388 -0.9646 0.1120
vn 0.7202 -0.5427 0.4321
vn 0.6334 0.5422 -0.5521
vn 0.5792 -0.4825 0.6570
vn 0.7845 -0.4657 0.4095
vn 0.7564 -0.3603 0.5459
vn 0.6771 -0.6895 -0.2571
vn 0.1621 0.6543 -0.7386
vn 0.0237 -0.9997 0.0058
vn 0.6941 0.2651 -0.6693
vn 0.6687 -0.3092 0.6762
vn 0.5860 0.2784 -0.7609
vn 0.7620 -0.5748 0.2983
vn 0.6916 0.2441 -0.6797
vn 0.5563 0.3775 -0.7402
vn 0.6340 -0.6870 -0.3550
vn 0.0872 0.2966 -0.9510
vn 0.4054 -0.6760 -0.6153
vn 0.5108 -0.8254 0.2402
vn 0.5989 -0.5741 0.5583
vn 0.5619 -0.0844 -0.8229
vn 0.6829 -0.1339 -0.7181
vn 0.0889 -0.9948 -0.0503
vn 0.0540 -0.8961 -0.4406
vn 0.0689 -0.3723 -0.9255
vn 0.1567 -0.0830 -0.9841
vn 0.0668 -0.9977 0.0045
vn 0.0571 -0.9974 0.0429
vn 0.5322 -0.6506 -0.5418
vn 0.0805 -0.2869 -0.9546
vn 0.1553 0.0562 -0.9862
vn 0.5296 -0.6635 0.5284
vn -0.0096 -0.9986 -0.0518
vn 0.4338 -0.6588 -0.6146
vn 0.0370 -0.2282 -0.9729
vn -0.0049 -0.9984 -0.0560
vn 0.5101 -0.6121 -0.6042
vn 0.0322 -0.1885 -0.9815
vn 0.0700 0.0578 -0.9958
vn 0.5146 -0.6409 0.5695
vn 0.0230 -0.9975 0.0669
vn 0.0448 -0.9990 0.0034
vn 0.0927 -0.9957 0.0056
vn 0.5328 -0.8462 -0.0072
vn 0.6838 -0.7246 0.0853
vn 0.0456 -0.9812 -0.1873
vn 0.5619 -0.8272 0.0057
vn 0.0978 -0.4574 -0.8838
vn 0.7569 -0.4257 0.4957
vn 0.8665 -0.2670 0.4216
vn 0.5386 -0.2937 0.7897
vn 0.8323 -0.1275 0.5394
vn 0.7282 -0.1531 -0.6681
vn 0.7880 0.1743 -0.5905
vn 0.8680 -0.1366 -0.4773
vn 0.7064 0.2698 -0.6544
vn 0.8517 0.1579 -0.4996
vn 0.9472 -0.3204 0.0077
vn 0.0749 0.2955 -0.9524
vn 0.7128 0.2246 -0.6644
vn 0.6832 0.2192 -0.6965
vn 0.5099 0.2784 -0.8139
vn 0.7127 -0.0244 -0.7010
vn 0.2358 -0.1248 -0.9637
vn 0.7344 0.0648 0.6756
vn 0.9836 -0.0195 -0.1794
vn 0.9752 0.0498 0.2157
vn 0.5876 -0.8064 -0.0659
vn 0.4358 -0.8872 -0.1511
vn 0.7969 -0.0443 -0.6025
vn 0.0771 -0.9970 -0.0062
vn 0.0423 -0.6973 0.7155
vn 0.0701 -0.9839 0.1642
vn 0.6268 -0.5337 0.5676
vn -0.0045 -0.9999 -0.0082
vn 0.1169 -0.9636 -0.2402
vn 0.7421 -0.0352 -0.6693
vn 0.7826 0.2154 -0.5840
vn 0.7803 0.2179 -0.5862
vn 0.6915 0.2297 -0.6848
vn 0.5551 0.2597 -0.7902
vn 0.5412 0.5947 -0.5944
vn 0.7742 -0.0472 -0.6311
vn 0.1223 0.9925 -0.0034
vn 0.0002 0.9407 0.3391
vn 0.6326 0.5980 0.4921
vn 0.4860 -0.8738 0.0120
vn 0.6737 -0.5652 -0.4761
vn 0.4511 -0.1016 -0.8867
vn 0.5021 -0.6037 0.6193
vn 0.7796 -0.6262 -0.0021
vn 0.4781 -0.8748 -0.0783
vn 0.5680 0.0275 -0.8225
vn 0.6276 0.4839 -0.6098
vn 0.5464 0.0136 -0.8374
vn 0.4784 -0.8739 -0.0861
vn 0.5618 -0.0590 -0.8252
vn 0.6001 -0.7999 -0.0064
vn 0.6446 -0.7641 -0.0238
vn 0.5244 -0.5278 -0.6681
vn 0.7694 0.2254 -0.5977
vn 0.5356 -0.8438 -0.0331
vn 0.6651 -0.0911 0.7411
vn -0.0063 -0.2168 0.9762
vn 0.5333 -0.1421 0.8339
vn 0.5083 0.1215 -0.8525
vn 0.5428 -0.6804 0.4924
vn 0.6021 -0.7984 -0.0051
vn 0.9599 0.2548 -0.1167
vn 0.8663 -0.0222 -0.4989
vn 0.7848 -0.6124 -0.0947
vn 0.9773 -0.2092 -0.0346
vn 0.5449 -0.8385 -0.0022
vn 0.9534 -0.3010 0.0204
vn 0.9185 -0.0705 -0.3890
vn 0.9746 -0.2208 -0.0378
vn 0.9718 -0.1388 0.1904
vn 0.9751 -0.0314 -0.2194
vn 0.6813 -0.0119 0.7319
vn 0.9901 -0.0324 0.1364
vn 0.7914 0.0208 0.6109
vn 0.6979 0.5572 0.4499
vn 0.8716 -0.1818 -0.4553
vn 0.1437 -0.0222 0.9893
vn 0.8154 -0.0216 0.5784
vn 0.5947 0.5458 0.5903
vn 0.5969 -0.8023 -0.0006
vn 0.7952 -0.6033 -0.0611
vn 0.9760 -0.2104 -0.0551
vn 0.9715 -0.0306 -0.2350
vn 0.5894 -0.0184 0.8076
vn 0.9837 -0.0336 0.1766
vn 0.6699 0.5225 0.5274
vn 0.7978 0.6029 -0.0019
vn 0.9943 -0.0850 -0.0640
vn 0.0106 0.1365 0.9906
vn -0.5852 0.8089 0.0570
vn -0.1849 0.9820 -0.0385
vn -0.0950 0.0712 0.9929
vn -0.1162 0.9926 0.0342
vn -0.2058 0.9766 -0.0620
vn -0.0328 0.9995 0.0031
vn -0.0265 0.9996 0.0031
vn -0.1864 0.9819 0.0326
vn -0.0821 0.0707 0.9941
vn -0.1804 0.9829 0.0353
vn -0.0387 0.9992 0.0012
vn -0.0856 0.9951 -0.0487
vn -0.0102 0.9999 -0.0004
vn 0.0083 0.1643 0.9864
vn -0.1429 0.1689 0.9752
vn -0.1115 0.1452 0.9831
vn 0.0228 -0.1176 0.9928
vn 0.0058 -0.0567 0.9984
vn 0.0165 0.5362 0.8439
vn -0.0843 -0.3767 0.9225
vn -0.2828 -0.0009 0.9592
vn -0.0411 0.9984 -0.0375
vn -0.0065 -0.1050 0.9944
vn -0.0786 0.0014 0.9969
vn -0.0215 0.9997 -0.0058
vn -0.2083 -0.2719 0.9395
vn -0.1621 -0.2992 0.9403
vn -0.2108 -0.2617 0.9418
vn -0.0433 -0.2727 0.9611
vn 0.0013 1.0000 -0.0022
vn 0.0355 0.9974 0.0630
vn 0.1471 0.7892 0.5962
vn 0.0021 -0.1875 0.9822
vn 0.0038 0.1501 0.9886
vn -0.0110 0.9634 -0.2678
vn -0.0695 0.1263 0.9895
vn -0.1438 0.1154 0.9828
vn 0.0616 0.8756 0.4791
vn 0.0050 1.0000 -0.0027
vn -0.0704 -0.0639 0.9955
vn 0.0108 -0.0312 0.9995
vn -0.0020 0.7822 0.6230
vn -0.0240 0.0833 0.9962
vn -0.0962 0.9879 -0.1219
vn 0.0018 1.0000 -0.0002
vn -0.0176 -0.2864 0.9579
vn -0.0303 -0.2801 0.9595
vn -0.0032 -0.2413 0.9704
vn 0.0011 0.1478 0.9890
vn 0.0022 0.1557 0.9878
vn -0.0342 0.1132 0.9930
vn -0.0034 0.1061 0.9943
vn -0.2987 0.4669 0.8323
vn 0.0313 0.7833 0.6208
vn 0.0112 0.9999 -0.0069
vn -0.0454 0.9301 0.3643
vn -0.0548 0.0144 0.9984
vn -0.0169 0.1659 0.9860
vn 0.0334 0.7872 0.6158
vn -0.0040 0.2422 0.9702
vn 0.0066 0.8295 0.5584
vn 0.0062 0.9999 -0.0119
vn -0.0564 0.2584 0.9644
vn -0.0951 0.2762 0.9564
vn -0.0371 -0.3020 0.9526
vn -0.0391 0.2518 0.9669
vn -0.0322 -0.2904 0.9563
vn -0.1452 0.9376 0.3159
vn -0.0788 0.2613 0.9620
vn -0.0649 -0.2858 0.9561
vn -0.0468 0.9905 0.1291
vn -0.0170 -0.2161 0.9762
vn 0.0019 0.1313 0.9913
vn 0.0137 -0.0052 0.9999
vn 0.0154 0.9998 0.0036
vn -0.1015 -0.0791 0.9917
vn 0.0194 0.9998 0.0010
vn 0.0058 1.0000 0.0023
vn 0.0389 0.9992 0.0021
vn -0.0066 0.5770 0.8167
vn 0.0257 0.2336 0.9720
vn 0.0503 0.4345 0.8993
vn 0.0364 0.8838 0.4664
vn 0.0252 0.4400 0.8976
vn -0.0016 0.7988 0.6015
vn 0.0371 0.9992 -0.0096
vn -0.0346 -0.2789 0.9597
vn 0.1553 0.9847 -0.0791
vn -0.0398 -0.2781 0.9597
vn 0.7761 -0.1899 0.6013
vn -0.0281 0.8812 0.4720
vn -0.0009 0.1517 0.9884
vn -0.0105 0.7677 0.6407
vn -0.0122 0.7336 0.6794
vn 0.0166 0.2018 0.9792
vn -0.0070 0.7296 0.6838
vn -0.0406 -0.2652 0.9633
vn 0.0306 0.4721 0.8810
vn 0.0078 0.2678 0.9634
vn 0.3840 0.9233 -0.0007
vn 0.0091 0.3274 0.9448
vn 0.0053 0.3135 0.9496
vn 0.0058 0.9818 0.1896
vn 0.5856 0.1225 0.8013
vn 0.0862 0.1540 0.9843
vn 0.0135 0.2445 0.9695
vn 0.0107 0.1939 0.9810
vn 0.0157 0.2850 0.9584
vn -0.0118 -0.2719 0.9622
vn 0.0363 0.9686 -0.2459
vn 0.0349 0.1167 0.9925
vn 0.0229 0.0824 0.9963
vn 0.0030 -0.0630 0.9980
vn 0.0446 0.9990 0.0037
vn -0.0097 0.5462 0.8376
vn 0.0522 0.4071 0.9119
vn 0.0070 1.0000 -0.0009
vn 0.4665 0.8845 0.0009
vn -0.0011 0.1874 0.9823
vn -0.0076 -0.4165 0.9091
vn -0.0469 -0.2984 0.9532
vn 0.0062 0.4957 0.8685
vn 0.0728 -0.0783 0.9943
vn 0.0746 0.1474 0.9862
vn 0.0753 0.1471 0.9862
vn 0.0806 0.1212 0.9893
vn 0.1858 0.1139 0.9760
vn -0.0551 0.7458 0.6639
vn -0.0016 1.0000 -0.0052
vn 0.0356 0.9610 0.2742
vn 0.1948 0.6600 0.7255
vn 0.0660 0.0673 0.9955
vn -0.2289 0.2784 0.9327
vn -0.0680 0.0579 0.9960
vn -0.0081 0.0199 0.9998
vn -0.0933 -0.1922 0.9769
vn 0.0514 0.7462 0.6637
vn -0.0667 0.6411 0.7645
vn -0.0063 1.0000 0.0046
vn -0.0352 0.9259 0.3760
vn -0.0183 -0.2873 0.9576
vn 0.0086 -0.2619 0.9650
vn -0.2048 0.9706 -0.1259
vn 0.0844 0.1495 0.9851
vn 0.0510 0.2565 0.9652
vn 0.0717 0.0579 0.9957
vn -0.1201 0.7184 0.6851
vn 0.0833 0.0694 0.9941
vn -0.0219 0.0491 0.9985
vn -0.0360 -0.0761 0.9964
vn -0.0047 0.4835 0.8753
vn -0.0345 0.9166 0.3982
vn 0.0881 -0.3128 0.9457
vn 0.5616 -0.2442 0.7906
vn 0.6616 -0.2509 0.7066
vn 0.6822 -0.2466 0.6883
vn -0.0137 0.7382 0.6745
vn 0.5416 -0.2693 0.7963
vn 0.5131 0.8496 0.1217
vn 0.7865 0.2743 0.5533
vn 0.0851 0.1507 0.9849
vn 0.3152 0.9113 -0.2648
vn 0.8409 0.5340 -0.0878
vn 0.9880 -0.1199 -0.0969
vn 0.9982 0.0553 -0.0245
vn 0.9238 0.3811 -0.0357
vn 0.0661 0.1046 0.9923
vn 0.9901 -0.1378 -0.0237
vn 0.0295 -0.0518 0.9982
vn 0.4084 0.9128 0.0012
vn 0.9406 0.3395 0.0022
vn 0.4626 0.8524 0.2437
vn 0.9995 0.0321 -0.0018
vn 0.9877 -0.1562 -0.0010
vn 0.4765 0.5382 0.6952
vn 0.9993 0.0368 0.0027
vn 0.9841 -0.1773 0.0008
vn 0.4860 0.8739 0.0027
vn 0.9395 0.3426 0.0016
vn 0.9994 0.0342 0.0016
vn 0.0302 0.9336 0.3571
vn 0.9459 0.3243 0.0107
vn 0.9875 -0.1576 0.0073
vn 0.0095 0.9942 -0.1071
vn 0.9995 0.0305 0.0069
vn -0.0138 0.4420 0.8969
vn -0.0038 0.0134 0.9999
vn 0.2055 0.8309 0.5170
vn 0.0179 0.0208 0.9996
vn 0.0013 0.2329 0.9725
vn 0.0320 0.2441 0.9692
vn 0.1763 0.7225 0.6685
vn 0.2557 -0.2900 0.9222
vn 0.9973 0.0208 0.0709
vn 0.0036 0.9655 -0.2604
vn 0.6992 -0.2227 0.6793
vn 0.2832 -0.2832 0.9163
vn 0.9272 -0.1461 0.3448
vn 0.9909 -0.0709 0.1144
vn 0.0486 0.6802 0.7313
vn 0.5322 0.7839 0.3198
vn 0.0016 1.0000 -0.0040
vn 0.1085 0.1932 0.9751
vn 0.6782 0.0337 0.7341
vn 0.0058 0.2601 0.9655
vn -0.0891 0.8343 0.5441
vn 0.6525 -0.2452 0.7170
vn 0.5093 -0.2895 0.8104
vn 0.0909 0.0124 0.9958
vn 0.0596 0.1586 0.9855
vn 0.0288 0.7074 0.7062
vn 0.6363 -0.2528 0.7288
vn 0.7384 -0.1927 0.6462
vn 0.9340 -0.1239 0.3351
vn 0.0049 0.3443 0.9388
vn 0.6583 -0.2356 0.7149
vn 0.9893 -0.0764 0.1240
vn 0.6200 -0.2141 0.7548
vn 0.9939 -0.0706 0.0846
vn 0.9853 0.0130 -0.1702
vn 0.9952 -0.0112 -0.0971
vn 0.7584 0.0458 0.6502
vn 0.9847 0.0281 0.1720
vn 0.6796 0.1213 0.7234
vn 0.9907 -0.0281 -0.1333
vn 0.9948 0.0158 0.1006
vn 0.6748 0.1037 0.7306
vn 0.9915 0.0088 0.1298
vn 0.6789 0.1089 0.7261
vn 0.9919 0.0170 0.1259
vn 0.6945 0.1109 0.7109
vn 0.9825 -0.0233 -0.1845
vn 0.9964 0.0094 0.0844
vn 0.6774 0.0881 0.7303
vn 0.9920 0.0006 0.1263
vn 0.6879 0.0774 0.7217
vn 0.5504 0.0464 0.8336
vn 0.9666 -0.0435 -0.2526
vn 0.9903 0.0002 0.1390
vn 0.7874 -0.0005 0.6164
vn 0.9726 -0.0452 -0.2279
vn 0.9453 -0.0704 -0.3183
vn 0.0021 -0.1756 0.9844
vn 0.0105 0.8265 0.5629
vn 0.9990 -0.0429 -0.0131
vn 0.9998 0.0216 0.0004
vn 0.9993 -0.0361 0.0028
vn 0.0636 -0.0618 0.9960
vn 0.0542 0.0645 0.9964
vn 0.9998 0.0078 0.0139
vn 0.9996 -0.0181 0.0215
vn 0.9988 -0.0415 0.0232
vn 0.9915 0.1105 -0.0691
vn 0.9997 -0.0185 0.0156
vn 0.7040 0.2547 0.6629
vn 0.0494 0.0556 0.9972
vn 0.2748 -0.2755 0.9212
vn 0.0597 0.3948 0.9168
vn 0.1415 0.9572 0.2522
vn 0.0507 0.6772 0.7341
vn 0.0552 0.5066 0.8604
vn 0.1776 -0.2914 0.9399
vn 0.6803 -0.2523 0.6881
vn 0.4945 -0.2422 0.8348
vn 0.7987 -0.2304 0.5558
vn 0.9776 -0.1244 0.1696
vn 0.9848 -0.0771 0.1557
vn 0.9883 0.0104 -0.1520
vn 0.0271 0.9336 0.3572
vn 0.9950 -0.0771 0.0626
vn 0.9983 -0.0548 -0.0199
vn 0.0042 0.3127 0.9498
vn 0.9990 -0.0420 -0.0120
vn 0.9759 -0.2166 -0.0271
vn 0.1787 -0.0260 0.9836
vn 0.9899 -0.1415 0.0040
vn 0.9980 -0.0625 0.0103
vn 0.9779 -0.2056 0.0376
vn 0.9984 -0.0216 0.0518
vn 0.9837 -0.1798 0.0028
vn 0.9723 -0.2190 0.0816
vn 0.9994 -0.0118 0.0330
vn 0.0872 0.0075 0.9962
vn 0.0713 0.7564 0.6502
vn 0.9972 -0.0193 0.0722
vn 0.4339 0.5855 0.6847
vn 0.8412 0.3388 0.4213
vn -0.0022 -0.0375 0.9993
vn 0.7077 0.0397 0.7054
vn 0.6886 0.0111 0.7251
vn 0.7596 -0.3163 0.5682
vn 0.7816 -0.2590 0.5673
vn 0.9942 -0.1036 -0.0292
vn -0.0314 0.3509 0.9359
vn 0.9859 -0.0686 -0.1523
vn 0.0503 0.0617 0.9968
vn 0.0003 0.9993 -0.0368
vn -0.0004 1.0000 -0.0058
vn 0.0469 -0.2854 0.9572
vn 0.0592 -0.2011 0.9778
vn 0.9642 -0.2129 0.1581
vn 0.9583 -0.1641 0.2337
vn 0.9341 -0.3098 0.1774
vn 0.8850 -0.4654 0.0139
vn 0.7468 0.6638 0.0410
vn 0.7888 0.1036 0.6058
vn 0.9975 0.0148 0.0684
vn 0.0031 0.2488 0.9685
vn 0.9964 0.0425 -0.0726
vn 0.9999 0.0023 -0.0133
vn 0.9893 -0.0376 -0.1411
vn 0.0522 0.9635 0.2624
vn 0.1664 0.9842 -0.0602
vn 0.9967 -0.0111 -0.0802
vn 0.9271 0.3243 0.1880
vn 0.7192 0.6347 -0.2826
vn 0.9993 0.0208 -0.0319
vn 0.0533 0.8208 -0.5686
vn 0.9993 -0.0014 -0.0380
vn 0.9984 0.0250 -0.0515
vn -0.2995 0.7485 0.5916
vn 0.3702 0.8549 0.3635
vn 0.4357 0.8953 -0.0926
vn 0.9977 0.0238 -0.0629
vn 0.9947 -0.0610 -0.0822
vn 0.9987 -0.0308 -0.0415
vn 0.9949 0.0224 -0.0980
vn 0.0295 -0.1072 0.9938
vn 0.0262 0.7121 0.7015
vn 0.0136 0.7201 0.6937
vn 0.1430 0.1563 0.9773
vn 0.0653 0.8931 0.4451
vn 0.9478 -0.3002 0.1072
vn 0.9399 0.3164 -0.1283
vn 0.0933 0.9471 -0.3069
vn -0.2192 0.9425 0.2522
vn 0.0214 0.9753 -0.2198
vn 0.0254 -0.0346 0.9991
vn 0.0013 1.0000 -0.0032
vn 0.0712 0.3283 0.9418
vn 0.0227 0.9787 -0.2038
vn -0.1011 0.4831 0.8697
vn 0.0082 0.3380 0.9411
vn -0.0650 0.9824 -0.1751
vn 0.0231 0.0561 0.9981
vn 0.0262 0.0620 0.9977
vn 0.0065 0.8769 0.4805
vn 0.0051 0.9973 0.0731
vn -0.0644 0.8614 0.5038
vn 0.0065 0.2897 0.9571
vn 0.0181 0.0170 0.9997
vn 0.0386 0.0436 0.9983
vn 0.0024 0.9576 -0.2880
vn 0.0020 0.2711 0.9625
vn -0.0082 0.8276 -0.5612
vn 0.0148 0.2006 0.9796
vn 0.0024 0.7164 0.6977
vn 0.0074 0.9962 0.0861
vn 0.0076 0.2674 0.9635
vn 0.0105 -0.2134 0.9769
vn 0.0053 0.9965 -0.0833
vn 0.0172 -0.1270 0.9917
vn 0.0014 0.9999 0.0099
vn -0.0049 0.9637 -0.2669
vn 0.0051 0.3063 0.9519
vn 0.0016 0.9591 0.2831
vn 0.0083 -0.2085 0.9780
vn 0.0006 -0.0265 0.9996
vn 0.0034 0.2349 0.9720
vn 0.0006 1.0000 -0.0027
vn 0.0056 0.2962 0.9551
vn -0.0099 0.9980 -0.0627
vn 0.0081 0.9939 0.1095
vn 0.0295 0.5600 0.8280
vn 0.0343 0.8707 0.4906
vn 0.0017 1.0000 -0.0061
vn 0.0132 0.2138 0.9768
vn 0.0000 -0.0793 0.9968
vn 0.0138 -0.1526 0.9882
vn 0.0070 0.7782 0.6280
vn 0.0018 0.9915 -0.1303
vn 0.0010 0.3228 0.9464
vn -0.0032 0.8748 0.4844
vn 0.0009 0.2269 0.9739
vn 0.0018 0.3422 0.9396
vn 0.0025 0.5840 0.8117
vn 0.0117 -0.1458 0.9892
vn 0.0076 0.0424 0.9991
vn 0.0010 0.2963 0.9551
vn -0.0020 -0.2235 0.9747
vn 0.0082 0.0697 0.9975
vn -0.0012 0.9654 -0.2609
vn 0.0013 0.2564 0.9666
vn -0.0068 0.9784 -0.2066
vn 0.0020 0.3474 0.9377
vn 0.0179 -0.0169 0.9997
vn 0.0024 0.9991 0.0409
vn 0.0045 -0.2061 0.9785
vn 0.0035 0.8426 0.5384
vn 0.0002 1.0000 -0.0042
vn 0.0009 0.2522 0.9677
vn 0.0046 0.2828 0.9592
vn 0.0024 1.0000 -0.0052
vn 0.0743 0.1942 0.9781
vn 0.0044 -0.3936 0.9192
vn 0.0087 0.1857 0.9825
vn 0.0044 0.9955 0.0945
vn 0.0024 -0.0170 0.9998
vn 0.0436 0.8864 0.4608
vn 0.0000 0.8745 -0.4850
vn -0.0020 -0.0748 0.9972
vn 0.0010 0.9992 -0.0389
vn 0.0039 0.2586 0.9659
vn 0.0083 -0.1551 0.9879
vn 0.0028 0.2596 0.9657
vn -0.0013 0.2170 0.9762
vn 0.0009 0.9990 -0.0452
vn 0.0004 0.9441 -0.3295
vn 0.0007 0.9947 0.1027
vn -0.0005 0.9992 -0.0389
vn 0.0003 0.9932 -0.1165
vn 0.0014 -0.2615 0.9652
vn 0.0069 0.0808 0.9967
vn 0.0090 0.0641 0.9979
vn 0.0050 0.7634 0.6458
vn -0.0009 0.0954 0.9954
vn -0.0359 0.8539 0.5192
vn 0.0032 0.9550 -0.2965
vn -0.0016 0.2552 0.9669
vn -0.0004 0.2723 0.9622
vn 0.0081 0.0222 0.9997
vn 0.0098 0.2371 0.9714
vn 0.0095 0.1939 0.9810
vn 0.0804 0.9909 0.1074
vn -0.0019 0.2979 0.9546
vn 0.0037 0.2947 0.9556
vn 0.0194 -0.1667 0.9858
vn 0.0018 0.9993 0.0371
vn 0.0032 -0.0394 0.9992
vn 0.0492 0.5490 0.8343
vn 0.0143 0.9772 -0.2120
vn -0.0085 0.9980 0.0630
vn 0.0011 0.9812 -0.1931
vn 0.0156 -0.1122 0.9936
vn 0.0085 -0.1694 0.9855
vn 0.0014 0.9999 0.0127
vn 0.0047 0.8817 0.4717
vn 0.0060 0.3417 0.9398
vn -0.0067 -0.2102 0.9776
vn -0.0103 0.0704 0.9974
vn 0.0029 0.9991 -0.0423
vn 0.0060 -0.0003 1.0000
vn 0.0012 0.0089 0.9999
vn 0.0006 0.9996 -0.0267
vn 0.0007 0.9779 -0.2088
vn 0.0037 0.8577 -0.5142
vn 0.0014 0.3325 0.9431
vn -0.0077 0.7230 0.6908
vn 0.0063 0.8524 0.5228
vn -0.0043 -0.2024 0.9793
vn -0.0024 -0.2208 0.9753
vn 0.0089 -0.3726 0.9279
vn 0.0132 0.0567 0.9983
vn 0.0094 0.9864 0.1641
vn -0.0017 -0.0676 0.9977
vn 0.0085 0.0598 0.9982
vn 0.0083 0.9991 0.0406
vn 0.0010 0.2892 0.9572
vn 0.0018 0.2973 0.9548
vn 0.0172 0.6666 0.7452
vn 0.0002 0.3128 0.9498
vn 0.0036 0.8506 0.5257
vn 0.0140 0.0169 0.9998
vn 0.0052 0.7977 0.6030
vn 0.0046 -0.0049 1.0000
vn 0.0029 0.2523 0.9676
vn 0.0176 0.9727 -0.2315
vn 0.0065 0.7442 0.6679
vn 0.0056 0.3081 0.9513
vn -0.0065 -0.2381 0.9712
vn -0.0006 0.2754 0.9613
vn 0.0006 0.9997 -0.0230
vn -0.0044 0.9584 -0.2853
vn 0.0002 0.9200 -0.3919
vn 0.0019 0.3284 0.9445
vn -0.0017 -0.0232 0.9997
vn -0.0011 0.0665 0.9978
vn 0.0020 0.1090 0.9940
vn 0.0125 0.6361 0.7714
vn 0.0036 0.9886 0.1503
vn -0.0060 -0.1697 0.9855
vn 0.0073 0.8693 0.4942
vn 0.0078 0.0216 0.9997
vn 0.0029 0.8931 -0.4499
vn 0.0001 0.9991 0.0424
vn 0.0040 -0.1150 0.9933
vn 0.0038 0.1860 0.9825
vn 0.0052 -0.2130 0.9770
vn 0.0004 1.0000 -0.0049
vn 0.0103 0.6921 0.7217
vn 0.0147 -0.2990 0.9541
vn 0.0009 0.9999 -0.0082
vn 0.0064 0.0599 0.9982
vn 0.0053 0.3370 0.9415
vn 0.0007 0.2714 0.9625
vn -0.0008 0.9971 0.0761
vn -0.0003 -0.0727 0.9973
vn 0.0011 0.1292 0.9916
vn -0.0010 0.3552 0.9348
vn -0.0003 0.9990 0.0438
vn 0.0011 0.8980 0.4400
vn 0.0038 0.2727 0.9621
vn -0.0021 1.0000 -0.0045
vn 0.0073 -0.0430 0.9990
vn 0.0000 0.9997 -0.0254
vn -0.0002 0.5841 0.8116
vn 0.0061 0.6738 0.7388
vn -0.0001 0.9984 -0.0572
vn -0.0009 0.0542 0.9985
vn 0.0066 0.7123 0.7019
vn 0.0006 1.0000 -0.0072
vn 0.0009 0.2347 0.9720
vn 0.0010 0.2616 0.9651
vn 0.0045 0.5197 -0.8543
vn 0.0010 -0.0143 0.9999
vn 0.0050 0.4731 0.8810
vn 0.0054 0.0535 0.9985
vn 0.0023 -0.2064 0.9785
vn 0.0043 0.0190 0.9998
vn -0.0034 0.1936 0.9810
vn -0.0011 0.9739 0.2268
vn 0.0004 0.2192 0.9756
vn -0.0161 0.7047 0.7093
vn 0.0001 0.8733 -0.4872
vn 0.0087 0.0252 0.9996
vn 0.0052 0.1185 0.9929
vn 0.0090 0.3870 0.9220
vn 0.0009 0.7841 0.6206
vn -0.0009 0.9974 0.0713
vn -0.0009 0.2626 0.9649
vn -0.0027 0.9800 0.1989
vn 0.0019 0.2918 0.9565
vn 0.0000 0.9597 0.2809
vn -0.0001 -0.2144 0.9767
vn 0.0019 -0.2364 0.9716
vn 0.0058 0.8540 0.5202
vn -0.0065 0.0197 0.9998
vn 0.0003 0.9922 -0.1248
vn 0.0238 0.1633 0.9863
vn -0.0008 -0.1446 0.9895
vn 0.0014 -0.0126 0.9999
vn 0.0020 0.9484 -0.3170
vn 0.0009 0.1183 0.9930
vn -0.0021 0.1858 0.9826
vn 0.0040 -0.0035 1.0000
vn 0.0076 0.9689 -0.2471
vn -0.0015 0.8788 -0.4771
vn 0.0025 0.8877 0.4604
vn 0.0018 0.3144 0.9493
vn 0.0039 0.0242 0.9997
vn -0.0027 0.0122 0.9999
vn 0.0012 0.9992 0.0390
vn 0.0070 0.9660 -0.2583
vn 0.0011 0.9980 0.0636
vn -0.0002 0.9998 -0.0157
vn -0.0023 0.9200 -0.3918
vn -0.0053 0.3015 0.9535
vn -0.0024 0.2941 0.9557
vn -0.0023 0.9997 -0.0245
vn -0.0047 0.3298 0.9440
vn 0.0150 0.6219 -0.7830
vn -0.0007 0.0323 0.9995
vn 0.0060 -0.1832 0.9830
vn 0.0051 0.1585 0.9873
vn 0.0045 0.2562 0.9666
vn 0.0103 0.9321 -0.3621
vn 0.0006 0.9990 0.0445
vn -0.0020 0.9782 0.2074
vn 0.0758 0.5281 0.8458
vn 0.0035 0.1986 0.9800
vn 0.0202 0.0218 0.9995
vn 0.0122 -0.2448 0.9695
vn 0.0002 0.2827 0.9592
vn -0.0023 0.2987 0.9543
vn 0.0052 0.0356 0.9993
vn 0.0136 0.6554 0.7551
vn -0.0020 0.1888 0.9820
vn 0.0042 0.2566 0.9665
vn 0.0014 -0.1959 0.9806
vn -0.0034 0.9984 -0.0568
vn -0.0346 0.1086 0.9935
vn -0.0051 0.1763 0.9843
vn -0.0011 1.0000 -0.0028
vn -0.0027 0.6453 0.7639
vn -0.0227 -0.2466 0.9688
vn -0.0034 -0.1369 0.9906
vn -0.0157 0.0265 0.9995
vn 0.0023 0.0506 0.9987
vn 0.0041 0.7085 0.7057
vn -0.0216 0.9995 0.0221
vn 0.0056 -0.0293 0.9995
vn 0.0042 0.8846 -0.4663
vn -0.0432 0.0117 0.9990
vn -0.0198 0.3515 0.9359
vn -0.0172 0.8698 0.4930
vn -0.0160 0.7974 0.6031
vn 0.0974 0.8962 0.4327
vn 0.0065 0.9646 -0.2636
vn 0.0100 0.6427 -0.7660
vn 0.0029 0.3284 0.9445
vn -0.0031 0.9962 0.0873
vn 0.0034 0.9738 -0.2273
vn 0.0016 0.2279 0.9737
vn 0.0020 0.9908 0.1353
vn 0.0147 0.6662 0.7456
vn 0.0058 -0.0807 0.9967
vn -0.0010 -0.0366 0.9993
vn 0.0036 0.0073 0.9999
vn -0.0009 0.2607 0.9654
vn -0.0007 0.4114 0.9114
vn -0.0079 0.7938 0.6081
vn 0.0172 0.0104 0.9998
vn 0.0079 -0.2248 0.9743
vn 0.0048 0.9612 0.2757
vn 0.0006 0.2139 0.9768
vn 0.0052 -0.1743 0.9846
vn 0.0011 0.2476 0.9688
vn 0.0019 0.9837 -0.1799
vn -0.0004 1.0000 -0.0060
vn 0.0040 0.9295 -0.3687
vn -0.0148 -0.2122 0.9771
vn 0.0929 0.9889 0.1160
vn 0.0081 0.9590 -0.2834
vn 0.0096 0.8586 -0.5126
vn 0.0072 -0.0391 0.9992
vn -0.0009 0.9994 0.0341
vn -0.0004 1.0000 -0.0026
vn -0.0202 0.2696 0.9627
vn -0.0007 0.2612 0.9653
vn 0.0022 0.9640 -0.2656
vn 0.0053 0.9521 -0.3056
vn 0.0002 0.9990 -0.0437
vn -0.0204 0.0029 0.9998
vn -0.0020 0.9996 -0.0265
vn 0.0021 0.2430 0.9700
vn 0.0030 0.2611 0.9653
vn 0.0031 0.3088 0.9511
vn 0.0038 0.4401 0.8979
vn -0.0325 0.9288 0.3691
vn 0.0068 0.6405 0.7679
vn -0.0005 0.9953 0.0964
vn 0.0071 0.1665 0.9860
vn -0.0027 1.0000 -0.0017
vn -0.0045 0.9901 -0.1403
vn 0.0071 0.9202 -0.3914
vn -0.0073 0.7361 0.6768
vn 0.0061 0.9898 -0.1422
vn -0.0051 -0.1176 0.9930
vn 0.0023 0.2781 0.9605
vn 0.0034 0.2822 0.9593
vn -0.0007 0.9586 -0.2848
vn 0.0003 1.0000 -0.0055
vn -0.0015 0.6247 0.7809
vn 0.0031 0.9847 0.1741
vn 0.0023 0.3323 0.9432
vn 0.0033 -0.2266 0.9740
vn -0.0487 0.8666 0.4966
vn 0.0051 -0.0405 0.9991
vn 0.0122 0.1899 0.9817
vn 0.0061 0.9754 -0.2203
vn 0.0090 0.7907 0.6121
vn 0.0013 0.9987 -0.0501
vn 0.0034 0.8781 -0.4785
vn -0.0016 -0.2231 0.9748
vn -0.0029 -0.0699 0.9975
vn -0.0006 1.0000 0.0000
vn 0.0021 0.0338 0.9994
vn -0.0213 -0.2017 0.9792
vn 0.0014 0.9987 0.0510
vn -0.0005 0.1726 0.9850
vn 0.0032 0.3418 0.9397
vn 0.0013 0.8918 0.4525
vn -0.0038 0.9819 0.1892
vn 0.0013 0.9111 -0.4122
vn 0.0005 0.2865 0.9581
vn -0.0005 -0.0116 0.9999
vn -0.0000 0.8927 0.4506
vn 0.0002 0.9847 -0.1743
vn 0.0057 -0.2609 0.9653
vn 0.0031 0.6782 0.7348
vn 0.0013 0.9992 -0.0400
vn -0.0012 0.9569 -0.2904
vn -0.0048 0.9939 0.1099
vn -0.0062 0.9999 -0.0138
vn 0.0002 -0.0161 0.9998
vn 0.0012 0.3387 0.9409
vn 0.0008 0.9652 -0.2614
vn -0.0039 0.1780 0.9840
vn 0.0006 0.3431 0.9393
vn 0.0013 0.4345 0.9007
vn 0.0109 -0.0501 0.9987
vn -0.0061 0.3982 0.9173
vn -0.0376 0.5409 0.8402
vn 0.0066 0.5590 0.8291
vn -0.0004 0.2650 0.9642
vn -0.0038 0.6091 0.7931
vn -0.0013 0.2873 0.9578
vn -0.0001 0.2699 0.9629
vn -0.0021 0.9958 -0.0919
vn -0.0013 0.9999 -0.0110
vn 0.0029 0.1694 0.9855
vn -0.0016 0.9651 -0.2616
vn -0.0082 0.0462 0.9989
vn -0.0017 0.2221 0.9750
vn 0.0005 0.3148 0.9492
vn 0.0004 0.5983 0.8013
vn 0.0072 -0.2481 0.9687
vn 0.0048 -0.2223 0.9749
vn -0.0063 0.7442 0.6679
vn -0.0120 0.9828 0.1839
vn -0.0016 0.9940 0.1095
vn -0.0007 0.2435 0.9699
vn -0.0024 0.7938 0.6082
vn -0.0006 0.6663 0.7456
vn 0.0016 -0.0983 0.9951
vn -0.0023 0.8970 -0.4419
vn 0.0176 -0.0128 0.9998
vn -0.0039 0.9995 0.0308
vn -0.0037 -0.0291 0.9995
vn -0.0045 0.9999 -0.0065
vn -0.0032 0.2124 0.9772
vn 0.0015 0.9137 -0.4064
vn -0.0054 1.0000 -0.0013
vn 0.0855 0.5707 0.8166
vn -0.0042 1.0000 -0.0042
vn 0.0005 -0.2255 0.9742
vn -0.0053 -0.0395 0.9992
vn -0.0050 0.9990 -0.0433
vn -0.0040 1.0000 -0.0024
vn -0.0008 0.9777 -0.2098
vn -0.0010 0.1399 0.9901
vn -0.0067 0.9991 -0.0407
vn 0.0021 0.3971 0.9178
vn -0.0038 0.5910 0.8066
vn -0.0003 0.2712 0.9625
vn 0.0000 -0.0370 0.9993
vn 0.1173 0.8063 0.5797
vn 0.0117 -0.2327 0.9724
vn 0.0933 -0.1326 0.9868
vn -0.0008 0.2015 0.9795
vn -0.0003 0.9558 -0.2938
vn -0.0044 0.2607 0.9654
vn -0.0014 0.2856 0.9583
vn -0.0025 0.2567 0.9665
vn 0.0153 0.7987 0.6015
vn 0.0002 0.9864 0.1641
vn -0.0039 0.9648 -0.2631
vn -0.0027 0.8893 0.4573
vn -0.0024 0.9991 0.0415
vn 0.0044 0.8900 0.4559
vn 0.0005 0.7948 -0.6068
vn -0.0132 0.8501 0.5264
vn 0.0006 0.1752 0.9845
vn -0.0010 -0.0973 0.9952
vn 0.0024 0.6322 0.7748
vn 0.0002 0.0033 1.0000
vn 0.0005 0.4318 0.9019
vn 0.0004 0.9554 -0.2953
vn 0.0756 0.0800 0.9939
vn -0.0079 0.3873 0.9219
vn -0.0051 0.9910 0.1334
vn 0.0304 -0.2721 0.9618
vn 0.0092 0.0381 0.9992
vn 0.0049 0.0398 0.9992
vn 0.0221 0.5369 0.8433
vn -0.0107 -0.2264 0.9740
vn -0.0075 0.5971 0.8021
vn 0.0006 0.1858 0.9826
vn 0.0010 0.3258 0.9454
vn -0.0038 0.9902 -0.1398
vn 0.0124 0.7107 0.7033
vn 0.0317 0.8856 0.4634
vn -0.0040 0.2645 0.9644
vn 0.0037 0.9591 -0.2830
vn -0.0057 0.9943 0.1068
vn -0.0054 1.0000 -0.0016
vn -0.0055 1.0000 -0.0034
vn -0.0037 0.9910 0.1340
vn -0.0056 0.9999 -0.0088
vn -0.0056 0.9980 -0.0618
vn -0.0017 0.9872 0.1592
vn -0.0009 0.2618 0.9651
vn 0.0157 0.0084 0.9998
vn -0.0081 0.9972 -0.0739
vn -0.0070 0.9927 0.1203
vn -0.0011 0.9960 -0.0889
vn -0.0042 0.9999 -0.0128
vn -0.0042 0.9992 -0.0385
vn -0.0053 0.0735 0.9973
vn -0.0033 0.9236 -0.3833
vn -0.0007 0.2010 0.9796
vn -0.0034 0.9948 0.1011
vn -0.0002 0.8071 0.5904
vn -0.0072 -0.2092 0.9778
vn 0.0010 0.2355 0.9718
vn 0.0153 -0.3010 0.9535
vn -0.0082 -0.0234 0.9997
vn -0.0016 0.9607 -0.2777
vn 0.0001 0.2763 0.9610
vn 0.0005 -0.0337 0.9994
vn 0.0251 0.3125 0.9496
vn -0.0067 -0.6232 0.7820
vn 0.0048 0.8848 -0.4659
vn -0.0029 0.9319 -0.3625
vn -0.0014 -0.0838 0.9965
vn -0.0017 0.9976 0.0691
vn -0.0083 0.5355 0.8445
vn 0.0004 0.6426 0.7662
vn -0.0002 0.4266 0.9044
vn -0.0002 0.9478 0.3189
vn -0.0075 0.2867 0.9580
vn -0.0038 0.9060 0.4232
vn 0.0015 0.0052 1.0000
vn 0.0014 0.0235 0.9997
vn 0.0272 0.9769 0.2120
vn 0.0052 0.9655 -0.2600
vn 0.0015 0.9832 -0.1823
vn 0.0037 0.2712 0.9625
vn 0.0015 -0.0135 0.9999
vn 0.0033 0.0567 0.9984
vn -0.0267 0.8326 0.5531
vn 0.0005 1.0000 -0.0041
vn 0.0071 1.0000 -0.0026
vn -0.0009 0.1747 0.9846
vn -0.0017 -0.1721 0.9851
vn -0.0013 1.0000 -0.0050
vn -0.0006 0.9915 -0.1298
vn 0.0016 0.9978 -0.0658
vn 0.0108 0.0119 0.9998
vn 0.0011 0.7808 0.6248
vn 0.0030 0.9989 -0.0461
vn 0.0002 0.9164 -0.4002
vn 0.0214 0.2443 0.9695
vn 0.0001 0.9670 -0.2548
vn -0.0056 0.8672 0.4978
vn 0.0006 0.3178 0.9481
vn 0.0074 0.6718 0.7407
vn -0.0023 0.2028 0.9792
vn 0.0043 0.9984 -0.0557
vn 0.0012 0.6583 0.7527
vn -0.0010 0.3303 0.9439
vn -0.0010 0.9037 0.4282
vn 0.0009 0.9836 -0.1805
vn -0.0095 0.0098 0.9999
vn -0.0147 0.5171 0.8558
vn -0.0016 0.6727 0.7398
vn -0.0020 0.9918 0.1274
vn 0.0038 0.2543 0.9671
vn -0.0018 0.9192 -0.3937
vn 0.0010 -0.3110 0.9504
vn 0.0029 0.9881 0.1534
vn 0.0010 0.2412 0.9705
vn -0.0005 0.3806 0.9247
vn 0.0027 0.9899 0.1419
vn -0.0014 0.9573 -0.2890
vn 0.0005 0.2297 0.9732
vn 0.0075 0.0258 0.9996
vn 0.0003 0.9573 0.2890
vn 0.0030 0.2596 0.9657
vn 0.0327 0.2573 0.9658
vn 0.0055 0.6950 0.7190
vn 0.0211 -0.3945 0.9186
vn -0.0058 0.9696 -0.2444
vn 0.0066 0.9999 -0.0073
vn -0.0034 -0.0269 0.9996
vn 0.0004 -0.1000 0.9950
vn -0.0114 0.9854 -0.1699
vn 0.0010 0.5013 0.8652
vn 0.0009 -0.0422 0.9991
vn 0.0077 0.9961 -0.0876
vn 0.0054 0.9904 0.1382
vn 0.0009 0.2271 0.9738
vn -0.0023 0.1836 0.9830
vn 0.0002 -0.4060 0.9139
vn -0.0010 0.9316 0.3634
vn -0.0025 0.0648 0.9979
vn 0.0041 0.9277 -0.3734
vn 0.0060 0.6502 0.7597
vn -0.0008 1.0000 -0.0035
vn 0.0010 0.9949 0.1008
vn 0.0042 0.5962 0.8028
vn 0.0104 0.9983 0.0567
vn -0.0026 -0.1730 0.9849
vn -0.0046 0.4545 0.8907
vn 0.0004 -0.1813 0.9834
vn -0.0063 -0.3194 0.9476
vn -0.0011 0.0227 0.9997
vn 0.0001 0.9715 0.2372
vn 0.0033 0.2114 0.9774
vn -0.0003 0.2850 0.9585
vn -0.0012 0.9674 -0.2533
vn -0.0026 0.8866 -0.4624
vn 0.0013 0.3041 0.9526
vn 0.0028 0.9980 -0.0624
vn 0.0036 0.3934 0.9193
vn -0.0062 0.8892 0.4574
vn 0.0039 0.9748 -0.2231
vn 0.0147 0.3272 0.9448
vn -0.0007 0.9892 0.1465
vn 0.0022 0.9527 -0.3038
vn 0.0040 0.6264 0.7795
vn 0.0222 0.7430 0.6689
vn 0.0019 0.6362 0.7714
vn 0.0013 0.2737 0.9618
vn 0.0065 0.9984 -0.0561
vn 0.0042 0.9691 -0.2464
vn 0.0073 0.9482 0.3174
vn 0.0032 0.0219 0.9997
vn -0.0023 0.3475 0.9377
vn 0.0698 0.9018 0.4264
vn 0.0013 -0.0147 0.9999
vn 0.0032 0.9571 -0.2898
vn 0.0001 0.2383 0.9712
vn 0.0025 0.9590 -0.2833
vn -0.0141 -0.2687 0.9631
vn -0.0013 0.9892 -0.1464
vn 0.0295 -0.3398 0.9400
vn 0.0013 0.0758 0.9971
vn 0.0394 0.9661 0.2550
vn 0.0046 0.2545 0.9670
vn 0.0003 0.9945 0.1047
vn 0.0009 0.1850 0.9827
vn -0.0110 0.0235 0.9996
vn 0.0015 0.0325 0.9995
vn 0.0052 0.9657 0.2594
vn 0.0074 0.9999 -0.0039
vn 0.0010 0.9071 -0.4208
vn 0.0075 0.9797 -0.2002
vn 0.0019 0.9916 0.1293
vn 0.0056 0.9982 0.0601
vn 0.0014 -0.2303 0.9731
vn 0.0003 0.0703 0.9975
vn 0.0020 0.2472 0.9689
vn 0.0054 0.9966 0.0827
vn 0.0028 0.9748 -0.2231
vn -0.0026 0.9622 -0.2722
vn 0.0037 0.2705 0.9627
vn 0.0052 0.8636 0.5041
vn 0.0021 0.2607 0.9654
vn -0.0016 0.9262 -0.3769
vn 0.0352 -0.0694 0.9969
vn 0.0919 0.5710 0.8158
vn 0.0060 0.9999 -0.0137
vn 0.0040 0.9955 -0.0949
vn 0.0110 0.9996 -0.0245
vn -0.0108 -0.0235 0.9997
vn -0.0015 1.0000 -0.0050
vn 0.0015 0.9985 -0.0541
vn 0.0002 -0.0230 0.9997
vn 0.0058 1.0000 -0.0052
vn 0.0006 0.0714 0.9974
vn -0.0009 0.1767 0.9843
vn 0.0015 -0.2161 0.9763
vn 0.0009 -0.0019 1.0000
vn 0.0266 0.1524 0.9879
vn -0.0036 0.5887 0.8083
vn -0.0025 0.9644 -0.2644
vn 0.0017 -0.0645 0.9979
vn 0.0002 0.4525 0.8918
vn 0.0027 0.2460 0.9692
vn 0.0052 0.2879 0.9576
vn 0.0025 0.9875 0.1578
vn 0.0106 -0.2396 0.9708
vn 0.0091 0.5872 0.8094
vn 0.0005 0.6192 0.7852
vn 0.0020 0.2885 0.9575
vn -0.0027 0.3207 0.9472
vn -0.0005 0.5332 0.8459
vn 0.0026 0.9520 -0.3062
vn -0.0008 0.9559 0.2935
vn -0.0028 -0.2519 0.9677
vn 0.0027 -0.0930 0.9956
vn -0.0038 0.2947 0.9555
vn 0.0051 0.1534 0.9881
vn -0.0079 0.9461 0.3236
vn 0.0029 0.9999 0.0096
vn 0.0006 0.9979 0.0641
vn -0.0019 0.0241 0.9997
vn -0.0006 0.0430 0.9991
vn -0.0010 0.9440 0.3298
vn -0.0009 0.0251 0.9997
vn 0.0015 -0.0511 0.9987
vn 0.0006 0.9472 0.3204
vn 0.0008 1.0000 -0.0057
vn -0.0007 0.9987 -0.0495
vn -0.0017 0.6999 0.7143
vn 0.0011 0.9845 0.1751
vn 0.0028 0.9588 -0.2839
vn -0.0048 -0.2373 0.9714
vn 0.0006 -0.0318 0.9995
vn 0.0013 0.9984 -0.0564
vn 0.0071 0.9724 -0.2331
vn 0.0038 0.9956 -0.0938
vn 0.0004 0.9871 -0.1601
vn 0.0007 0.0122 0.9999
vn -0.0000 0.2710 0.9626
vn 0.0015 0.9934 0.1146
vn -0.0006 0.9139 -0.4059
vn 0.0022 0.6366 0.7712
vn -0.0006 0.2085 0.9780
vn 0.0043 0.3913 0.9203
vn -0.0004 1.0000 -0.0049
vn -0.0041 -0.2039 0.9790
vn -0.0033 0.2676 0.9635
vn -0.0003 0.9210 -0.3896
vn 0.0014 0.9781 -0.2082
vn -0.0107 -0.0291 0.9995
vn -0.0030 0.9576 0.2880
vn 0.0199 0.5213 0.8531
vn -0.0015 0.9977 0.0668
vn 0.0030 0.2625 0.9649
vn -0.0023 0.8378 0.5460
vn -0.0102 0.6060 0.7954
vn 0.0010 0.9965 -0.0835
vn 0.0019 0.2446 0.9696
vn -0.0089 0.1708 0.9853
vn 0.0005 0.0162 0.9998
vn -0.0068 -0.3077 0.9514
vn -0.0002 1.0000 -0.0034
vn -0.0045 0.6198 0.7847
vn 0.0056 0.9880 0.1544
vn 0.0040 0.9199 -0.3920
vn -0.0015 0.2452 0.9695
vn -0.0110 0.0483 0.9987
vn -0.0012 0.6388 0.7694
vn 0.0277 0.2811 0.9593
vn -0.0040 0.0624 0.9980
vn 0.0014 0.9922 0.1242
vn -0.0019 0.9958 -0.0914
vn -0.0045 0.0340 0.9994
vn 0.0453 -0.0901 0.9949
vn 0.0052 0.0188 0.9998
vn -0.0103 0.2544 0.9670
vn -0.0096 0.9663 0.2571
vn -0.0028 0.2236 0.9747
vn 0.0047 0.9599 -0.2803
vn -0.0098 0.0236 0.9997
vn 0.0010 0.9938 0.1111
vn 0.0189 0.8404 0.5415
vn -0.0009 0.9699 -0.2433
vn -0.0041 0.9963 0.0855
vn -0.0016 0.2068 0.9784
vn 0.0010 1.0000 -0.0049
vn -0.0055 0.1943 0.9809
vn -0.0014 0.6474 0.7621
vn -0.0008 0.2673 0.9636
vn -0.0037 0.9498 -0.3128
vn 0.0002 0.9443 0.3291
vn 0.0016 0.9988 -0.0481
vn 0.0023 -0.6602 0.7511
vn -0.0056 0.2843 0.9587
vn -0.0049 0.0455 0.9989
vn 0.0034 -0.0891 0.9960
vn -0.0008 0.2941 0.9557
vn 0.0006 0.2941 0.9557
vn -0.0049 -0.0492 0.9987
vn -0.0054 0.1803 0.9836
vn 0.0020 0.6179 0.7862
vn 0.0016 0.9632 0.2689
vn -0.0028 0.4325 0.9016
vn 0.0007 -0.0315 0.9995
vn 0.0001 0.9999 0.0104
vn 0.0025 0.9845 -0.1751
vn 0.0047 -0.1224 0.9925
vn -0.0085 -0.2135 0.9769
vn -0.0011 1.0000 -0.0056
vn -0.0003 0.8505 0.5260
vn -0.0003 0.9289 -0.3703
vn -0.0036 -0.2228 0.9749
vn 0.0121 0.0841 0.9964
vn 0.0211 0.3872 0.9217
vn 0.0029 0.0138 0.9999
vn -0.0013 1.0000 -0.0051
vn -0.0036 0.9797 -0.2004
vn -0.0244 0.0441 0.9987
vn -0.0157 0.6718 0.7405
vn -0.0006 0.9988 -0.0489
vn 0.0007 0.8649 0.5019
vn -0.0015 0.9214 -0.3887
vn 0.0024 0.9899 0.1417
vn 0.0012 0.9587 -0.2842
vn 0.0004 0.2753 0.9613
vn -0.0015 0.9862 -0.1652
vn -0.0034 0.3316 0.9434
vn -0.0042 0.2388 0.9710
vn -0.0015 0.2639 0.9645
vn -0.0046 0.9708 -0.2398
vn -0.0051 0.2775 0.9607
vn -0.0048 0.0824 0.9966
vn -0.0045 -0.2625 0.9649
vn 0.0015 0.6236 0.7818
vn -0.0256 -0.0490 0.9984
vn -0.0080 0.0596 0.9982
vn -0.0128 0.2412 0.9704
vn -0.0089 0.7530 0.6579
vn -0.0062 -0.0384 0.9992
vn -0.0016 0.1578 0.9875
vn 0.0063 0.0284 0.9996
vn -0.0030 -0.0080 0.9999
vn -0.0046 0.2603 0.9655
vn -0.0017 0.2587 0.9659
vn -0.0048 0.0254 0.9997
vn -0.0048 0.6250 0.7806
vn 0.0000 0.9976 -0.0686
vn -0.0012 0.9798 0.1998
vn 0.0014 -0.6368 0.7710
vn -0.0077 0.8458 0.5334
vn -0.0090 -0.3175 0.9482
vn 0.0035 0.3532 0.9355
vn 0.0007 0.9981 -0.0608
vn -0.0061 0.9254 -0.3789
vn 0.0016 0.9576 -0.2880
vn -0.0009 -0.0788 0.9969
vn -0.0011 1.0000 -0.0033
vn -0.0345 -0.1879 0.9816
vn -0.0005 0.9996 0.0269
vn 0.0067 0.2176 0.9760
vn -0.0016 0.9977 0.0671
vn -0.0008 0.8591 0.5118
vn -0.0092 -0.2065 0.9784
vn -0.0056 -0.2980 0.9545
vn -0.0096 -0.0133 0.9998
vn -0.0016 0.9997 0.0230
vn 0.0011 0.1816 0.9833
vn -0.0093 0.9944 0.1052
vn -0.0009 0.9752 -0.2212
vn -0.0093 0.0457 0.9989
vn -0.0005 -0.0821 0.9966
vn -0.0086 -0.1647 0.9863
vn -0.0011 0.9999 0.0100
vn -0.0081 0.9727 -0.2318
vn -0.0052 0.2803 0.9599
vn -0.0032 0.3005 0.9538
vn 0.0005 -0.3175 0.9482
vn 0.0019 0.9292 -0.3695
vn -0.0065 0.2863 0.9581
vn -0.0059 0.7504 0.6609
vn -0.0002 0.9587 -0.2844
vn -0.0024 0.1960 0.9806
vn 0.0023 0.7407 0.6718
vn -0.0007 0.9999 -0.0084
vn -0.0024 0.9758 -0.2186
vn -0.0002 0.2980 0.9545
vn -0.0039 0.3315 0.9434
vn -0.0027 -0.0592 0.9982
vn 0.0000 0.0029 1.0000
vn 0.0002 0.9961 0.0884
vn 0.0011 0.9988 -0.0486
vn -0.0094 0.0239 0.9997
vn 0.0120 -0.0004 0.9999
vn 0.0078 0.0187 0.9998
vn -0.0015 0.0730 0.9973
vn -0.0017 0.2527 0.9675
vn -0.0008 0.2583 0.9661
vn -0.0067 0.9861 0.1657
vn 0.0033 0.9999 0.0127
vn 0.0016 0.9238 -0.3828
vn -0.0004 0.9958 0.0919
vn 0.0019 0.2926 0.9562
vn 0.0019 0.2396 0.9709
vn -0.0012 0.6154 0.7882
vn -0.0053 0.9719 -0.2353
vn -0.0181 0.0001 0.9998
vn -0.0041 -0.6475 0.7620
vn 0.0011 -0.2129 0.9771
vn 0.0009 -0.5233 0.8521
vn -0.0023 0.9976 -0.0695
vn 0.0006 -0.0989 0.9951
vn -0.0204 0.0987 0.9949
vn -0.0056 0.6326 0.7744
vn 0.0041 0.4162 0.9092
vn 0.0048 0.8508 0.5254
vn -0.0045 0.2600 0.9656
vn -0.0054 0.9472 -0.3205
vn 0.0015 0.9979 0.0647
vn -0.0036 0.0069 1.0000
vn 0.0001 0.9999 0.0087
vn 0.0154 0.9627 -0.2699
vn -0.0037 -0.0605 0.9981
vn 0.0043 0.1592 0.9872
vn -0.0013 0.9997 -0.0248
vn 0.0062 0.0202 0.9998
vn -0.0002 -0.4927 0.8702
vn -0.0036 0.0201 0.9998
vn -0.0064 0.9937 -0.1121
vn -0.0034 0.9857 -0.1687
vn -0.0070 -0.0042 0.9999
vn 0.0038 0.6245 0.7810
vn 0.0032 0.7942 0.6076
vn 0.0016 0.9584 0.2853
vn 0.0046 0.2362 0.9717
vn -0.0045 0.0593 0.9982
vn -0.0004 0.2678 0.9635
vn -0.0059 0.3895 0.9210
vn 0.0136 0.9995 -0.0279
vn -0.0037 -0.3241 0.9460
vn -0.0008 0.2568 0.9665
vn -0.0019 0.2906 0.9568
vn -0.0052 0.2986 0.9543
vn 0.0041 0.9464 -0.3230
vn -0.0040 0.9891 0.1471
vn -0.0011 0.9518 -0.3068
vn 0.0013 0.0023 1.0000
vn -0.0007 0.9999 -0.0081
vn 0.0003 0.1664 0.9861
vn 0.0105 -0.5341 0.8453
vn 0.0013 0.9252 -0.3794
vn -0.0039 0.5921 0.8058
vn 0.0012 0.0848 0.9964
vn -0.0142 0.0143 0.9998
vn -0.0125 0.6065 0.7949
vn -0.0024 0.3617 0.9322
vn -0.0068 0.9933 0.1150
vn -0.0015 0.9999 0.0150
vn -0.0022 0.9620 -0.2730
vn -0.0047 0.2816 0.9595
vn -0.0087 -0.2593 0.9657
vn 0.0259 -0.0188 0.9995
vn -0.0007 0.9991 0.0415
vn -0.0009 1.0000 -0.0037
vn 0.0013 0.1954 0.9807
vn -0.0051 0.0306 0.9995
vn -0.0052 0.8647 0.5023
vn 0.0019 0.0365 0.9993
vn -0.0246 0.0081 0.9996
vn -0.0007 0.8279 0.5608
vn -0.0067 0.9849 0.1732
vn -0.0080 0.9861 -0.1657
vn 0.0031 -0.0101 0.9999
vn -0.0188 0.8975 0.4406
vn -0.0055 0.3424 0.9395
vn 0.0002 0.9917 0.1284
vn 0.0009 -0.0966 0.9953
vn 0.0000 0.0513 0.9987
vn -0.0023 -0.2264 0.9740
vn -0.0093 0.0618 0.9980
vn -0.0077 0.2640 0.9645
vn -0.0011 0.2417 0.9703
vn -0.0039 0.9590 -0.2832
vn -0.0129 0.0201 0.9997
vn -0.0016 0.9984 0.0569
vn -0.0025 0.1401 0.9901
vn 0.0009 0.2200 0.9755
vn -0.0024 0.9987 -0.0512
vn -0.0028 0.9698 -0.2436
vn 0.0002 0.2566 0.9665
vn -0.0099 0.9301 -0.3670
vn -0.0004 0.9984 -0.0553
vn -0.0157 0.6582 0.7526
vn -0.0074 0.7904 0.6125
vn -0.0064 -0.0470 0.9989
vn -0.0013 0.6395 0.7687
vn -0.0002 -0.1045 0.9945
vn -0.0129 0.9802 -0.1975
vn -0.0028 0.9999 -0.0092
vn -0.0104 -0.4036 0.9149
vn -0.0017 0.4490 0.8935
vn -0.0080 0.2942 0.9557
vn 0.0010 0.9552 0.2959
vn -0.0057 0.0308 0.9995
vn -0.0035 0.3717 0.9283
vn -0.0040 0.9998 -0.0175
vn -0.0031 0.2603 0.9655
vn 0.0011 0.9644 -0.2644
vn -0.0065 0.9922 -0.1241
vn 0.0030 0.9527 -0.3039
vn 0.0029 0.9888 0.1492
vn -0.0026 0.8447 0.5352
vn 0.0019 0.2916 0.9565
vn 0.0068 -0.1581 0.9874
vn -0.0073 0.8222 0.5691
vn 0.0021 0.2830 0.9591
vn -0.0018 0.2900 0.9570
vn -0.0039 0.3745 0.9272
vn -0.0044 0.9997 0.0244
vn 0.0004 0.9249 -0.3803
vn -0.0128 0.0217 0.9997
vn -0.0063 -0.3870 0.9221
vn -0.0136 -0.0279 0.9995
vn -0.0120 0.0304 0.9995
vn -0.0034 -0.2341 0.9722
vn -0.0044 0.1402 0.9901
vn -0.0574 0.8645 0.4993
vn -0.0010 0.9932 -0.1166
vn -0.0071 0.0557 0.9984
vn 0.0020 -0.0130 0.9999
vn 0.0041 -0.1241 0.9922
vn 0.0087 0.9831 -0.1830
vn -0.0329 -0.0681 0.9971
vn -0.0099 0.9984 0.0550
vn 0.0129 0.9830 0.1831
vn 0.0006 0.9997 -0.0250
vn -0.0040 0.8784 0.4780
vn -0.0010 1.0000 -0.0029
vn -0.0025 0.6765 0.7364
vn -0.0019 0.9882 -0.1528
vn -0.0008 0.2556 0.9668
vn -0.0002 0.9959 -0.0900
vn 0.0001 0.0491 0.9988
vn -0.0058 0.2490 0.9685
vn -0.0032 0.2531 0.9674
vn -0.0031 0.3449 0.9386
vn -0.0288 0.6511 0.7584
vn -0.0091 -0.4515 0.8922
vn 0.0024 0.9646 -0.2636
vn 0.0148 0.7103 0.7037
vn -0.0035 0.9645 -0.2641
vn -0.0086 0.9000 -0.4357
vn -0.0009 0.9956 0.0933
vn 0.0018 0.9066 -0.4220
vn -0.0070 0.2882 0.9575
vn 0.0011 0.9679 0.2512
vn 0.0014 0.9997 0.0231
vn -0.0001 0.9990 -0.0436
vn -0.0106 0.9941 -0.1079
vn -0.0024 0.6157 0.7880
vn -0.0052 -0.0807 0.9967
vn -0.0080 0.2872 0.9578
vn 0.0017 0.9902 -0.1397
vn -0.0052 1.0000 -0.0046
vn 0.0022 0.0175 0.9998
vn 0.0029 0.2420 0.9702
vn -0.0308 0.9994 -0.0142
vn -0.0016 0.3693 0.9293
vn -0.0020 0.9988 0.0479
vn 0.0012 -0.5812 0.8137
vn 0.0051 0.3111 0.9503
vn -0.0134 0.1135 0.9934
vn -0.0118 0.2926 0.9561
vn -0.0010 -0.0844 0.9964
vn -0.0185 0.0312 0.9993
vn -0.0054 0.9999 -0.0128
vn -0.0151 0.8815 0.4719
vn -0.0101 0.6838 0.7296
vn -0.0058 0.3119 0.9501
vn -0.0125 0.8921 -0.4516
vn -0.0349 0.0629 0.9974
vn -0.0255 -0.3187 0.9475
vn -0.0279 -0.2592 0.9654
vn -0.0081 0.9999 0.0009
vn -0.0040 0.9997 0.0250
vn -0.0063 1.0000 -0.0036
vn -0.0136 0.9322 -0.3617
vn -0.0179 0.3554 0.9345
vn 0.0136 0.8517 0.5239
vn -0.0058 0.9999 -0.0080
vn -0.0110 0.2463 0.9691
vn 0.0381 0.9918 0.1216
vn -0.0064 0.3275 0.9448
vn -0.0019 0.9162 0.4006
vn -0.0196 0.9702 -0.2416
vn 0.0209 0.9933 -0.1140
vn -0.0013 0.5235 0.8520
vn -0.0504 -0.1859 0.9813
vn -0.0706 0.8589 0.5072
vn -0.0025 0.9451 -0.3266
vn -0.0439 -0.1562 0.9867
vn -0.0038 -0.0036 1.0000
vn 0.0112 0.3734 0.9276
vn 0.1202 0.8163 0.5650
vn -0.0026 0.9986 0.0524
vn 0.0193 0.8292 0.5586
vn -0.0153 0.2821 0.9593
vn -0.0433 0.8842 0.4651
vn -0.0398 0.0258 0.9989
vn -0.0337 0.7295 0.6831
vn -0.0377 0.0364 0.9986
vn -0.0112 0.2474 0.9688
vn -0.0780 0.4934 0.8663
vn -0.1040 0.9612 0.2553
vn -0.0940 0.9708 -0.2206
vn -0.0152 -0.0244 0.9996
vn 0.0551 0.9984 -0.0077
vn -0.0540 0.1776 0.9826
vn -0.0255 -0.6225 0.7821
vn -0.0483 0.4548 0.8892
vn -0.0052 0.9869 0.1613
vn -0.0078 0.9998 0.0189
vn -0.0132 0.2547 0.9669
vn -0.0334 0.9960 -0.0826
vn -0.0579 0.9716 0.2295
vn -0.0408 0.9859 -0.1620
vn -0.1193 0.0700 0.9904
vn -0.0332 0.8488 0.5277
vn -0.2266 0.9676 -0.1112
vn 0.0084 0.3651 0.9309
vn 0.1496 0.7212 0.6764
vn -0.1127 0.0852 0.9900
vn -0.0673 0.0974 0.9930
vn -0.0609 0.1846 0.9809
vn -0.3396 0.9162 0.2127
vn -0.1058 0.7459 0.6576
vn -0.0614 -0.1937 0.9791
vn 0.2525 0.8028 0.5401
vn 0.0750 0.3656 0.9277
vn -0.0064 0.9491 -0.3148
vn -0.0209 0.1042 0.9943
vn -0.1957 0.3677 0.9091
vn -0.0487 0.0681 0.9965
vn -0.0083 0.9999 -0.0105
vn -0.0084 0.2549 0.9669
vn -0.2719 0.8736 0.4035
vn -0.1712 -0.2459 0.9540
vn -0.0110 0.2935 0.9559
vn -0.0101 0.5138 0.8578
vn -0.7010 0.5737 0.4236
vn 0.6097 0.6758 0.4141
vn -0.1091 -0.1115 0.9877
vn -0.1505 0.1507 0.9770
vn -0.1651 0.1335 0.9772
vn -0.1303 0.1151 0.9847
vn -0.1014 0.1233 0.9872
vn -0.0511 0.7932 0.6068
vn -0.0045 0.7360 0.6770
vn -0.0162 0.1797 0.9836
vn -0.2009 0.9187 0.3399
vn -0.1738 0.7466 0.6421
vn -0.0645 0.4007 0.9139
vn -0.0126 0.1959 0.9805
vn 0.0255 0.0320 0.9991
vn 0.1947 -0.2291 0.9537
vn -0.0715 0.6081 0.7906
vn 0.0276 -0.3104 0.9502
vn -0.1526 0.5094 0.8469
vn -0.0277 -0.2823 0.9589
vn -0.0041 0.4356 0.9001
vn -0.0104 0.7250 0.6887
vn -0.1370 0.5662 0.8128
vn 0.0411 0.9921 0.1185
vn -0.0479 0.1553 0.9867
vn -0.0504 0.1576 0.9862
vn -0.0373 0.1091 0.9933
vn -0.0121 0.5419 0.8403
vn 0.0106 0.7224 0.6914
vn -0.1520 0.6813 0.7160
vn -0.0267 0.2656 0.9637
vn 0.1362 0.9907 -0.0015
vn -0.1406 0.3423 0.9290
vn -0.0238 0.1608 0.9867
vn 0.1098 0.4588 0.8817
vn 0.0203 0.1054 0.9942
vn -0.0093 -0.4053 0.9142
vn 0.0027 -0.2236 0.9746
vn -0.0370 0.4844 0.8740
vn -0.0356 0.2488 0.9679
vn -0.0288 0.8918 0.4515
vn -0.0335 -0.2764 0.9604
vn -0.0310 0.9783 -0.2046
vn 0.0927 0.9711 -0.2200
vn -0.0120 0.1823 0.9832
vn -0.0108 0.1517 0.9883
vn -0.0020 0.1596 0.9872
vn 0.0092 0.1075 0.9941
vn -0.0086 0.1880 0.9821
vn 0.0152 0.7231 0.6905
vn -0.0058 0.9982 -0.0594
vn -0.0151 0.2786 0.9603
vn -0.1935 0.2344 0.9527
vn -0.0135 0.1671 0.9858
vn -0.0092 0.1494 0.9887
vn -0.0238 0.9647 -0.2624
vn -0.0138 0.1466 0.9891
vn -0.0089 0.1310 0.9913
vn -0.0636 0.9980 0.0023
vn -0.0452 0.9990 -0.0024
vn -0.0193 0.9998 -0.0016
vn -0.0145 0.9358 -0.3523
vn -0.0316 0.9995 -0.0018
vn -0.0072 0.7563 0.6541
vn -0.0133 0.5202 0.8539
vn -0.0177 0.2395 0.9707
vn 0.0029 -0.2480 0.9687
vn 0.0216 0.9925 0.1203
vn 0.3013 0.5277 0.7942
vn 0.0418 -0.2531 0.9665
vn 0.0364 0.1084 0.9934
vn 0.0103 -0.0628 0.9980
vn -0.0162 0.9983 0.0557
vn -0.0161 -0.0075 0.9998
vn 0.1451 0.1604 0.9763
vn 0.3844 0.6682 0.6370
vn 0.0739 0.1814 0.9806
vn 0.2369 0.6303 0.7392
vn 0.0051 0.0537 0.9985
vn 0.1264 0.7441 0.6560
vn 0.8528 0.3327 0.4024
vn 0.9815 0.0995 0.1636
vn 0.9320 0.0147 0.3620
vn 0.4105 0.0392 0.9110
vn 0.9288 0.0065 0.3705
vn 0.1791 -0.0639 0.9817
vn 0.6985 0.0287 0.7150
vn 0.9989 -0.0059 0.0471
vn -0.0341 0.2235 0.9741
vn -0.0109 0.8061 0.5916
vn 0.1287 0.2013 0.9710
vn 0.9989 -0.0089 -0.0448
vn 0.9987 0.0354 0.0365
vn 0.9997 -0.0026 -0.0219
vn 0.9999 0.0093 -0.0047
vn 0.0175 -0.2855 0.9582
vn 0.0031 1.0000 -0.0003
vn 0.9993 -0.0022 0.0374
vn 0.9796 -0.0932 -0.1776
vn 0.0570 0.9903 0.1265
vn 0.0146 0.9643 0.2644
vn 0.0229 0.1473 0.9888
vn 0.0851 0.1451 0.9857
vn -0.0016 0.9999 0.0104
vn -0.0065 0.9928 -0.1192
vn 0.0317 0.7359 0.6763
vn 0.0721 0.9114 0.4050
vn 0.0045 1.0000 -0.0015
vn 0.1335 0.9834 -0.1226
vn 0.0021 1.0000 -0.0020
vn 0.2888 0.6150 0.7337
vn 0.0028 1.0000 -0.0023
vn 0.8431 0.5309 -0.0850
vn 0.5609 0.8271 -0.0346
vn 0.1632 0.3072 0.9375
vn 0.9998 0.0208 0.0060
vn -0.0482 -0.2241 0.9734
vn 0.9995 -0.0143 -0.0284
vn 0.0916 -0.2947 0.9511
vn 0.9944 -0.0094 -0.1053
vn 0.0745 0.2200 0.9726
vn 0.9938 -0.0331 -0.1061
vn 0.9983 -0.0223 -0.0532
vn 0.9885 -0.0335 -0.1475
vn 0.0203 -0.2683 0.9631
vn 0.9967 -0.0232 -0.0773
vn 0.8089 0.5872 -0.0309
vn 0.0739 0.0714 0.9947
vn -0.0123 0.9998 0.0099
vn 0.1811 0.9734 -0.1401
vn 0.5876 0.8051 0.0800
vn 0.0994 0.9946 0.0297
vn 0.0449 0.2463 0.9681
vn -0.0196 0.3654 0.9306
vn 0.2373 -0.2552 0.9373
vn 0.1099 0.1861 0.9763
vn 0.1936 -0.2886 0.9377
vn -0.0118 0.3027 0.9530
vn 0.0781 0.2775 0.9575
vn 0.0233 -0.2814 0.9593
vn 0.1397 -0.1559 0.9778
vn 0.0207 0.1603 0.9868
vn 0.5232 0.0720 0.8491
vn 0.0213 0.9998 0.0027
vn 0.9916 -0.0937 -0.0886
vn 0.9989 -0.0416 -0.0193
vn 0.1686 0.6438 0.7464
vn 0.0155 0.9999 -0.0020
vn 0.9997 -0.0204 0.0102
vn 0.2114 -0.0580 0.9756
vn 0.0450 0.2640 0.9635
vn 0.9974 -0.0542 0.0478
vn 0.0489 0.0012 0.9988
vn 0.0499 0.1240 0.9910
vn 0.4204 0.8857 0.1968
vn 0.0175 0.9920 -0.1250
vn 0.0026 0.6501 0.7598
vn 0.5723 0.3722 0.7307
vn 0.0827 0.2744 0.9580
vn 0.1143 0.2866 0.9512
vn 0.0154 0.9638 0.2662
vn -0.0234 0.6248 0.7804
vn 0.0142 -0.2445 0.9695
vn 0.0401 0.1554 0.9870
vn 0.9952 -0.0974 -0.0060
vn 0.9741 -0.2227 -0.0399
vn 0.9977 -0.0603 0.0315
vn 0.6928 -0.2422 0.6792
vn 0.9973 -0.0736 0.0035
vn 0.9975 -0.0703 0.0099
vn 0.0096 -0.0674 0.9977
vn 0.9944 -0.1055 0.0083
vn 0.9936 -0.0776 0.0820
vn 0.9115 -0.1968 0.3610
vn 0.7432 -0.2465 0.6219
vn 0.1420 -0.2503 0.9577
vn 0.0848 0.2451 0.9658
vn 0.1317 -0.2934 0.9469
vn 0.6546 0.2305 0.7199
vn 0.7109 0.6597 -0.2437
vn 0.0933 0.1653 0.9818
vn 0.0455 0.1554 0.9868
vn 0.1646 0.1223 0.9787
vn 0.1080 0.9866 -0.1219
vn 0.2077 0.0391 0.9774
vn 0.0158 -0.1032 0.9945
vn 0.1627 0.6953 0.7001
vn 0.6967 0.7173 0.0007
vn 0.0489 0.9979 -0.0415
vn 0.7593 -0.3660 0.5381
vn 0.7283 0.1756 0.6623
vn 0.7319 0.2778 0.6221
vn 0.6919 0.1924 0.6959
vn 0.2783 0.8980 0.3408
vn 0.2315 -0.2670 0.9355
vn 0.7421 0.6640 0.0920
vn 0.0798 0.1490 0.9856
vn 0.4973 0.1604 0.8526
vn 0.6799 0.1055 0.7257
vn 0.1091 0.2993 0.9479
vn 0.6938 0.0645 0.7172
vn 0.9077 0.0586 0.4154
vn 0.9947 -0.0873 0.0550
vn 0.9796 -0.0201 -0.1999
vn 0.9739 -0.1599 -0.1609
vn 0.3609 -0.0301 0.9321
vn 0.1633 0.9756 0.1469
vn 0.0882 -0.3523 0.9317
vn 0.1137 0.9928 0.0381
vn 0.1236 0.9843 -0.1260
vn 0.0616 -0.2208 0.9734
vn 0.0946 -0.0109 0.9955
vn 0.0613 0.9981 -0.0038
vn 0.0269 0.9996 -0.0042
vn 0.8684 0.4650 0.1722
vn 0.9877 -0.1272 0.0905
vn 0.9790 -0.1967 -0.0525
vn 0.9986 -0.0125 -0.0507
vn 0.6811 0.6549 -0.3275
vn 0.8121 0.1219 0.5706
vn 0.5781 -0.2113 0.7881
vn 0.7770 -0.0988 0.6217
vn 0.9952 -0.0228 0.0953
vn 0.8370 -0.1134 0.5353
vn 0.9844 0.0256 0.1740
vn 0.9599 0.0838 -0.2676
vn 0.9999 -0.0003 -0.0153
vn 0.9597 0.1921 0.2047
vn 0.7720 0.1704 0.6123
vn 0.8159 0.1593 0.5558
vn 0.7760 0.1783 0.6050
vn 0.5911 -0.2335 0.7720
vn 0.1134 -0.2688 0.9565
vn 0.9481 0.3012 -0.1010
vn 0.9967 0.0149 0.0790
vn 0.7061 -0.1832 0.6840
vn 0.7493 0.2153 0.6262
vn 0.6958 -0.1685 0.6982
vn 0.5677 -0.1827 0.8027
vn 0.4610 0.1666 0.8716
vn 0.7477 0.1218 0.6528
vn 0.9644 0.0944 0.2470
vn 0.9768 0.0763 0.2000
vn 0.7190 0.1225 0.6842
vn 0.9449 -0.0126 -0.3271
vn 0.9930 0.0687 0.0962
vn 0.9979 0.0578 0.0284
vn 0.9975 0.0362 -0.0601
vn 0.1402 0.9793 -0.1460
vn 0.0407 0.9991 -0.0019
vn 0.2142 0.5295 0.8208
vn 0.8026 -0.1391 0.5800
vn 0.6272 -0.2223 0.7464
vn 0.6366 -0.1923 0.7468
vn 0.9909 -0.0013 0.1346
vn 0.8270 -0.1160 0.5500
vn 0.9775 0.1060 -0.1820
vn 0.8665 -0.0819 0.4924
vn 0.9905 0.0344 0.1332
vn 0.7847 -0.1292 0.6063
vn 0.1563 -0.2516 0.9551
vn 0.7568 0.3189 0.5705
vn 0.0825 -0.1631 0.9832
vn 0.2119 -0.2181 0.9526
vn 0.5887 0.1876 0.7863
vn 0.8454 0.1155 0.5216
vn 0.9857 0.0984 0.1369
vn 0.7462 0.1142 0.6558
vn 0.9469 0.0966 0.3068
vn 0.9810 0.0105 -0.1938
vn 0.9978 0.0527 -0.0395
vn 0.7183 -0.0327 0.6950
vn 0.3330 0.9429 0.0016
vn 0.9997 -0.0198 0.0141
vn 0.9268 -0.0454 0.3728
vn 0.7553 0.4923 0.4325
vn 0.9692 -0.1722 -0.1759
vn 0.9614 -0.2360 0.1416
vn 0.9673 -0.2536 -0.0005
vn 0.9737 0.0233 -0.2265
vn 0.9648 -0.2151 -0.1514
vn 0.9609 -0.1945 0.1971
vn 0.9864 -0.1646 0.0013
vn 0.9525 -0.2203 -0.2101
vn 0.9868 0.0211 0.1601
vn 0.7955 -0.1087 0.5961
vn 0.7349 -0.1077 0.6696
vn 0.5928 -0.0238 0.8050
vn 0.9625 -0.1834 0.1997
vn 0.7366 0.1789 0.6522
vn 0.9922 0.1235 0.0143
vn 0.9925 0.1041 0.0635
vn 0.9911 0.1317 0.0160
vn 0.7114 0.7026 0.0156
vn 0.8875 0.4598 0.0285
vn 0.8630 0.5051 0.0096
vn 0.8402 0.5422 0.0081
vn 0.9984 0.0565 0.0012
vn 0.9656 -0.2600 -0.0022
vn 0.9125 0.4089 -0.0012
vn 0.3645 0.9312 0.0012
vn 0.9988 0.0479 -0.0000
vn 0.9675 -0.2528 0.0007
vn 0.8616 0.5075 -0.0025
vn 0.9998 0.0216 -0.0011
vn 0.7904 0.6125 -0.0075
vn 0.7873 0.6165 -0.0042
vn 0.9724 -0.2332 -0.0074
vn 0.9995 0.0310 -0.0050
vn 0.8796 0.4755 -0.0074
vn 0.3143 0.9493 -0.0014
vn 0.9997 0.0253 -0.0020
vn 0.9785 -0.2062 0.0021
vn 0.9998 0.0175 0.0027
vn 0.8870 0.4618 0.0003
vn 0.5636 0.8117 0.1533
vn 0.9874 -0.1579 0.0082
vn 0.9964 0.0703 0.0464
vn 0.8431 -0.0613 0.5343
vn 0.9794 0.1160 -0.1650
vn 0.9184 -0.2813 -0.2782
vn 0.9499 0.1122 -0.2915
usemtl Material
s 1
f 1//1 2//2 3//3
f 2//2 4//4 3//3
f 1//1 3//3 5//5
f 4//4 6//6 3//3
f 4//4 7//7 6//6
f 5//5 3//3 8//8
f 3//3 6//6 9//9
f 6//6 7//7 10//10
f 7//7 11//11 10//10
f 9//9 6//6 12//12
f 6//6 10//10 12//12
f 10//10 11//11 13//13
f 13//13 11//11 14//14
f 5//5 8//8 15//15
f 3//3 9//9 16//16
f 9//9 17//17 16//16
f 9//9 12//12 18//18
f 9//9 18//18 17//17
f 12//12 10//10 19//19
f 19//19 10//10 20//20
f 20//20 10//10 13//13
f 16//16 17//17 21//21
f 8//8 3//3 22//22
f 3//3 16//16 22//22
f 22//22 16//16 23//23
f 16//16 21//21 23//23
f 24//24 25//25 26//26
f 26//26 25//25 27//27
f 25//25 28//28 27//27
f 23//23 21//21 29//29
f 27//27 28//28 30//30
f 27//27 30//30 31//31
f 8//8 22//22 32//32
f 22//22 23//23 32//32
f 15//15 8//8 33//33
f 34//34 35//35 36//36
f 32//32 23//23 37//37
f 23//23 29//29 37//37
f 38//38 36//36 39//39
f 33//33 8//8 40//40
f 8//8 32//32 40//40
f 37//37 29//29 41//41
f 38//38 39//39 42//42
f 40//40 32//32 43//43
f 32//32 37//37 43//43
f 33//33 40//40 44//44
f 43//43 37//37 45//45
f 37//37 41//41 45//45
f 44//44 40//40 46//46
f 40//40 43//43 46//46
f 44//44 46//46 47//47
f 46//46 43//43 48//48
f 43//43 45//45 48//48
f 47//47 46//46 49//49
f 48//48 45//45 50//50
f 45//45 41//41 50//50
f 50//50 41//41 51//51
f 49//49 46//46 52//52
f 52//52 46//46 53//53
f 46//46 48//48 53//53
f 50//50 51//51 54//54
f 48//48 50//50 53//53
f 52//52 53//53 55//55
f 56//56 57//57 58//58
f 57//57 59//59 58//58
f 53//53 50//50 60//60
f 50//50 54//54 61//61
f 50//50 61//61 60//60
f 62//62 63//63 64//64
f 63//63 58//58 64//64
f 58//58 65//65 64//64
f 58//58 59//59 65//65
f 55//55 53//53 66//66
f 53//53 60//60 66//66
f 61//61 67//67 68//68
f 61//61 68//68 60//60
f 67//67 69//69 68//68
f 67//67 62//62 69//69
f 62//62 64//64 69//69
f 60//60 68//68 70//70
f 68//68 69//69 70//70
f 60//60 70//70 66//66
f 70//70 69//69 71//71
f 55//55 66//66 72//72
f 66//66 70//70 73//73
f 70//70 71//71 73//73
f 72//72 66//66 74//74
f 74//74 66//66 75//75
f 75//75 66//66 73//73
f 14//14 76//76 77//77
f 13//13 14//14 78//78
f 14//14 77//77 78//78
f 12//12 19//19 18//18
f 78//78 77//77 79//79
f 80//80 81//81 82//82
f 13//13 83//83 20//20
f 13//13 78//78 83//83
f 78//78 79//79 83//83
f 79//79 77//77 84//84
f 77//77 80//80 84//84
f 80//80 82//82 84//84
f 79//79 84//84 83//83
f 84//84 82//82 85//85
f 24//24 26//26 86//86
f 86//86 26//26 87//87
f 87//87 26//26 88//88
f 26//26 27//27 88//88
f 88//88 27//27 31//31
f 87//87 88//88 89//89
f 88//88 31//31 89//89
f 89//89 31//31 90//90
f 31//31 30//30 90//90
f 91//91 34//34 92//92
f 34//34 36//36 92//92
f 91//91 92//92 93//93
f 92//92 36//36 93//93
f 91//91 93//93 94//94
f 94//94 93//93 95//95
f 93//93 36//36 38//38
f 93//93 38//38 95//95
f 95//95 38//38 42//42
f 96//96 97//97 98//98
f 97//97 99//99 98//98
f 96//96 98//98 100//100
f 100//100 98//98 101//101
f 98//98 99//99 101//101
f 33//33 44//44 102//102
f 96//96 100//100 103//103
f 100//100 101//101 104//104
f 101//101 105//105 104//104
f 103//103 100//100 104//104
f 106//106 107//107 108//108
f 106//106 109//109 107//107
f 107//107 109//109 110//110
f 108//108 107//107 111//111
f 107//107 110//110 111//111
f 108//108 111//111 112//112
f 111//111 110//110 113//113
f 110//110 114//114 113//113
f 112//112 111//111 115//115
f 111//111 113//113 115//115
f 115//115 113//113 112//112
f 112//112 113//113 116//116
f 116//116 113//113 114//114
f 117//117 118//118 119//119
f 117//117 119//119 120//120
f 120//120 119//119 121//121
f 117//117 120//120 122//122
f 122//122 120//120 123//123
f 120//120 121//121 123//123
f 122//122 123//123 124//124
f 123//123 121//121 125//125
f 124//124 123//123 126//126
f 126//126 123//123 127//127
f 127//127 123//123 128//128
f 123//123 125//125 128//128
f 129//129 130//130 131//131
f 129//129 132//132 130//130
f 132//132 133//133 130//130
f 132//132 134//134 133//133
f 135//135 136//136 137//137
f 136//136 131//131 137//137
f 131//131 138//138 137//137
f 131//131 130//130 138//138
f 130//130 133//133 138//138
f 137//137 138//138 139//139
f 140//140 141//141 142//142
f 141//141 135//135 142//142
f 135//135 137//137 143//143
f 135//135 143//143 142//142
f 137//137 139//139 143//143
f 144//144 140//140 145//145
f 140//140 142//142 146//146
f 142//142 143//143 147//147
f 148//148 144//144 57//57
f 144//144 145//145 57//57
f 140//140 146//146 145//145
f 146//146 142//142 149//149
f 149//149 142//142 147//147
f 57//57 145//145 150//150
f 145//145 146//146 150//150
f 150//150 146//146 149//149
f 52//52 55//55 151//151
f 57//57 150//150 59//59
f 150//150 152//152 59//59
f 153//153 59//59 152//152
f 65//65 59//59 154//154
f 154//154 59//59 153//153
f 64//64 65//65 154//154
f 73//73 71//71 155//155
f 75//75 73//73 156//156
f 17//17 18//18 157//157
f 19//19 20//20 158//158
f 81//81 159//159 160//160
f 81//81 160//160 82//82
f 159//159 161//161 160//160
f 20//20 83//83 158//158
f 158//158 83//83 162//162
f 160//160 161//161 163//163
f 161//161 164//164 163//163
f 83//83 165//165 166//166
f 83//83 84//84 165//165
f 82//82 160//160 167//167
f 82//82 167//167 85//85
f 160//160 163//163 167//167
f 163//163 164//164 168//168
f 84//84 85//85 169//169
f 85//85 170//170 169//169
f 85//85 167//167 170//170
f 163//163 168//168 171//171
f 167//167 163//163 172//172
f 163//163 171//171 172//172
f 89//89 90//90 173//173
f 89//89 173//173 174//174
f 90//90 30//30 173//173
f 95//95 42//42 175//175
f 175//175 42//42 176//176
f 42//42 39//39 176//176
f 96//96 103//103 177//177
f 103//103 104//104 178//178
f 178//178 104//104 179//179
f 104//104 105//105 179//179
f 108//108 112//112 180//180
f 112//112 116//116 181//181
f 124//124 126//126 182//182
f 182//182 126//126 183//183
f 182//182 183//183 184//184
f 126//126 127//127 183//183
f 185//185 184//184 186//186
f 184//184 183//183 187//187
f 184//184 187//187 186//186
f 188//188 185//185 189//189
f 185//185 186//186 189//189
f 190//190 188//188 189//189
f 190//190 189//189 191//191
f 189//189 186//186 192//192
f 186//186 187//187 192//192
f 191//191 189//189 193//193
f 189//189 192//192 193//193
f 192//192 187//187 194//194
f 195//195 196//196 197//197
f 196//196 193//193 197//197
f 193//193 192//192 197//197
f 198//198 195//195 132//132
f 132//132 195//195 199//199
f 195//195 197//197 199//199
f 197//197 134//134 199//199
f 134//134 197//197 200//200
f 197//197 192//192 200//200
f 192//192 194//194 200//200
f 132//132 199//199 134//134
f 134//134 200//200 201//201
f 133//133 134//134 202//202
f 202//202 134//134 201//201
f 139//139 138//138 203//203
f 138//138 133//133 203//203
f 149//149 147//147 204//204
f 150//150 149//149 204//204
f 55//55 72//72 151//151
f 71//71 69//69 205//205
f 155//155 71//71 205//205
f 156//156 73//73 155//155
f 17//17 157//157 206//206
f 157//157 18//18 207//207
f 18//18 19//19 207//207
f 5//5 15//15 208//208
f 164//164 209//209 168//168
f 209//209 210//210 168//168
f 168//168 210//210 211//211
f 84//84 169//169 165//165
f 168//168 211//211 212//212
f 211//211 213//213 212//212
f 170//170 214//214 169//169
f 213//213 86//86 215//215
f 212//212 213//213 216//216
f 216//216 213//213 215//215
f 170//170 167//167 214//214
f 167//167 217//217 214//214
f 167//167 172//172 217//217
f 212//212 216//216 171//171
f 172//172 171//171 218//218
f 171//171 219//219 218//218
f 171//171 216//216 220//220
f 171//171 220//220 219//219
f 86//86 87//87 215//215
f 216//216 215//215 220//220
f 215//215 87//87 221//221
f 15//15 33//33 208//208
f 87//87 89//89 221//221
f 89//89 222//222 221//221
f 89//89 174//174 222//222
f 174//174 223//223 222//222
f 174//174 173//173 223//223
f 173//173 30//30 224//224
f 91//91 94//94 225//225
f 33//33 226//226 208//208
f 94//94 95//95 227//227
f 95//95 228//228 229//229
f 95//95 175//175 228//228
f 175//175 176//176 228//228
f 176//176 39//39 230//230
f 39//39 231//231 230//230
f 33//33 102//102 226//226
f 96//96 177//177 232//232
f 177//177 103//103 233//233
f 178//178 179//179 234//234
f 179//179 235//235 234//234
f 179//179 105//105 235//235
f 102//102 44//44 236//236
f 180//180 112//112 237//237
f 236//236 44//44 238//238
f 44//44 47//47 238//238
f 112//112 239//239 237//237
f 112//112 181//181 239//239
f 181//181 116//116 240//240
f 240//240 116//116 241//241
f 116//116 114//114 241//241
f 117//117 242//242 243//243
f 117//117 122//122 242//242
f 242//242 122//122 244//244
f 47//47 49//49 238//238
f 49//49 52//52 245//245
f 122//122 124//124 246//246
f 122//122 246//246 244//244
f 124//124 182//182 246//246
f 182//182 184//184 247//247
f 127//127 128//128 248//248
f 128//128 125//125 249//249
f 250//250 251//251 252//252
f 250//250 252//252 253//253
f 190//190 191//191 254//254
f 253//253 255//255 256//256
f 253//253 252//252 255//255
f 191//191 193//193 257//257
f 255//255 252//252 258//258
f 252//252 259//259 260//260
f 259//259 261//261 260//260
f 255//255 258//258 262//262
f 252//252 260//260 258//258
f 261//261 263//263 260//260
f 258//258 264//264 262//262
f 258//258 260//260 264//264
f 264//264 260//260 265//265
f 260//260 266//266 265//265
f 260//260 263//263 266//266
f 200//200 194//194 267//267
f 265//265 268//268 269//269
f 265//265 266//266 268//268
f 270//270 271//271 272//272
f 52//52 151//151 245//245
f 201//201 200//200 273//273
f 273//273 200//200 267//267
f 268//268 266//266 274//274
f 266//266 272//272 274//274
f 272//272 271//271 274//274
f 274//274 271//271 275//275
f 271//271 276//276 275//275
f 275//275 276//276 277//277
f 277//277 276//276 278//278
f 276//276 279//279 278//278
f 203//203 133//133 202//202
f 278//278 279//279 280//280
f 279//279 281//281 280//280
f 281//281 282//282 280//280
f 283//283 284//284 285//285
f 284//284 286//286 285//285
f 278//278 280//280 287//287
f 280//280 282//282 287//287
f 283//283 285//285 288//288
f 283//283 288//288 289//289
f 288//288 285//285 290//290
f 285//285 291//291 292//292
f 291//291 293//293 292//292
f 285//285 292//292 290//290
f 290//290 292//292 294//294
f 292//292 293//293 294//294
f 152//152 150//150 204//204
f 290//290 295//295 296//296
f 290//290 294//294 295//295
f 153//153 152//152 297//297
f 295//295 294//294 298//298
f 69//69 64//64 299//299
f 151//151 72//72 300//300
f 301//301 1//1 302//302
f 1//1 5//5 302//302
f 86//86 213//213 303//303
f 303//303 213//213 304//304
f 305//305 169//169 214//214
f 217//217 172//172 306//306
f 172//172 218//218 306//306
f 218//218 219//219 307//307
f 219//219 220//220 308//308
f 219//219 308//308 307//307
f 308//308 220//220 309//309
f 220//220 215//215 309//309
f 215//215 221//221 309//309
f 221//221 222//222 310//310
f 225//225 94//94 311//311
f 94//94 227//227 311//311
f 227//227 95//95 229//229
f 229//229 228//228 312//312
f 228//228 176//176 312//312
f 312//312 176//176 313//313
f 176//176 230//230 313//313
f 96//96 232//232 314//314
f 232//232 177//177 315//315
f 177//177 233//233 315//315
f 233//233 103//103 316//316
f 103//103 178//178 316//316
f 178//178 234//234 316//316
f 316//316 234//234 317//317
f 317//317 234//234 318//318
f 234//234 235//235 318//318
f 108//108 180//180 319//319
f 319//319 180//180 320//320
f 180//180 237//237 321//321
f 180//180 321//321 320//320
f 237//237 239//239 321//321
f 239//239 181//181 240//240
f 239//239 240//240 322//322
f 239//239 322//322 323//323
f 241//241 114//114 324//324
f 323//323 322//322 243//243
f 242//242 325//325 243//243
f 242//242 244//244 325//325
f 238//238 49//49 245//245
f 244//244 246//246 326//326
f 246//246 182//182 326//326
f 327//327 328//328 329//329
f 182//182 247//247 326//326
f 326//326 247//247 329//329
f 328//328 326//326 329//329
f 330//330 327//327 331//331
f 332//332 333//333 329//329
f 327//327 329//329 333//333
f 327//327 333//333 331//331
f 183//183 127//127 248//248
f 248//248 128//128 334//334
f 128//128 249//249 334//334
f 335//335 336//336 331//331
f 330//330 331//331 336//336
f 188//188 190//190 337//337
f 188//188 337//337 336//336
f 330//330 336//336 337//337
f 190//190 254//254 337//337
f 191//191 257//257 338//338
f 256//256 255//255 339//339
f 255//255 262//262 339//339
f 267//267 194//194 340//340
f 262//262 264//264 341//341
f 264//264 265//265 341//341
f 202//202 201//201 273//273
f 202//202 273//273 342//342
f 268//268 343//343 269//269
f 268//268 274//274 344//344
f 268//268 344//344 343//343
f 284//284 345//345 346//346
f 275//275 277//277 347//347
f 284//284 348//348 345//345
f 143//143 139//139 349//349
f 277//277 278//278 347//347
f 284//284 283//283 348//348
f 350//350 348//348 351//351
f 351//351 348//348 283//283
f 147//147 143//143 349//349
f 278//278 287//287 352//352
f 351//351 283//283 353//353
f 353//353 283//283 289//289
f 204//204 147//147 354//354
f 151//151 355//355 245//245
f 152//152 204//204 297//297
f 288//288 290//290 296//296
f 356//356 357//357 358//358
f 154//154 297//297 299//299
f 154//154 153//153 297//297
f 295//295 298//298 359//359
f 205//205 69//69 360//360
f 155//155 205//205 361//361
f 156//156 155//155 361//361
f 5//5 208//208 362//362
f 19//19 158//158 207//207
f 306//306 218//218 363//363
f 307//307 364//364 365//365
f 307//307 308//308 364//364
f 308//308 309//309 364//364
f 364//364 309//309 366//366
f 367//367 364//364 366//366
f 367//367 366//366 368//368
f 367//367 368//368 369//369
f 366//366 309//309 370//370
f 366//366 370//370 368//368
f 309//309 221//221 370//370
f 368//368 370//370 310//310
f 221//221 310//310 370//370
f 368//368 310//310 371//371
f 369//369 368//368 372//372
f 368//368 371//371 372//372
f 371//371 310//310 373//373
f 310//310 222//222 373//373
f 371//371 374//374 372//372
f 371//371 373//373 374//374
f 222//222 223//223 373//373
f 373//373 223//223 375//375
f 223//223 376//376 375//375
f 223//223 173//173 376//376
f 173//173 224//224 376//376
f 372//372 374//374 377//377
f 372//372 377//377 378//378
f 377//377 311//311 378//378
f 372//372 378//378 379//379
f 372//372 379//379 380//380
f 311//311 227//227 378//378
f 378//378 227//227 379//379
f 380//380 379//379 381//381
f 227//227 229//229 379//379
f 381//381 379//379 382//382
f 379//379 229//229 382//382
f 229//229 312//312 382//382
f 312//312 383//383 382//382
f 381//381 382//382 383//383
f 313//313 230//230 231//231
f 381//381 383//383 384//384
f 385//385 386//386 387//387
f 388//388 386//386 389//389
f 380//380 381//381 390//390
f 314//314 390//390 384//384
f 381//381 384//384 390//390
f 380//380 390//390 391//391
f 391//391 390//390 392//392
f 390//390 232//232 392//392
f 232//232 315//315 392//392
f 102//102 236//236 226//226
f 391//391 392//392 393//393
f 315//315 233//233 392//392
f 392//392 233//233 316//316
f 393//393 392//392 316//316
f 393//393 316//316 394//394
f 316//316 395//395 394//394
f 316//316 317//317 395//395
f 318//318 235//235 396//396
f 235//235 105//105 397//397
f 235//235 397//397 396//396
f 398//398 393//393 399//399
f 393//393 400//400 399//399
f 393//393 394//394 400//400
f 401//401 319//319 402//402
f 394//394 402//402 319//319
f 394//394 319//319 400//400
f 399//399 400//400 403//403
f 319//319 320//320 400//400
f 400//400 320//320 403//403
f 399//399 403//403 404//404
f 320//320 321//321 403//403
f 321//321 405//405 403//403
f 321//321 239//239 405//405
f 398//398 406//406 407//407
f 405//405 239//239 323//323
f 404//404 405//405 323//323
f 243//243 408//408 323//323
f 404//404 323//323 408//408
f 406//406 404//404 408//408
f 243//243 325//325 408//408
f 406//406 408//408 409//409
f 407//407 406//406 410//410
f 325//325 244//244 408//408
f 410//410 406//406 409//409
f 244//244 409//409 408//408
f 410//410 409//409 411//411
f 410//410 411//411 412//412
f 244//244 326//326 409//409
f 411//411 409//409 328//328
f 326//326 328//328 409//409
f 411//411 328//328 327//327
f 412//412 411//411 330//330
f 253//253 256//256 413//413
f 413//413 256//256 414//414
f 337//337 254//254 415//415
f 414//414 256//256 339//339
f 339//339 262//262 416//416
f 417//417 418//418 419//419
f 420//420 269//269 343//343
f 203//203 202//202 421//421
f 344//344 274//274 422//422
f 274//274 275//275 422//422
f 345//345 348//348 423//423
f 278//278 424//424 347//347
f 278//278 352//352 424//424
f 425//425 351//351 426//426
f 351//351 353//353 426//426
f 352//352 287//287 427//427
f 289//289 428//428 353//353
f 289//289 288//288 428//428
f 297//297 204//204 354//354
f 69//69 299//299 360//360
f 205//205 360//360 361//361
f 158//158 429//429 207//207
f 158//158 162//162 429//429
f 165//165 169//169 305//305
f 218//218 307//307 430//430
f 364//364 367//367 365//365
f 367//367 369//369 431//431
f 369//369 372//372 432//432
f 369//369 432//432 431//431
f 372//372 433//433 432//432
f 372//372 380//380 433//433
f 434//434 385//385 435//435
f 312//312 313//313 434//434
f 385//385 387//387 435//435
f 380//380 391//391 436//436
f 380//380 436//436 433//433
f 391//391 393//393 436//436
f 395//395 317//317 437//437
f 395//395 437//437 438//438
f 393//393 398//398 436//436
f 317//317 318//318 437//437
f 436//436 398//398 439//439
f 398//398 407//407 439//439
f 240//240 241//241 440//440
f 241//241 324//324 440//440
f 407//407 410//410 439//439
f 245//245 441//441 238//238
f 439//439 410//410 442//442
f 410//410 412//412 442//442
f 183//183 248//248 443//443
f 183//183 443//443 444//444
f 412//412 330//330 442//442
f 334//334 249//249 445//445
f 330//330 337//337 442//442
f 337//337 415//415 446//446
f 414//414 339//339 447//447
f 447//447 339//339 416//416
f 194//194 448//448 340//340
f 416//416 262//262 449//449
f 267//267 340//340 450//450
f 451//451 341//341 452//452
f 341//341 265//265 452//452
f 452//452 265//265 420//420
f 265//265 269//269 420//420
f 419//419 453//453 454//454
f 420//420 343//343 455//455
f 343//343 456//456 455//455
f 343//343 344//344 456//456
f 456//456 344//344 422//422
f 422//422 275//275 457//457
f 347//347 424//424 458//458
f 147//147 349//349 354//354
f 424//424 352//352 459//459
f 460//460 353//353 461//461
f 352//352 427//427 459//459
f 353//353 428//428 461//461
f 288//288 296//296 428//428
f 428//428 296//296 462//462
f 296//296 295//295 463//463
f 355//355 151//151 300//300
f 295//295 359//359 464//464
f 300//300 72//72 465//465
f 72//72 74//74 465//465
f 162//162 466//466 429//429
f 162//162 166//166 466//466
f 165//165 305//305 467//467
f 305//305 214//214 468//468
f 214//214 217//217 468//468
f 363//363 218//218 430//430
f 365//365 367//367 469//469
f 367//367 431//431 469//469
f 431//431 432//432 470//470
f 471//471 472//472 473//473
f 373//373 375//375 471//471
f 471//471 375//375 474//474
f 471//471 474//474 472//472
f 432//432 433//433 475//475
f 434//434 313//313 385//385
f 385//385 313//313 476//476
f 385//385 476//476 477//477
f 313//313 231//231 478//478
f 438//438 437//437 479//479
f 479//479 437//437 480//480
f 479//479 480//480 481//481
f 437//437 318//318 482//482
f 437//437 482//482 480//480
f 436//436 439//439 483//483
f 238//238 484//484 236//236
f 440//440 485//485 486//486
f 440//440 486//486 487//487
f 440//440 324//324 485//485
f 488//488 440//440 487//487
f 488//488 487//487 489//489
f 443//443 248//248 490//490
f 248//248 334//334 490//490
f 445//445 249//249 491//491
f 442//442 337//337 492//492
f 337//337 446//446 492//492
f 493//493 494//494 495//495
f 496//496 497//497 498//498
f 262//262 451//451 449//449
f 451//451 452//452 499//499
f 417//417 419//419 500//500
f 500//500 419//419 501//501
f 273//273 267//267 502//502
f 267//267 450//450 502//502
f 419//419 454//454 501//501
f 420//420 455//455 503//503
f 503//503 455//455 456//456
f 456//456 422//422 504//504
f 422//422 457//457 505//505
f 505//505 457//457 506//506
f 139//139 203//203 349//349
f 275//275 347//347 457//457
f 457//457 347//347 507//507
f 345//345 423//423 508//508
f 507//507 347//347 458//458
f 423//423 460//460 509//509
f 423//423 509//509 508//508
f 424//424 459//459 510//510
f 460//460 461//461 509//509
f 459//459 427//427 511//511
f 462//462 296//296 512//512
f 296//296 463//463 512//512
f 463//463 295//295 513//513
f 295//295 464//464 513//513
f 361//361 360//360 514//514
f 465//465 74//74 515//515
f 74//74 75//75 516//516
f 74//74 516//516 515//515
f 75//75 156//156 517//517
f 75//75 517//517 516//516
f 156//156 361//361 517//517
f 302//302 5//5 362//362
f 362//362 208//208 518//518
f 468//468 217//217 519//519
f 519//519 217//217 363//363
f 217//217 306//306 363//363
f 307//307 365//365 430//430
f 430//430 365//365 520//520
f 375//375 376//376 521//521
f 375//375 521//521 522//522
f 376//376 224//224 521//521
f 208//208 523//523 524//524
f 472//472 474//474 525//525
f 523//523 208//208 226//226
f 433//433 526//526 475//475
f 476//476 313//313 478//478
f 478//478 231//231 527//527
f 396//396 397//397 528//528
f 480//480 482//482 529//529
f 482//482 396//396 529//529
f 483//483 439//439 530//530
f 487//487 486//486 531//531
f 439//439 442//442 532//532
f 334//334 445//445 533//533
f 445//445 491//491 533//533
f 534//534 535//535 536//536
f 535//535 537//537 536//536
f 537//537 538//538 536//536
f 538//538 539//539 540//540
f 534//534 536//536 541//541
f 414//414 447//447 542//542
f 542//542 447//447 543//543
f 540//540 542//542 543//543
f 536//536 538//538 544//544
f 544//544 538//538 545//545
f 538//538 540//540 545//545
f 540//540 543//543 545//545
f 495//495 494//494 546//546
f 541//541 536//536 448//448
f 536//536 544//544 448//448
f 544//544 545//545 547//547
f 545//545 543//543 548//548
f 543//543 416//416 548//548
f 447//447 416//416 543//543
f 549//549 448//448 550//550
f 448//448 544//544 550//550
f 449//449 451//451 551//551
f 544//544 552//552 550//550
f 544//544 547//547 552//552
f 547//547 545//545 553//553
f 545//545 548//548 553//553
f 416//416 449//449 548//548
f 449//449 551//551 548//548
f 451//451 499//499 551//551
f 552//552 547//547 554//554
f 547//547 553//553 554//554
f 553//553 548//548 555//555
f 555//555 548//548 556//556
f 548//548 551//551 556//556
f 551//551 499//499 556//556
f 452//452 420//420 499//499
f 420//420 503//503 557//557
f 553//553 555//555 558//558
f 556//556 499//499 559//559
f 499//499 420//420 559//559
f 559//559 420//420 560//560
f 420//420 557//557 560//560
f 557//557 503//503 561//561
f 557//557 561//561 560//560
f 503//503 456//456 561//561
f 202//202 342//342 421//421
f 558//558 555//555 562//562
f 555//555 563//563 562//562
f 556//556 559//559 564//564
f 559//559 560//560 565//565
f 456//456 504//504 561//561
f 561//561 504//504 560//560
f 563//563 556//556 566//566
f 556//556 564//564 566//566
f 564//564 559//559 567//567
f 559//559 565//565 568//568
f 565//565 560//560 569//569
f 560//560 504//504 569//569
f 346//346 345//345 570//570
f 349//349 203//203 421//421
f 559//559 568//568 567//567
f 568//568 565//565 569//569
f 504//504 505//505 569//569
f 505//505 506//506 569//569
f 457//457 507//507 506//506
f 507//507 571//571 506//506
f 572//572 573//573 574//574
f 345//345 508//508 570//570
f 568//568 569//569 575//575
f 568//568 575//575 576//576
f 569//569 577//577 575//575
f 569//569 578//578 577//577
f 578//578 569//569 579//579
f 569//569 506//506 579//579
f 579//579 506//506 580//580
f 506//506 571//571 580//580
f 507//507 458//458 571//571
f 458//458 424//424 510//510
f 458//458 510//510 571//571
f 574//574 573//573 509//509
f 573//573 508//508 509//509
f 578//578 579//579 581//581
f 571//571 510//510 580//580
f 459//459 511//511 574//574
f 574//574 509//509 582//582
f 509//509 461//461 582//582
f 579//579 583//583 581//581
f 579//579 580//580 583//583
f 580//580 510//510 584//584
f 584//584 510//510 459//459
f 461//461 428//428 582//582
f 583//583 580//580 585//585
f 580//580 586//586 585//585
f 580//580 584//584 586//586
f 584//584 459//459 587//587
f 459//459 574//574 587//587
f 587//587 574//574 588//588
f 574//574 582//582 588//588
f 428//428 589//589 582//582
f 582//582 589//589 588//588
f 428//428 462//462 589//589
f 586//586 584//584 590//590
f 584//584 591//591 590//590
f 584//584 587//587 591//591
f 462//462 512//512 589//589
f 589//589 512//512 592//592
f 512//512 463//463 592//592
f 587//587 588//588 593//593
f 588//588 589//589 594//594
f 589//589 592//592 594//594
f 299//299 297//297 595//595
f 588//588 596//596 593//593
f 588//588 597//597 596//596
f 588//588 594//594 597//597
f 594//594 592//592 598//598
f 597//597 599//599 596//596
f 594//594 598//598 597//597
f 360//360 299//299 600//600
f 600//600 299//299 595//595
f 597//597 601//601 599//599
f 597//597 598//598 601//601
f 361//361 514//514 602//602
f 206//206 157//157 603//603
f 157//157 207//207 604//604
f 166//166 165//165 467//467
f 365//365 469//469 520//520
f 518//518 208//208 524//524
f 526//526 433//433 483//483
f 226//226 605//605 523//523
f 433//433 436//436 483//483
f 226//226 236//236 605//605
f 236//236 484//484 605//605
f 531//531 486//486 606//606
f 531//531 606//606 607//607
f 484//484 238//238 441//441
f 439//439 532//532 530//530
f 442//442 492//492 532//532
f 245//245 608//608 441//441
f 444//444 443//443 609//609
f 443//443 490//490 609//609
f 610//610 611//611 534//534
f 492//492 446//446 612//612
f 448//448 549//549 340//340
f 450//450 340//340 613//613
f 549//549 550//550 614//614
f 549//549 614//614 340//340
f 550//550 552//552 614//614
f 501//501 454//454 615//615
f 342//342 273//273 616//616
f 553//553 558//558 617//617
f 558//558 562//562 617//617
f 563//563 566//566 618//618
f 563//563 618//618 562//562
f 245//245 355//355 608//608
f 566//566 564//564 618//618
f 564//564 619//619 618//618
f 564//564 567//567 619//619
f 570//570 508//508 620//620
f 567//567 568//568 576//576
f 576//576 575//575 621//621
f 575//575 577//577 621//621
f 621//621 577//577 622//622
f 577//577 578//578 622//622
f 578//578 581//581 622//622
f 581//581 583//583 623//623
f 583//583 585//585 623//623
f 624//624 625//625 626//626
f 297//297 354//354 627//627
f 590//590 591//591 628//628
f 591//591 587//587 628//628
f 592//592 463//463 629//629
f 463//463 513//513 629//629
f 358//358 630//630 631//631
f 587//587 632//632 628//628
f 587//587 593//593 632//632
f 632//632 593//593 596//596
f 599//599 601//601 633//633
f 301//301 302//302 634//634
f 207//207 429//429 635//635
f 466//466 166//166 467//467
f 303//303 304//304 636//636
f 637//637 305//305 468//468
f 363//363 430//430 638//638
f 469//469 431//431 639//639
f 431//431 470//470 639//639
f 470//470 432//432 639//639
f 476//476 478//478 640//640
f 480//480 529//529 641//641
f 529//529 396//396 642//642
f 485//485 324//324 643//643
f 324//324 114//114 644//644
f 484//484 441//441 645//645
f 441//441 608//608 645//645
f 532//532 492//492 646//646
f 609//609 490//490 647//647
f 490//490 334//334 648//648
f 334//334 533//533 648//648
f 414//414 542//542 649//649
f 340//340 614//614 650//650
f 614//614 651//651 650//650
f 652//652 653//653 654//654
f 614//614 552//552 651//651
f 552//552 554//554 651//651
f 554//554 553//553 655//655
f 553//553 617//617 655//655
f 562//562 618//618 617//617
f 346//346 570//570 656//656
f 657//657 349//349 658//658
f 567//567 576//576 659//659
f 354//354 349//349 660//660
f 660//660 349//349 657//657
f 576//576 621//621 659//659
f 608//608 355//355 661//661
f 622//622 581//581 662//662
f 581//581 623//623 663//663
f 623//623 585//585 663//663
f 585//585 586//586 664//664
f 586//586 590//590 664//664
f 665//665 625//625 666//666
f 667//667 297//297 627//627
f 590//590 628//628 664//664
f 629//629 513//513 668//668
f 595//595 297//297 667//667
f 664//664 628//628 632//632
f 513//513 464//464 669//669
f 355//355 300//300 661//661
f 596//596 599//599 670//670
f 300//300 465//465 661//661
f 670//670 599//599 633//633
f 517//517 361//361 671//671
f 361//361 602//602 671//671
f 362//362 518//518 672//672
f 603//603 157//157 604//604
f 207//207 635//635 604//604
f 518//518 673//673 672//672
f 635//635 429//429 466//466
f 673//673 518//518 674//674
f 467//467 305//305 637//637
f 518//518 524//524 674//674
f 520//520 469//469 675//675
f 469//469 639//639 675//675
f 524//524 523//523 674//674
f 676//676 522//522 677//677
f 677//677 522//522 678//678
f 522//522 521//521 678//678
f 674//674 523//523 679//679
f 523//523 605//605 679//679
f 526//526 483//483 680//680
f 679//679 605//605 681//681
f 605//605 484//484 681//681
f 607//607 606//606 682//682
f 607//607 682//682 683//683
f 484//484 645//645 681//681
f 530//530 532//532 684//684
f 647//647 490//490 685//685
f 490//490 648//648 685//685
f 533//533 491//491 686//686
f 649//649 542//542 687//687
f 492//492 612//612 688//688
f 497//497 689//689 690//690
f 613//613 340//340 691//691
f 450//450 613//613 692//692
f 340//340 650//650 691//691
f 501//501 615//615 693//693
f 693//693 615//615 694//694
f 651//651 554//554 655//655
f 608//608 661//661 645//645
f 570//570 620//620 695//695
f 570//570 695//695 656//656
f 627//627 354//354 660//660
f 581//581 663//663 662//662
f 585//585 664//664 663//663
f 696//696 629//629 668//668
f 632//632 596//596 697//697
f 596//596 670//670 697//697
f 360//360 600//600 514//514
f 670//670 633//633 698//698
f 633//633 601//601 698//698
f 515//515 516//516 699//699
f 517//517 671//671 516//516
f 362//362 672//672 700//700
f 701//701 603//603 702//702
f 603//603 604//604 702//702
f 604//604 635//635 703//703
f 519//519 363//363 638//638
f 638//638 430//430 704//704
f 430//430 705//705 704//704
f 430//430 520//520 705//705
f 705//705 520//520 675//675
f 639//639 432//432 475//475
f 521//521 224//224 706//706
f 707//707 708//708 709//709
f 707//707 677//677 710//710
f 707//707 710//710 708//708
f 677//677 678//678 710//710
f 640//640 478//478 711//711
f 478//478 527//527 711//711
f 528//528 397//397 712//712
f 528//528 712//712 713//713
f 714//714 641//641 715//715
f 714//714 715//715 716//716
f 641//641 529//529 717//717
f 641//641 717//717 715//715
f 529//529 642//642 717//717
f 483//483 530//530 680//680
f 680//680 530//530 718//718
f 643//643 324//324 682//682
f 682//682 324//324 719//719
f 324//324 644//644 719//719
f 683//683 682//682 720//720
f 530//530 684//684 718//718
f 648//648 533//533 721//721
f 533//533 686//686 721//721
f 613//613 691//691 722//722
f 692//692 613//613 722//722
f 502//502 450//450 692//692
f 342//342 616//616 723//723
f 617//617 618//618 724//724
f 725//725 421//421 342//342
f 618//618 619//619 726//726
f 658//658 349//349 725//725
f 349//349 421//421 725//725
f 567//567 727//727 619//619
f 621//621 622//622 728//728
f 728//728 622//622 662//662
f 729//729 627//627 660//660
f 667//667 627//627 730//730
f 664//664 632//632 731//731
f 696//696 668//668 732//732
f 732//732 668//668 733//733
f 668//668 513//513 733//733
f 516//516 671//671 699//699
f 302//302 362//362 634//634
f 634//634 362//362 734//734
f 362//362 700//700 734//734
f 735//735 736//736 700//700
f 735//735 701//701 736//736
f 701//701 702//702 736//736
f 604//604 703//703 702//702
f 703//703 635//635 737//737
f 635//635 466//466 737//737
f 737//737 466//466 738//738
f 738//738 466//466 739//739
f 466//466 467//467 739//739
f 467//467 637//637 739//739
f 739//739 637//637 740//740
f 637//637 468//468 740//740
f 740//740 468//468 741//741
f 468//468 519//519 741//741
f 704//704 705//705 742//742
f 705//705 675//675 742//742
f 675//675 743//743 742//742
f 675//675 639//639 743//743
f 743//743 639//639 744//744
f 639//639 475//475 744//744
f 745//745 708//708 746//746
f 678//678 521//521 747//747
f 521//521 706//706 747//747
f 708//708 710//710 746//746
f 744//744 475//475 526//526
f 748//748 640//640 711//711
f 748//748 711//711 749//749
f 716//716 715//715 750//750
f 715//715 717//717 642//642
f 682//682 719//719 751//751
f 647//647 752//752 753//753
f 647//647 685//685 752//752
f 752//752 685//685 754//754
f 685//685 648//648 754//754
f 648//648 721//721 754//754
f 649//649 687//687 755//755
f 492//492 688//688 646//646
f 687//687 756//756 755//755
f 722//722 691//691 757//757
f 691//691 650//650 757//757
f 651//651 655//655 758//758
f 342//342 723//723 759//759
f 617//617 724//724 655//655
f 725//725 342//342 759//759
f 618//618 726//726 724//724
f 726//726 619//619 727//727
f 656//656 695//695 760//760
f 567//567 659//659 727//727
f 660//660 657//657 761//761
f 659//659 621//621 728//728
f 660//660 761//761 762//762
f 660//660 762//762 729//729
f 627//627 729//729 730//730
f 663//663 664//664 763//763
f 663//663 763//763 764//764
f 664//664 765//765 763//763
f 667//667 730//730 766//766
f 765//765 664//664 731//731
f 731//731 632//632 767//767
f 632//632 697//697 767//767
f 733//733 513//513 768//768
f 513//513 669//669 768//768
f 768//768 669//669 769//769
f 670//670 770//770 697//697
f 770//770 670//670 698//698
f 698//698 601//601 771//771
f 638//638 704//704 772//772
f 704//704 742//742 773//773
f 742//742 743//743 774//774
f 742//742 774//774 773//773
f 743//743 775//775 774//774
f 775//775 776//776 774//774
f 776//776 777//777 778//778
f 779//779 745//745 780//780
f 745//745 746//746 780//780
f 678//678 747//747 746//746
f 744//744 526//526 781//781
f 782//782 749//749 783//783
f 749//749 711//711 784//784
f 749//749 784//784 783//783
f 711//711 527//527 784//784
f 785//785 786//786 787//787
f 788//788 789//789 790//790
f 526//526 680//680 791//791
f 789//789 792//792 790//790
f 793//793 750//750 794//794
f 750//750 715//715 794//794
f 715//715 642//642 794//794
f 680//680 795//795 791//791
f 796//796 797//797 798//798
f 796//796 798//798 799//799
f 680//680 718//718 795//795
f 532//532 646//646 684//684
f 721//721 686//686 800//800
f 721//721 800//800 754//754
f 646//646 688//688 612//612
f 801//801 802//802 803//803
f 692//692 722//722 804//804
f 757//757 650//650 805//805
f 616//616 502//502 692//692
f 650//650 651//651 805//805
f 651//651 806//806 805//805
f 693//693 694//694 807//807
f 808//808 809//809 694//694
f 758//758 655//655 724//724
f 725//725 759//759 810//810
f 724//724 726//726 811//811
f 658//658 725//725 812//812
f 726//726 727//727 813//813
f 760//760 695//695 814//814
f 727//727 659//659 815//815
f 727//727 815//815 816//816
f 659//659 817//817 815//815
f 659//659 728//728 817//817
f 662//662 663//663 818//818
f 732//732 733//733 768//768
f 732//732 768//768 819//819
f 767//767 697//697 820//820
f 697//697 770//770 821//821
f 822//822 823//823 824//824
f 825//825 826//826 827//827
f 826//826 828//828 827//827
f 829//829 773//773 830//830
f 773//773 774//774 830//830
f 774//774 776//776 831//831
f 776//776 778//778 831//831
f 777//777 779//779 778//778
f 832//832 833//833 834//834
f 834//834 833//833 835//835
f 833//833 782//782 835//835
f 783//783 784//784 836//836
f 784//784 527//527 837//837
f 527//527 838//838 837//837
f 790//790 792//792 839//839
f 792//792 840//840 839//839
f 841//841 799//799 842//842
f 843//843 751//751 844//844
f 845//845 846//846 847//847
f 847//847 846//846 848//848
f 718//718 684//684 849//849
f 850//850 851//851 848//848
f 848//848 851//851 852//852
f 851//851 853//853 852//852
f 684//684 646//646 854//854
f 753//753 752//752 855//855
f 752//752 856//856 855//855
f 752//752 754//754 856//856
f 646//646 857//857 854//854
f 646//646 612//612 857//857
f 755//755 756//756 858//858
f 803//803 802//802 859//859
f 722//722 757//757 804//804
f 692//692 804//804 860//860
f 861//861 862//862 863//863
f 616//616 692//692 864//864
f 807//807 694//694 865//865
f 807//807 865//865 866//866
f 651//651 758//758 806//806
f 724//724 867//867 758//758
f 867//867 724//724 868//868
f 724//724 811//811 868//868
f 869//869 870//870 871//871
f 811//811 726//726 872//872
f 726//726 813//813 872//872
f 813//813 727//727 873//873
f 727//727 816//816 873//873
f 874//874 875//875 876//876
f 760//760 814//814 877//877
f 817//817 728//728 878//878
f 728//728 879//879 878//878
f 879//879 662//662 880//880
f 662//662 818//818 880//880
f 818//818 663//663 881//881
f 663//663 764//764 881//881
f 764//764 763//763 882//882
f 765//765 731//731 883//883
f 883//883 731//731 884//884
f 885//885 886//886 887//887
f 731//731 767//767 820//820
f 819//819 768//768 888//888
f 888//888 768//768 889//889
f 820//820 697//697 821//821
f 770//770 698//698 771//771
f 303//303 636//636 890//890
f 827//827 828//828 891//891
f 828//828 773//773 829//829
f 778//778 779//779 892//892
f 782//782 783//783 836//836
f 893//893 894//894 895//895
f 790//790 839//839 788//788
f 839//839 840//840 896//896
f 840//840 793//793 897//897
f 840//840 897//897 896//896
f 793//793 794//794 897//897
f 713//713 712//712 898//898
f 794//794 642//642 898//898
f 899//899 900//900 799//799
f 899//899 843//843 900//900
f 843//843 844//844 900//900
f 719//719 644//644 901//901
f 848//848 852//852 902//902
f 852//852 903//903 902//902
f 852//852 904//904 903//903
f 904//904 905//905 903//903
f 753//753 855//855 906//906
f 754//754 800//800 856//856
f 907//907 804//804 908//908
f 909//909 910//910 911//911
f 911//911 910//910 912//912
f 912//912 910//910 913//913
f 913//913 910//910 861//861
f 803//803 859//859 914//914
f 863//863 915//915 861//861
f 914//914 859//859 916//916
f 863//863 862//862 915//915
f 862//862 917//917 915//915
f 917//917 918//918 919//919
f 859//859 920//920 916//916
f 916//916 920//920 921//921
f 918//918 922//922 919//919
f 920//920 923//923 921//921
f 924//924 925//925 926//926
f 869//869 871//871 923//923
f 925//925 876//876 926//926
f 926//926 876//876 927//927
f 928//928 929//929 930//930
f 929//929 874//874 931//931
f 876//876 875//875 932//932
f 876//876 932//932 927//927
f 760//760 877//877 933//933
f 933//933 877//877 934//934
f 875//875 935//935 932//932
f 932//932 935//935 936//936
f 937//937 938//938 939//939
f 934//934 877//877 940//940
f 935//935 941//941 942//942
f 935//935 942//942 936//936
f 941//941 943//943 942//942
f 877//877 944//944 940//940
f 943//943 945//945 942//942
f 942//942 945//945 946//946
f 945//945 947//947 946//946
f 944//944 948//948 949//949
f 944//944 949//949 940//940
f 947//947 950//950 946//946
f 946//946 950//950 951//951
f 950//950 952//952 951//951
f 948//948 953//953 949//949
f 889//889 768//768 769//769
f 831//831 778//778 954//954
f 778//778 892//892 954//954
f 746//746 747//747 955//955
f 955//955 747//747 956//956
f 747//747 706//706 957//957
f 747//747 957//957 956//956
f 832//832 834//834 958//958
f 836//836 784//784 959//959
f 784//784 837//837 959//959
f 842//842 799//799 960//960
f 844//844 751//751 961//961
f 961//961 751//751 962//962
f 751//751 719//719 962//962
f 906//906 855//855 905//905
f 856//856 800//800 963//963
f 755//755 858//858 964//964
f 964//964 858//858 911//911
f 861//861 915//915 913//913
f 914//914 916//916 965//965
f 915//915 917//917 919//919
f 916//916 921//921 965//965
f 919//919 922//922 966//966
f 922//922 967//967 966//966
f 921//921 923//923 968//968
f 924//924 926//926 969//969
f 923//923 871//871 968//968
f 969//969 926//926 970//970
f 871//871 870//870 971//971
f 870//870 972//972 971//971
f 926//926 927//927 970//970
f 972//972 930//930 971//971
f 970//970 927//927 973//973
f 930//930 974//974 971//971
f 930//930 929//929 974//974
f 929//929 931//931 974//974
f 927//927 932//932 973//973
f 934//934 940//940 975//975
f 975//975 940//940 976//976
f 940//940 949//949 976//976
f 953//953 977//977 978//978
f 977//977 889//889 978//978
f 889//889 769//769 978//978
f 769//769 669//669 885//885
f 891//891 828//828 979//979
f 828//828 829//829 979//979
f 979//979 829//829 980//980
f 829//829 830//830 981//981
f 779//779 780//780 892//892
f 892//892 780//780 982//982
f 780//780 746//746 955//955
f 780//780 955//955 982//982
f 832//832 958//958 983//983
f 898//898 712//712 984//984
f 848//848 902//902 985//985
f 855//855 856//856 963//963
f 986//986 987//987 988//988
f 912//912 913//913 989//989
f 913//913 915//915 989//989
f 760//760 933//933 990//990
f 933//933 934//934 990//990
f 942//942 946//946 991//991
f 951//951 952//952 992//992
f 769//769 885//885 978//978
f 825//825 827//827 993//993
f 827//827 891//891 993//993
f 830//830 774//774 981//981
f 981//981 774//774 994//994
f 893//893 895//895 995//995
f 788//788 839//839 996//996
f 839//839 896//896 996//996
f 794//794 898//898 984//984
f 960//960 799//799 997//997
f 962//962 719//719 998//998
f 719//719 901//901 998//998
f 845//845 847//847 999//999
f 902//902 903//903 1000//1000
f 903//903 905//905 1000//1000
f 911//911 1001//1001 964//964
f 911//911 912//912 1001//1001
f 871//871 971//971 968//968
f 969//969 970//970 1002//1002
f 970//970 973//973 1002//1002
f 760//760 990//990 1003//1003
f 990//990 934//934 1004//1004
f 934//934 975//975 1004//1004
f 949//949 953//953 1005//1005
f 953//953 978//978 1005//1005
f 980//980 829//829 981//981
f 774//774 831//831 994//994
f 1006//1006 983//983 1007//1007
f 835//835 782//782 1008//1008
f 837//837 838//838 1009//1009
f 984//984 712//712 1010//1010
f 897//897 794//794 1011//1011
f 794//794 984//984 1011//1011
f 847//847 848//848 985//985
f 985//985 902//902 1012//1012
f 1012//1012 902//902 1000//1000
f 803//803 914//914 1013//1013
f 1013//1013 914//914 1014//1014
f 989//989 915//915 1015//1015
f 914//914 965//965 1014//1014
f 1015//1015 915//915 1016//1016
f 915//915 919//919 1016//1016
f 919//919 966//966 1016//1016
f 965//965 921//921 1017//1017
f 966//966 967//967 1018//1018
f 921//921 968//968 1017//1017
f 1019//1019 969//969 1020//1020
f 1020//1020 969//969 1021//1021
f 969//969 1002//1002 1021//1021
f 968//968 971//971 1022//1022
f 971//971 974//974 1023//1023
f 932//932 936//936 1024//1024
f 936//936 942//942 1024//1024
f 942//942 1025//1025 1024//1024
f 993//993 891//891 979//979
f 954//954 892//892 1026//1026
f 834//834 835//835 1008//1008
f 1027//1027 788//788 996//996
f 799//799 900//900 997//997
f 1000//1000 905//905 1028//1028
f 905//905 855//855 1028//1028
f 755//755 964//964 1029//1029
f 1029//1029 964//964 1030//1030
f 1001//1001 912//912 1031//1031
f 912//912 989//989 1031//1031
f 1021//1021 1002//1002 1032//1032
f 973//973 932//932 1024//1024
f 975//975 976//976 1033//1033
f 942//942 991//991 1025//1025
f 976//976 949//949 1033//1033
f 1033//1033 949//949 1005//1005
f 946//946 951//951 1034//1034
f 951//951 992//992 1034//1034
f 994//994 831//831 1035//1035
f 958//958 834//834 1036//1036
f 896//896 897//897 1037//1037
f 1037//1037 897//897 1011//1011
f 1011//1011 984//984 1038//1038
f 964//964 1001//1001 1030//1030
f 1022//1022 971//971 1023//1023
f 1002//1002 973//973 1032//1032
f 1023//1023 974//974 1039//1039
f 1004//1004 975//975 1033//1033
f 1035//1035 831//831 954//954
f 842//842 960//960 1040//1040
f 997//997 900//900 1041//1041
f 900//900 844//844 1041//1041
f 962//962 998//998 1042//1042
f 1016//1016 966//966 1043//1043
f 966//966 1018//1018 1043//1043
f 946//946 1034//1034 991//991
f 1005//1005 978//978 1044//1044
f 825//825 993//993 1045//1045
f 993//993 979//979 1046//1046
f 1047//1047 981//981 1048//1048
f 981//981 994//994 1048//1048
f 994//994 1035//1035 1048//1048
f 982//982 955//955 1049//1049
f 955//955 956//956 1049//1049
f 958//958 1036//1036 1050//1050
f 782//782 836//836 1051//1051
f 959//959 837//837 1052//1052
f 1027//1027 996//996 1053//1053
f 847//847 985//985 1054//1054
f 1012//1012 1000//1000 1055//1055
f 1000//1000 1028//1028 1055//1055
f 1056//1056 1057//1057 1058//1058
f 989//989 1015//1015 1059//1059
f 1014//1014 965//965 1060//1060
f 1015//1015 1016//1016 1061//1061
f 965//965 1017//1017 1060//1060
f 968//968 1022//1022 1062//1062
f 1063//1063 1024//1024 1025//1025
f 978//978 885//885 1044//1044
f 979//979 980//980 1064//1064
f 980//980 981//981 1047//1047
f 980//980 1047//1047 1064//1064
f 892//892 982//982 1049//1049
f 892//892 1049//1049 1026//1026
f 1049//1049 956//956 1065//1065
f 956//956 957//957 1065//1065
f 1036//1036 834//834 1008//1008
f 836//836 959//959 1052//1052
f 1037//1037 1011//1011 1066//1066
f 1066//1066 1011//1011 1038//1038
f 984//984 1010//1010 1038//1038
f 1028//1028 855//855 1067//1067
f 1059//1059 1015//1015 1061//1061
f 1017//1017 968//968 1068//1068
f 968//968 1062//1062 1068//1068
f 890//890 1069//1069 1070//1070
f 1035//1035 954//954 1071//1071
f 954//954 1026//1026 1071//1071
f 1008//1008 782//782 1072//1072
f 782//782 1051//1051 1072//1072
f 836//836 1052//1052 1051//1051
f 1014//1014 1060//1060 1013//1013
f 1020//1020 1021//1021 1073//1073
f 1021//1021 1032//1032 1074//1074
f 1021//1021 1074//1074 1073//1073
f 1063//1063 1025//1025 1075//1075
f 1034//1034 992//992 1076//1076
f 996//996 896//896 1077//1077
f 855//855 963//963 1067//1067
f 986//986 988//988 1078//1078
f 1020//1020 1073//1073 1079//1079
f 1004//1004 1033//1033 1080//1080
f 1033//1033 1081//1081 1080//1080
f 1025//1025 991//991 1075//1075
f 1033//1033 1005//1005 1081//1081
f 1081//1081 1005//1005 1082//1082
f 1082//1082 1005//1005 1083//1083
f 1005//1005 1044//1044 1083//1083
f 1049//1049 1065//1065 1084//1084
f 1052//1052 837//837 1085//1085
f 837//837 1009//1009 1085//1085
f 1053//1053 996//996 1086//1086
f 1086//1086 996//996 1077//1077
f 1066//1066 1038//1038 1087//1087
f 1038//1038 1010//1010 1087//1087
f 844//844 961//961 1088//1088
f 961//961 962//962 1088//1088
f 962//962 1042//1042 1088//1088
f 1067//1067 963//963 1089//1089
f 1030//1030 1001//1001 1090//1090
f 1078//1078 988//988 1091//1091
f 1060//1060 1017//1017 1092//1092
f 1043//1043 1018//1018 1093//1093
f 1018//1018 1094//1094 1093//1093
f 1017//1017 1068//1068 1092//1092
f 1032//1032 973//973 1095//1095
f 973//973 1024//1024 1095//1095
f 1095//1095 1024//1024 1063//1063
f 1044//1044 885//885 1096//1096
f 885//885 1097//1097 1096//1096
f 1045//1045 993//993 1098//1098
f 993//993 1046//1046 1098//1098
f 1046//1046 979//979 1099//1099
f 979//979 1064//1064 1099//1099
f 1047//1047 1048//1048 1100//1100
f 1101//1101 1006//1006 1102//1102
f 896//896 1037//1037 1077//1077
f 1087//1087 1010//1010 1103//1103
f 963//963 1104//1104 1089//1089
f 1031//1031 989//989 1105//1105
f 989//989 1059//1059 1105//1105
f 1022//1022 1023//1023 1106//1106
f 1003//1003 990//990 1107//1107
f 990//990 1004//1004 1107//1107
f 1041//1041 844//844 1108//1108
f 844//844 1088//1088 1108//1108
f 1029//1029 1030//1030 1090//1090
f 1109//1109 1013//1013 1110//1110
f 1013//1013 1060//1060 1111//1111
f 1013//1013 1111//1111 1110//1110
f 1060//1060 1092//1092 1111//1111
f 1074//1074 1032//1032 1095//1095
f 1112//1112 1081//1081 1082//1082
f 991//991 1034//1034 1113//1113
f 1113//1113 1034//1034 1114//1114
f 1064//1064 1047//1047 1115//1115
f 1115//1115 1047//1047 1100//1100
f 1052//1052 1085//1085 1116//1116
f 1077//1077 1037//1037 1117//1117
f 1037//1037 1066//1066 1117//1117
f 1054//1054 985//985 1118//1118
f 985//985 1012//1012 1118//1118
f 1090//1090 1001//1001 1119//1119
f 1001//1001 1031//1031 1119//1119
f 1061//1061 1016//1016 1120//1120
f 1062//1062 1022//1022 1121//1121
f 1023//1023 1039//1039 1106//1106
f 1080//1080 1081//1081 1112//1112
f 1075//1075 991//991 1113//1113
f 1034//1034 1076//1076 1122//1122
f 1082//1082 1083//1083 1112//1112
f 1071//1071 1026//1026 1123//1123
f 1026//1026 1049//1049 1123//1123
f 1051//1051 1052//1052 1116//1116
f 1087//1087 1103//1103 1124//1124
f 1055//1055 1028//1028 1125//1125
f 1016//1016 1043//1043 1120//1120
f 1022//1022 1106//1106 1121//1121
f 1107//1107 1004//1004 1080//1080
f 1083//1083 1044//1044 1126//1126
f 1096//1096 1097//1097 1127//1127
f 1072//1072 1051//1051 1128//1128
f 1051//1051 1116//1116 1128//1128
f 1117//1117 1066//1066 1129//1129
f 1066//1066 1087//1087 1130//1130
f 1087//1087 1124//1124 1130//1130
f 1042//1042 998//998 1131//1131
f 998//998 901//901 1131//1131
f 1028//1028 1067//1067 1125//1125
f 1003//1003 1107//1107 1132//1132
f 1106//1106 1039//1039 1133//1133
f 1095//1095 1063//1063 1134//1134
f 1133//1133 1039//1039 1135//1135
f 1112//1112 1083//1083 1136//1136
f 1100//1100 1048//1048 1137//1137
f 1048//1048 1035//1035 1138//1138
f 1035//1035 1071//1071 1138//1138
f 1065//1065 957//957 1139//1139
f 1036//1036 1008//1008 1140//1140
f 1129//1129 1066//1066 1130//1130
f 1125//1125 1067//1067 1141//1141
f 1067//1067 1089//1089 1141//1141
f 1112//1112 1136//1136 1142//1142
f 1050//1050 1036//1036 1140//1140
f 1041//1041 1108//1108 1143//1143
f 1108//1108 1088//1088 1144//1144
f 1088//1088 1042//1042 1144//1144
f 1063//1063 1075//1075 1145//1145
f 1080//1080 1112//1112 1146//1146
f 1080//1080 1146//1146 1147//1147
f 1148//1148 1149//1149 1150//1150
f 1138//1138 1071//1071 1151//1151
f 1084//1084 1065//1065 1152//1152
f 1116//1116 1085//1085 1153//1153
f 1085//1085 1009//1009 1153//1153
f 1124//1124 1103//1103 1154//1154
f 960//960 997//997 1155//1155
f 997//997 1041//1041 1156//1156
f 1109//1109 1110//1110 1157//1157
f 1120//1120 1043//1043 1158//1158
f 1043//1043 1093//1093 1158//1158
f 1134//1134 1063//1063 1145//1145
f 1107//1107 1080//1080 1147//1147
f 1075//1075 1113//1113 1159//1159
f 1034//1034 1122//1122 1160//1160
f 1126//1126 1044//1044 1096//1096
f 1098//1098 1046//1046 1161//1161
f 1046//1046 1099//1099 1161//1161
f 1161//1161 1099//1099 1162//1162
f 1099//1099 1064//1064 1162//1162
f 1071//1071 1123//1123 1151//1151
f 1049//1049 1084//1084 1152//1152
f 1129//1129 1130//1130 1163//1163
f 1042//1042 1131//1131 1164//1164
f 1089//1089 1104//1104 1165//1165
f 1157//1157 1110//1110 1166//1166
f 1110//1110 1111//1111 1166//1166
f 1166//1166 1111//1111 1167//1167
f 1111//1111 1092//1092 1167//1167
f 1079//1079 1073//1073 1168//1168
f 1073//1073 1074//1074 1168//1168
f 1107//1107 1147//1147 1169//1169
f 1145//1145 1075//1075 1159//1159
f 1114//1114 1034//1034 1170//1170
f 1034//1034 1160//1160 1170//1170
f 1126//1126 1096//1096 1127//1127
f 1097//1097 1171//1171 1172//1172
f 1048//1048 1138//1138 1137//1137
f 1152//1152 1065//1065 1173//1173
f 1065//1065 1139//1139 1173//1173
f 1174//1174 1102//1102 1175//1175
f 1008//1008 1072//1072 1140//1140
f 1053//1053 1086//1086 1176//1176
f 1040//1040 960//960 1155//1155
f 1042//1042 1164//1164 1144//1144
f 1012//1012 1055//1055 1177//1177
f 1029//1029 1090//1090 1178//1178
f 1119//1119 1031//1031 1179//1179
f 1031//1031 1105//1105 1179//1179
f 1064//1064 1115//1115 1162//1162
f 1050//1050 1140//1140 1180//1180
f 1086//1086 1077//1077 1181//1181
f 1077//1077 1117//1117 1181//1181
f 1163//1163 1130//1130 1182//1182
f 1130//1130 1124//1124 1183//1183
f 1130//1130 1183//1183 1182//1182
f 1124//1124 1154//1154 1183//1183
f 1118//1118 1012//1012 1177//1177
f 1125//1125 1141//1141 1184//1184
f 1029//1029 1178//1178 1185//1185
f 1167//1167 1092//1092 1186//1186
f 1092//1092 1068//1068 1186//1186
f 1134//1134 1187//1187 1074//1074
f 1134//1134 1145//1145 1187//1187
f 1100//1100 1137//1137 1115//1115
f 1151//1151 1123//1123 1188//1188
f 1123//1123 1049//1049 1189//1189
f 1049//1049 1152//1152 1189//1189
f 1181//1181 1117//1117 1190//1190
f 1117//1117 1129//1129 1163//1163
f 1117//1117 1163//1163 1190//1190
f 1155//1155 997//997 1156//1156
f 1191//1191 1054//1054 1118//1118
f 1178//1178 1090//1090 1192//1192
f 1168//1168 1074//1074 1193//1193
f 1169//1169 1147//1147 1194//1194
f 1147//1147 1146//1146 1195//1195
f 1147//1147 1195//1195 1194//1194
f 1146//1146 1136//1136 1195//1195
f 1195//1195 1136//1136 1196//1196
f 1136//1136 1083//1083 1196//1196
f 1127//1127 1097//1097 1197//1197
f 1123//1123 1189//1189 1198//1198
f 1072//1072 1128//1128 1199//1199
f 1116//1116 1153//1153 1200//1200
f 1086//1086 1181//1181 1176//1176
f 1041//1041 1143//1143 1156//1156
f 1141//1141 1089//1089 1201//1201
f 1089//1089 1165//1165 1202//1202
f 1059//1059 1061//1061 1203//1203
f 1079//1079 1168//1168 1204//1204
f 1121//1121 1106//1106 1205//1205
f 1206//1206 1195//1195 1196//1196
f 1197//1197 1097//1097 1207//1207
f 1128//1128 1116//1116 1208//1208
f 1116//1116 1200//1200 1208//1208
f 1131//1131 901//901 1209//1209
f 1055//1055 1125//1125 1210//1210
f 1125//1125 1184//1184 1210//1210
f 1090//1090 1119//1119 1192//1192
f 1158//1158 1093//1093 1211//1211
f 1068//1068 1062//1062 1212//1212
f 1193//1193 1074//1074 1187//1187
f 1106//1106 1133//1133 1213//1213
f 1194//1194 1195//1195 1206//1206
f 1113//1113 1114//1114 1214//1214
f 1114//1114 1170//1170 1214//1214
f 1170//1170 1160//1160 1215//1215
f 1148//1148 1150//1150 1216//1216
f 1217//1217 1218//1218 1219//1219
f 1123//1123 1198//1198 1188//1188
f 1128//1128 1208//1208 1199//1199
f 1053//1053 1176//1176 1220//1220
f 1143//1143 1108//1108 1221//1221
f 1108//1108 1144//1144 1221//1221
f 1144//1144 1164//1164 1222//1222
f 1177//1177 1055//1055 1223//1223
f 1089//1089 1202//1202 1201//1201
f 1105//1105 1059//1059 1224//1224
f 1059//1059 1203//1203 1224//1224
f 1212//1212 1062//1062 1205//1205
f 1062//1062 1121//1121 1205//1205
f 1217//1217 1219//1219 1225//1225
f 1161//1161 1162//1162 1226//1226
f 1221//1221 1144//1144 1222//1222
f 1164//1164 1131//1131 1227//1227
f 1131//1131 1209//1209 1227//1227
f 1186//1186 1068//1068 1228//1228
f 1068//1068 1212//1212 1228//1228
f 1205//1205 1106//1106 1213//1213
f 1206//1206 1196//1196 1229//1229
f 1196//1196 1083//1083 1229//1229
f 1230//1230 1127//1127 1197//1197
f 1045//1045 1098//1098 1231//1231
f 1098//1098 1161//1161 1231//1231
f 1162//1162 1115//1115 1232//1232
f 1115//1115 1137//1137 1232//1232
f 1163//1163 1182//1182 1233//1233
f 1061//1061 1120//1120 1203//1203
f 1187//1187 1145//1145 1234//1234
f 1206//1206 1229//1229 1235//1235
f 1126//1126 1127//1127 1230//1230
f 1189//1189 1152//1152 1236//1236
f 1152//1152 1173//1173 1236//1236
f 1190//1190 1163//1163 1233//1233
f 1183//1183 1154//1154 1237//1237
f 1040//1040 1155//1155 1238//1238
f 1222//1222 1164//1164 1239//1239
f 1164//1164 1227//1227 1239//1239
f 1192//1192 1119//1119 1240//1240
f 1119//1119 1179//1179 1240//1240
f 1179//1179 1105//1105 1241//1241
f 1157//1157 1166//1166 1242//1242
f 1242//1242 1166//1166 1243//1243
f 1105//1105 1224//1224 1241//1241
f 1166//1166 1167//1167 1243//1243
f 1193//1193 1187//1187 1244//1244
f 1187//1187 1234//1234 1244//1244
f 1170//1170 1215//1215 1245//1245
f 1083//1083 1126//1126 1229//1229
f 1162//1162 1232//1232 1226//1226
f 1151//1151 1188//1188 1246//1246
f 1173//1173 1139//1139 1247//1247
f 1248//1248 1140//1140 1072//1072
f 1208//1208 1200//1200 1249//1249
f 1192//1192 1240//1240 1250//1250
f 1243//1243 1167//1167 1251//1251
f 1167//1167 1186//1186 1251//1251
f 1204//1204 1168//1168 1252//1252
f 1168//1168 1193//1193 1244//1244
f 1168//1168 1244//1244 1252//1252
f 1253//1253 1254//1254 1255//1255
f 1213//1213 1133//1133 1256//1256
f 1256//1256 1133//1133 1257//1257
f 1169//1169 1194//1194 1258//1258
f 1194//1194 1206//1206 1235//1235
f 1159//1159 1113//1113 1259//1259
f 1113//1113 1214//1214 1259//1259
f 1214//1214 1170//1170 1260//1260
f 1170//1170 1245//1245 1260//1260
f 1246//1246 1188//1188 1198//1198
f 1180//1180 1140//1140 1248//1248
f 1180//1180 1248//1248 1261//1261
f 1199//1199 1208//1208 1262//1262
f 1156//1156 1143//1143 1263//1263
f 1191//1191 1118//1118 1264//1264
f 1120//1120 1158//1158 1265//1265
f 1158//1158 1211//1211 1265//1265
f 1133//1133 1135//1135 1257//1257
f 1266//1266 1145//1145 1159//1159
f 1232//1232 1137//1137 1267//1267
f 1181//1181 1190//1190 1268//1268
f 1233//1233 1182//1182 1269//1269
f 1182//1182 1183//1183 1269//1269
f 1234//1234 1145//1145 1266//1266
f 1257//1257 1135//1135 1270//1270
f 1259//1259 1214//1214 1271//1271
f 1214//1214 1260//1260 1271//1271
f 1138//1138 1151//1151 1246//1246
f 1072//1072 1199//1199 1272//1272
f 1199//1199 1262//1262 1272//1272
f 1249//1249 1200//1200 1273//1273
f 1274//1274 1143//1143 1221//1221
f 1055//1055 1210//1210 1223//1223
f 1275//1275 1276//1276 1277//1277
f 1203//1203 1120//1120 1265//1265
f 1258//1258 1194//1194 1278//1278
f 1194//1194 1235//1235 1278//1278
f 1278//1278 1235//1235 1279//1279
f 1197//1197 1207//1207 1230//1230
f 1045//1045 1231//1231 1280//1280
f 1231//1231 1161//1161 1281//1281
f 1161//1161 1226//1226 1281//1281
f 1137//1137 1138//1138 1267//1267
f 1138//1138 1246//1246 1282//1282
f 1247//1247 1139//1139 1283//1283
f 1208//1208 1249//1249 1284//1284
f 1285//1285 1176//1176 1181//1181
f 1118//1118 1177//1177 1286//1286
f 1251//1251 1186//1186 1287//1287
f 1186//1186 1228//1228 1287//1287
f 1244//1244 1234//1234 1288//1288
f 1235//1235 1229//1229 1289//1289
f 1267//1267 1138//1138 1282//1282
f 1198//1198 1189//1189 1290//1290
f 1189//1189 1236//1236 1290//1290
f 1208//1208 1284//1284 1262//1262
f 1204//1204 1252//1252 1291//1291
f 1173//1173 1247//1247 1236//1236
f 1220//1220 1176//1176 1285//1285
f 1233//1233 1269//1269 1292//1292
f 1274//1274 1221//1221 1293//1293
f 1221//1221 1222//1222 1293//1293
f 1250//1250 1240//1240 1294//1294
f 1242//1242 1243//1243 1295//1295
f 1243//1243 1251//1251 1295//1295
f 1295//1295 1251//1251 1296//1296
f 1251//1251 1287//1287 1296//1296
f 1288//1288 1234//1234 1297//1297
f 1234//1234 1266//1266 1297//1297
f 1258//1258 1278//1278 1298//1298
f 1235//1235 1289//1289 1299//1299
f 1230//1230 1207//1207 1300//1300
f 1282//1282 1246//1246 1301//1301
f 1246//1246 1302//1302 1301//1301
f 1072//1072 1272//1272 1303//1303
f 1190//1190 1233//1233 1292//1292
f 1269//1269 1183//1183 1304//1304
f 1183//1183 1237//1237 1304//1304
f 1156//1156 1263//1263 1305//1305
f 1293//1293 1222//1222 1306//1306
f 1306//1306 1222//1222 1239//1239
f 1118//1118 1286//1286 1264//1264
f 1232//1232 1267//1267 1307//1307
f 1267//1267 1282//1282 1307//1307
f 1248//1248 1072//1072 1303//1303
f 1285//1285 1181//1181 1308//1308
f 1181//1181 1268//1268 1308//1308
f 1275//1275 1277//1277 1309//1309
f 1252//1252 1244//1244 1310//1310
f 1244//1244 1288//1288 1310//1310
f 1238//1238 1155//1155 1311//1311
f 1155//1155 1156//1156 1305//1305
f 1306//1306 1239//1239 1312//1312
f 1239//1239 1227//1227 1312//1312
f 1141//1141 1201//1201 1313//1313
f 1294//1294 1240//1240 1314//1314
f 1240//1240 1179//1179 1314//1314
f 1242//1242 1295//1295 1315//1315
f 1241//1241 1224//1224 1316//1316
f 1224//1224 1203//1203 1316//1316
f 1291//1291 1252//1252 1317//1317
f 1252//1252 1310//1310 1317//1317
f 1205//1205 1213//1213 1256//1256
f 1271//1271 1260//1260 1318//1318
f 1289//1289 1229//1229 1319//1319
f 1126//1126 1230//1230 1320//1320
f 1198//1198 1290//1290 1321//1321
f 1261//1261 1248//1248 1322//1322
f 1265//1265 1211//1211 1323//1323
f 1278//1278 1279//1279 1324//1324
f 1279//1279 1289//1289 1324//1324
f 1324//1324 1289//1289 1319//1319
f 1230//1230 1300//1300 1325//1325
f 1246//1246 1198//1198 1302//1302
f 1272//1272 1262//1262 1326//1326
f 1262//1262 1284//1284 1327//1327
f 1262//1262 1327//1327 1326//1326
f 1284//1284 1249//1249 1327//1327
f 1220//1220 1285//1285 1328//1328
f 1268//1268 1190//1190 1329//1329
f 1190//1190 1292//1292 1329//1329
f 1329//1329 1292//1292 1330//1330
f 1292//1292 1269//1269 1330//1330
f 1305//1305 1263//1263 1331//1331
f 1332//1332 1324//1324 1319//1319
f 1229//1229 1126//1126 1319//1319
f 1230//1230 1325//1325 1320//1320
f 1225//1225 1219//1219 1333//1333
f 1290//1290 1236//1236 1334//1334
f 1286//1286 1177//1177 1335//1335
f 1177//1177 1223//1223 1335//1335
f 1184//1184 1141//1141 1313//1313
f 1185//1185 1178//1178 1294//1294
f 1265//1265 1323//1323 1336//1336
f 1288//1288 1297//1297 1310//1310
f 1256//1256 1257//1257 1337//1337
f 1159//1159 1259//1259 1266//1266
f 1281//1281 1226//1226 1338//1338
f 1226//1226 1232//1232 1338//1338
f 1321//1321 1290//1290 1334//1334
f 1236//1236 1247//1247 1334//1334
f 1274//1274 1293//1293 1339//1339
f 1293//1293 1306//1306 1339//1339
f 1227//1227 1209//1209 1340//1340
f 1264//1264 1286//1286 1341//1341
f 1313//1313 1201//1201 1202//1202
f 1287//1287 1228//1228 1342//1342
f 1228//1228 1212//1212 1342//1342
f 1259//1259 1271//1271 1343//1343
f 1333//1333 1219//1219 1344//1344
f 1307//1307 1282//1282 1345//1345
f 1302//1302 1198//1198 1321//1321
f 1334//1334 1247//1247 1346//1346
f 1247//1247 1283//1283 1346//1346
f 1330//1330 1269//1269 1347//1347
f 1269//1269 1304//1304 1348//1348
f 1269//1269 1348//1348 1347//1347
f 1304//1304 1237//1237 1348//1348
f 1311//1311 1155//1155 1305//1305
f 1339//1339 1306//1306 1349//1349
f 1306//1306 1312//1312 1349//1349
f 1264//1264 1341//1341 1350//1350
f 1314//1314 1179//1179 1351//1351
f 1179//1179 1241//1241 1351//1351
f 1297//1297 1266//1266 1352//1352
f 1266//1266 1259//1259 1353//1353
f 1271//1271 1318//1318 1343//1343
f 1332//1332 1319//1319 1354//1354
f 1185//1185 1294//1294 1355//1355
f 1295//1295 1296//1296 1356//1356
f 1203//1203 1265//1265 1357//1357
f 1296//1296 1287//1287 1356//1356
f 1205//1205 1256//1256 1358//1358
f 1310//1310 1297//1297 1359//1359
f 1297//1297 1352//1352 1359//1359
f 1278//1278 1324//1324 1360//1360
f 1126//1126 1320//1320 1361//1361
f 1231//1231 1281//1281 1362//1362
f 1281//1281 1338//1338 1362//1362
f 1338//1338 1232//1232 1363//1363
f 1232//1232 1307//1307 1363//1363
f 1346//1346 1283//1283 1364//1364
f 1317//1317 1310//1310 1365//1365
f 1212//1212 1358//1358 1366//1366
f 1212//1212 1205//1205 1358//1358
f 1310//1310 1359//1359 1367//1367
f 1319//1319 1126//1126 1361//1361
f 1307//1307 1345//1345 1363//1363
f 1345//1345 1282//1282 1301//1301
f 1302//1302 1321//1321 1368//1368
f 1357//1357 1265//1265 1369//1369
f 1265//1265 1336//1336 1369//1369
f 1342//1342 1212//1212 1366//1366
f 1298//1298 1278//1278 1370//1370
f 1298//1298 1370//1370 1371//1371
f 1370//1370 1278//1278 1360//1360
f 1352//1352 1266//1266 1353//1353
f 1319//1319 1361//1361 1354//1354
f 1303//1303 1272//1272 1372//1372
f 1327//1327 1249//1249 1373//1373
f 1249//1249 1273//1273 1373//1373
f 1373//1373 1273//1273 1374//1374
f 1223//1223 1210//1210 1375//1375
f 1315//1315 1295//1295 1376//1376
f 1295//1295 1356//1356 1376//1376
f 1356//1356 1287//1287 1377//1377
f 1287//1287 1342//1342 1377//1377
f 1334//1334 1346//1346 1378//1378
f 1248//1248 1303//1303 1372//1372
f 1330//1330 1347//1347 1329//1329
f 1312//1312 1227//1227 1379//1379
f 1227//1227 1340//1340 1379//1379
f 1341//1341 1286//1286 1380//1380
f 1291//1291 1317//1317 1381//1381
f 1353//1353 1259//1259 1382//1382
f 1259//1259 1343//1343 1382//1382
f 1280//1280 1231//1231 1383//1383
f 1231//1231 1362//1362 1383//1383
f 1326//1326 1327//1327 1384//1384
f 1328//1328 1285//1285 1385//1385
f 1285//1285 1308//1308 1385//1385
f 1339//1339 1349//1349 1386//1386
f 1349//1349 1312//1312 1386//1386
f 1351//1351 1241//1241 1387//1387
f 1241//1241 1316//1316 1387//1387
f 1388//1388 1389//1389 1390//1390
f 1391//1391 1392//1392 1393//1393
f 1280//1280 1383//1383 1394//1394
f 1301//1301 1302//1302 1395//1395
f 1368//1368 1321//1321 1396//1396
f 1321//1321 1334//1334 1396//1396
f 1322//1322 1248//1248 1397//1397
f 1248//1248 1372//1372 1397//1397
f 1268//1268 1329//1329 1398//1398
f 1274//1274 1339//1339 1399//1399
f 1286//1286 1335//1335 1380//1380
f 1210//1210 1184//1184 1400//1400
f 1184//1184 1313//1313 1400//1400
f 1313//1313 1202//1202 1401//1401
f 1316//1316 1203//1203 1357//1357
f 1358//1358 1256//1256 1402//1402
f 1367//1367 1359//1359 1403//1403
f 1360//1360 1332//1332 1404//1404
f 1332//1332 1354//1354 1404//1404
f 1320//1320 1405//1405 1406//1406
f 1320//1320 1325//1325 1405//1405
f 1362//1362 1338//1338 1407//1407
f 1338//1338 1363//1363 1407//1407
f 1396//1396 1334//1334 1408//1408
f 1334//1334 1378//1378 1408//1408
f 1322//1322 1397//1397 1409//1409
f 1327//1327 1373//1373 1384//1384
f 1305//1305 1331//1331 1410//1410
f 1375//1375 1210//1210 1411//1411
f 1210//1210 1400//1400 1411//1411
f 1355//1355 1294//1294 1412//1412
f 1294//1294 1314//1314 1413//1413
f 1315//1315 1376//1376 1414//1414
f 1376//1376 1356//1356 1414//1414
f 1361//1361 1320//1320 1406//1406
f 1308//1308 1268//1268 1385//1385
f 1268//1268 1398//1398 1385//1385
f 1398//1398 1329//1329 1415//1415
f 1329//1329 1416//1416 1415//1415
f 1329//1329 1347//1347 1416//1416
f 1311//1311 1305//1305 1417//1417
f 1400//1400 1313//1313 1418//1418
f 1313//1313 1401//1401 1418//1418
f 1315//1315 1414//1414 1419//1419
f 1356//1356 1377//1377 1420//1420
f 1377//1377 1342//1342 1420//1420
f 1317//1317 1365//1365 1421//1421
f 1359//1359 1352//1352 1403//1403
f 1407//1407 1363//1363 1422//1422
f 1301//1301 1395//1395 1423//1423
f 1302//1302 1368//1368 1395//1395
f 1348//1348 1237//1237 1424//1424
f 1350//1350 1341//1341 1425//1425
f 1341//1341 1380//1380 1426//1426
f 1380//1380 1427//1427 1426//1426
f 1401//1401 1202//1202 1428//1428
f 1202//1202 1165//1165 1428//1428
f 1367//1367 1403//1403 1421//1421
f 1403//1403 1352//1352 1429//1429
f 1352//1352 1353//1353 1429//1429
f 1404//1404 1354//1354 1430//1430
f 1363//1363 1345//1345 1431//1431
f 1431//1431 1345//1345 1432//1432
f 1345//1345 1301//1301 1432//1432
f 1378//1378 1346//1346 1433//1433
f 1346//1346 1364//1364 1433//1433
f 1272//1272 1326//1326 1434//1434
f 1326//1326 1384//1384 1434//1434
f 1373//1373 1374//1374 1435//1435
f 1347//1347 1348//1348 1436//1436
f 1348//1348 1424//1424 1436//1436
f 1399//1399 1339//1339 1437//1437
f 1339//1339 1386//1386 1437//1437
f 1336//1336 1323//1323 1438//1438
f 1381//1381 1317//1317 1439//1439
f 1317//1317 1421//1421 1439//1439
f 1402//1402 1256//1256 1440//1440
f 1256//1256 1337//1337 1440//1440
f 1354//1354 1361//1361 1430//1430
f 1325//1325 1300//1300 1441//1441
f 1333//1333 1344//1344 1442//1442
f 1442//1442 1344//1344 1443//1443
f 1422//1422 1363//1363 1431//1431
f 1301//1301 1423//1423 1432//1432
f 1384//1384 1373//1373 1444//1444
f 1373//1373 1435//1435 1444//1444
f 1416//1416 1347//1347 1445//1445
f 1347//1347 1436//1436 1445//1445
f 1425//1425 1341//1341 1426//1426
f 1380//1380 1335//1335 1427//1427
f 1335//1335 1223//1223 1375//1375
f 1294//1294 1413//1413 1412//1412
f 1369//1369 1336//1336 1438//1438
f 1420//1420 1342//1342 1446//1446
f 1342//1342 1366//1366 1446//1446
f 1366//1366 1358//1358 1447//1447
f 1370//1370 1360//1360 1448//1448
f 1382//1382 1343//1343 1449//1449
f 1343//1343 1318//1318 1449//1449
f 1328//1328 1385//1385 1450//1450
f 1355//1355 1412//1412 1451//1451
f 1314//1314 1351//1351 1452//1452
f 1351//1351 1387//1387 1452//1452
f 1414//1414 1356//1356 1453//1453
f 1356//1356 1420//1420 1453//1453
f 1446//1446 1366//1366 1447//1447
f 1421//1421 1403//1403 1454//1454
f 1440//1440 1337//1337 1455//1455
f 1372//1372 1272//1272 1456//1456
f 1272//1272 1434//1434 1456//1456
f 1457//1457 1439//1439 1421//1421
f 1371//1371 1370//1370 1458//1458
f 1370//1370 1448//1448 1458//1458
f 1423//1423 1395//1395 1459//1459
f 1368//1368 1396//1396 1460//1460
f 1417//1417 1305//1305 1410//1410
f 1386//1386 1312//1312 1461//1461
f 1312//1312 1379//1379 1461//1461
f 1449//1449 1318//1318 1462//1462
f 1395//1395 1368//1368 1459//1459
f 1433//1433 1364//1364 1463//1463
f 1409//1409 1397//1397 1464//1464
f 1434//1434 1384//1384 1465//1465
f 1384//1384 1444//1444 1465//1465
f 1415//1415 1416//1416 1466//1466
f 1416//1416 1445//1445 1466//1466
f 1375//1375 1411//1411 1467//1467
f 1316//1316 1357//1357 1387//1387
f 1391//1391 1393//1393 1468//1468
f 1362//1362 1407//1407 1422//1422
f 1396//1396 1408//1408 1460//1460
f 1408//1408 1378//1378 1469//1469
f 1378//1378 1433//1433 1469//1469
f 1413//1413 1314//1314 1470//1470
f 1314//1314 1452//1452 1470//1470
f 1419//1419 1414//1414 1471//1471
f 1471//1471 1414//1414 1472//1472
f 1414//1414 1453//1453 1472//1472
f 1381//1381 1439//1439 1473//1473
f 1454//1454 1403//1403 1474//1474
f 1403//1403 1429//1429 1474//1474
f 1464//1464 1397//1397 1475//1475
f 1397//1397 1372//1372 1456//1456
f 1450//1450 1385//1385 1476//1476
f 1476//1476 1385//1385 1477//1477
f 1410//1410 1331//1331 1478//1478
f 1437//1437 1386//1386 1479//1479
f 1350//1350 1425//1425 1480//1480
f 1427//1427 1335//1335 1481//1481
f 1335//1335 1375//1375 1481//1481
f 1387//1387 1357//1357 1482//1482
f 1457//1457 1421//1421 1454//1454
f 1430//1430 1361//1361 1483//1483
f 1361//1361 1406//1406 1483//1483
f 1405//1405 1484//1484 1406//1406
f 1405//1405 1485//1485 1484//1484
f 1405//1405 1325//1325 1485//1485
f 1325//1325 1441//1441 1485//1485
f 1383//1383 1362//1362 1486//1486
f 1459//1459 1368//1368 1487//1487
f 1368//1368 1460//1460 1487//1487
f 1469//1469 1433//1433 1463//1463
f 1475//1475 1397//1397 1488//1488
f 1397//1397 1456//1456 1488//1488
f 1456//1456 1434//1434 1489//1489
f 1385//1385 1398//1398 1477//1477
f 1398//1398 1415//1415 1490//1490
f 1417//1417 1410//1410 1491//1491
f 1410//1410 1478//1478 1492//1492
f 1386//1386 1461//1461 1479//1479
f 1451//1451 1412//1412 1493//1493
f 1357//1357 1369//1369 1482//1482
f 1381//1381 1473//1473 1494//1494
f 1447//1447 1358//1358 1495//1495
f 1358//1358 1402//1402 1495//1495
f 1371//1371 1458//1458 1496//1496
f 1360//1360 1404//1404 1448//1448
f 1485//1485 1441//1441 1497//1497
f 1442//1442 1443//1443 1498//1498
f 1486//1486 1362//1362 1499//1499
f 1362//1362 1422//1422 1499//1499
f 1500//1500 1501//1501 1502//1502
f 1398//1398 1503//1503 1477//1477
f 1398//1398 1490//1490 1503//1503
f 1466//1466 1445//1445 1504//1504
f 1445//1445 1436//1436 1504//1504
f 1426//1426 1427//1427 1505//1505
f 1375//1375 1467//1467 1481//1481
f 1412//1412 1413//1413 1506//1506
f 1412//1412 1506//1506 1507//1507
f 1413//1413 1470//1470 1506//1506
f 1438//1438 1323//1323 1508//1508
f 1422//1422 1431//1431 1509//1509
f 1431//1431 1432//1432 1509//1509
f 1434//1434 1465//1465 1489//1489
f 1465//1465 1444//1444 1510//1510
f 1444//1444 1435//1435 1510//1510
f 1511//1511 1500//1500 1502//1502
f 1457//1457 1454//1454 1512//1512
f 1454//1454 1474//1474 1513//1513
f 1440//1440 1455//1455 1514//1514
f 1404//1404 1430//1430 1515//1515
f 1430//1430 1483//1483 1515//1515
f 1498//1498 1443//1443 1516//1516
f 1459//1459 1487//1487 1517//1517
f 1487//1487 1460//1460 1518//1518
f 1460//1460 1408//1408 1519//1519
f 1460//1460 1519//1519 1518//1518
f 1408//1408 1469//1469 1519//1519
f 1510//1510 1435//1435 1520//1520
f 1505//1505 1427//1427 1481//1481
f 1482//1482 1369//1369 1521//1521
f 1369//1369 1438//1438 1521//1521
f 1423//1423 1459//1459 1522//1522
f 1523//1523 1464//1464 1524//1524
f 1436//1436 1424//1424 1525//1525
f 1491//1491 1410//1410 1492//1492
f 1479//1479 1461//1461 1526//1526
f 1461//1461 1379//1379 1526//1526
f 1425//1425 1426//1426 1527//1527
f 1426//1426 1505//1505 1527//1527
f 1411//1411 1400//1400 1528//1528
f 1400//1400 1418//1418 1528//1528
f 1452//1452 1387//1387 1529//1529
f 1471//1471 1472//1472 1530//1530
f 1472//1472 1453//1453 1530//1530
f 1494//1494 1473//1473 1531//1531
f 1454//1454 1513//1513 1512//1512
f 1429//1429 1353//1353 1532//1532
f 1448//1448 1404//1404 1533//1533
f 1404//1404 1515//1515 1533//1533
f 1422//1422 1509//1509 1534//1534
f 1522//1522 1459//1459 1535//1535
f 1459//1459 1517//1517 1535//1535
f 1475//1475 1488//1488 1536//1536
f 1490//1490 1415//1415 1537//1537
f 1415//1415 1466//1466 1537//1537
f 1530//1530 1453//1453 1538//1538
f 1453//1453 1420//1420 1538//1538
f 1474//1474 1429//1429 1513//1513
f 1513//1513 1429//1429 1539//1539
f 1498//1498 1516//1516 1540//1540
f 1432//1432 1522//1522 1509//1509
f 1489//1489 1465//1465 1541//1541
f 1379//1379 1340//1340 1542//1542
f 1418//1418 1401//1401 1543//1543
f 1401//1401 1428//1428 1544//1544
f 1401//1401 1544//1544 1543//1543
f 1428//1428 1545//1545 1544//1544
f 1458//1458 1448//1448 1546//1546
f 1449//1449 1462//1462 1547//1547
f 1483//1483 1406//1406 1548//1548
f 1518//1518 1519//1519 1549//1549
f 1519//1519 1469//1469 1549//1549
f 1456//1456 1489//1489 1550//1550
f 1489//1489 1541//1541 1550//1550
f 1511//1511 1551//1551 1552//1552
f 1466//1466 1504//1504 1537//1537
f 1506//1506 1470//1470 1553//1553
f 1470//1470 1452//1452 1553//1553
f 1529//1529 1387//1387 1554//1554
f 1387//1387 1482//1482 1554//1554
f 1353//1353 1382//1382 1532//1532
f 1448//1448 1533//1533 1546//1546
f 1406//1406 1484//1484 1555//1555
f 1406//1406 1555//1555 1548//1548
f 1487//1487 1518//1518 1556//1556
f 1469//1469 1463//1463 1557//1557
f 1541//1541 1465//1465 1558//1558
f 1465//1465 1510//1510 1558//1558
f 1450//1450 1476//1476 1559//1559
f 1437//1437 1479//1479 1560//1560
f 1479//1479 1526//1526 1560//1560
f 1526//1526 1379//1379 1561//1561
f 1379//1379 1542//1542 1561//1561
f 1480//1480 1425//1425 1562//1562
f 1505//1505 1481//1481 1527//1527
f 1481//1481 1467//1467 1563//1563
f 1496//1496 1458//1458 1564//1564
f 1458//1458 1546//1546 1564//1564
f 1499//1499 1422//1422 1565//1565
f 1517//1517 1487//1487 1556//1556
f 1469//1469 1557//1557 1549//1549
f 1552//1552 1551//1551 1566//1566
f 1504//1504 1436//1436 1525//1525
f 1467//1467 1411//1411 1563//1563
f 1563//1563 1411//1411 1567//1567
f 1411//1411 1528//1528 1567//1567
f 1382//1382 1449//1449 1532//1532
f 1449//1449 1547//1547 1568//1568
f 1484//1484 1485//1485 1569//1569
f 1485//1485 1497//1497 1570//1570
f 1422//1422 1534//1534 1565//1565
f 1536//1536 1488//1488 1571//1571
f 1488//1488 1456//1456 1572//1572
f 1488//1488 1572//1572 1571//1571
f 1562//1562 1425//1425 1573//1573
f 1425//1425 1527//1527 1573//1573
f 1538//1538 1420//1420 1574//1574
f 1420//1420 1446//1446 1574//1574
f 1429//1429 1532//1532 1539//1539
f 1572//1572 1456//1456 1575//1575
f 1456//1456 1550//1550 1575//1575
f 1507//1507 1506//1506 1576//1576
f 1506//1506 1553//1553 1576//1576
f 1553//1553 1452//1452 1577//1577
f 1452//1452 1529//1529 1577//1577
f 1574//1574 1446//1446 1578//1578
f 1446//1446 1447//1447 1578//1578
f 1496//1496 1564//1564 1579//1579
f 1486//1486 1499//1499 1580//1580
f 1534//1534 1509//1509 1581//1581
f 1509//1509 1522//1522 1582//1582
f 1510//1510 1520//1520 1583//1583
f 1503//1503 1490//1490 1584//1584
f 1521//1521 1438//1438 1585//1585
f 1438//1438 1508//1508 1585//1585
f 1495//1495 1402//1402 1586//1586
f 1402//1402 1440//1440 1586//1586
f 1522//1522 1535//1535 1587//1587
f 1535//1535 1517//1517 1587//1587
f 1587//1587 1517//1517 1588//1588
f 1517//1517 1556//1556 1588//1588
f 1589//1589 1590//1590 1591//1591
f 1399//1399 1437//1437 1592//1592
f 1437//1437 1560//1560 1592//1592
f 1560//1560 1526//1526 1593//1593
f 1526//1526 1561//1561 1593//1593
f 1528//1528 1418//1418 1594//1594
f 1418//1418 1543//1543 1594//1594
f 1451//1451 1493//1493 1595//1595
f 1494//1494 1531//1531 1596//1596
f 1597//1597 1512//1512 1598//1598
f 1512//1512 1513//1513 1598//1598
f 1485//1485 1570//1570 1569//1569
f 1522//1522 1587//1587 1582//1582
f 1509//1509 1582//1582 1581//1581
f 1549//1549 1557//1557 1599//1599
f 1599//1599 1557//1557 1600//1600
f 1584//1584 1490//1490 1601//1601
f 1490//1490 1537//1537 1601//1601
f 1591//1591 1590//1590 1602//1602
f 1491//1491 1492//1492 1603//1603
f 1604//1604 1399//1399 1605//1605
f 1471//1471 1530//1530 1606//1606
f 1471//1471 1606//1606 1607//1607
f 1530//1530 1538//1538 1606//1606
f 1578//1578 1447//1447 1608//1608
f 1440//1440 1514//1514 1609//1609
f 1564//1564 1546//1546 1610//1610
f 1533//1533 1515//1515 1611//1611
f 1484//1484 1569//1569 1555//1555
f 1447//1447 1495//1495 1608//1608
f 1579//1579 1564//1564 1612//1612
f 1564//1564 1610//1610 1612//1612
f 1546//1546 1533//1533 1610//1610
f 1449//1449 1568//1568 1613//1613
f 1518//1518 1549//1549 1599//1599
f 1558//1558 1510//1510 1614//1614
f 1510//1510 1583//1583 1614//1614
f 1559//1559 1476//1476 1615//1615
f 1504//1504 1525//1525 1616//1616
f 1617//1617 1618//1618 1603//1603
f 1563//1563 1567//1567 1619//1619
f 1451//1451 1595//1595 1620//1620
f 1449//1449 1613//1613 1532//1532
f 1611//1611 1515//1515 1548//1548
f 1515//1515 1483//1483 1548//1548
f 1477//1477 1503//1503 1584//1584
f 1543//1543 1544//1544 1621//1621
f 1544//1544 1545//1545 1622//1622
f 1482//1482 1521//1521 1585//1585
f 1494//1494 1596//1596 1623//1623
f 1495//1495 1586//1586 1608//1608
f 1598//1598 1513//1513 1624//1624
f 1513//1513 1539//1539 1624//1624
f 1478//1478 1604//1604 1625//1625
f 1604//1604 1605//1605 1625//1625
f 1592//1592 1560//1560 1626//1626
f 1560//1560 1593//1593 1626//1626
f 1527//1527 1481//1481 1627//1627
f 1554//1554 1482//1482 1628//1628
f 1575//1575 1550//1550 1629//1629
f 1550//1550 1541//1541 1629//1629
f 1591//1591 1602//1602 1630//1630
f 1478//1478 1625//1625 1631//1631
f 1507//1507 1576//1576 1632//1632
f 1529//1529 1554//1554 1628//1628
f 1532//1532 1613//1613 1633//1633
f 1555//1555 1569//1569 1634//1634
f 1599//1599 1600//1600 1635//1635
f 1572//1572 1575//1575 1636//1636
f 1636//1636 1575//1575 1637//1637
f 1575//1575 1629//1629 1637//1637
f 1629//1629 1541//1541 1638//1638
f 1541//1541 1558//1558 1638//1638
f 1558//1558 1614//1614 1638//1638
f 1476//1476 1477//1477 1639//1639
f 1477//1477 1584//1584 1639//1639
f 1601//1601 1537//1537 1640//1640
f 1537//1537 1504//1504 1641//1641
f 1504//1504 1616//1616 1641//1641
f 1616//1616 1525//1525 1642//1642
f 1616//1616 1642//1642 1643//1643
f 1605//1605 1399//1399 1644//1644
f 1399//1399 1592//1592 1644//1644
f 1594//1594 1543//1543 1621//1621
f 1606//1606 1538//1538 1645//1645
f 1628//1628 1482//1482 1585//1585
f 1538//1538 1574//1574 1645//1645
f 1597//1597 1598//1598 1646//1646
f 1646//1646 1598//1598 1624//1624
f 1440//1440 1609//1609 1586//1586
f 1579//1579 1612//1612 1647//1647
f 1612//1612 1610//1610 1647//1647
f 1540//1540 1516//1516 1648//1648
f 1556//1556 1518//1518 1649//1649
f 1518//1518 1599//1599 1649//1649
f 1599//1599 1635//1635 1650//1650
f 1536//1536 1571//1571 1651//1651
f 1615//1615 1476//1476 1652//1652
f 1476//1476 1639//1639 1652//1652
f 1537//1537 1641//1641 1640//1640
f 1492//1492 1478//1478 1631//1631
f 1561//1561 1542//1542 1653//1653
f 1573//1573 1527//1527 1627//1627
f 1627//1627 1481//1481 1654//1654
f 1481//1481 1563//1563 1654//1654
f 1610//1610 1533//1533 1655//1655
f 1587//1587 1588//1588 1656//1656
f 1582//1582 1657//1657 1581//1581
f 1588//1588 1556//1556 1656//1656
f 1614//1614 1583//1583 1658//1658
f 1616//1616 1643//1643 1641//1641
f 1492//1492 1631//1631 1659//1659
f 1620//1620 1595//1595 1660//1660
f 1632//1632 1576//1576 1661//1661
f 1576//1576 1553//1553 1661//1661
f 1607//1607 1606//1606 1662//1662
f 1548//1548 1555//1555 1663//1663
f 1548//1548 1663//1663 1664//1664
f 1499//1499 1565//1565 1665//1665
f 1534//1534 1581//1581 1666//1666
f 1571//1571 1572//1572 1636//1636
f 1667//1667 1668//1668 1669//1669
f 1584//1584 1601//1601 1640//1640
f 1617//1617 1603//1603 1670//1670
f 1593//1593 1561//1561 1671//1671
f 1561//1561 1653//1653 1671//1671
f 1563//1563 1619//1619 1654//1654
f 1662//1662 1606//1606 1672//1672
f 1606//1606 1645//1645 1672//1672
f 1585//1585 1508//1508 1673//1673
f 1579//1579 1647//1647 1674//1674
f 1540//1540 1648//1648 1675//1675
f 1580//1580 1499//1499 1665//1665
f 1556//1556 1649//1649 1676//1676
f 1670//1670 1603//1603 1677//1677
f 1603//1603 1492//1492 1677//1677
f 1626//1626 1593//1593 1678//1678
f 1593//1593 1671//1671 1678//1678
f 1553//1553 1577//1577 1679//1679
f 1577//1577 1529//1529 1679//1679
f 1645//1645 1574//1574 1680//1680
f 1574//1574 1578//1578 1680//1680
f 1597//1597 1646//1646 1681//1681
f 1655//1655 1533//1533 1682//1682
f 1533//1533 1611//1611 1682//1682
f 1611//1611 1548//1548 1683//1683
f 1555//1555 1634//1634 1663//1663
f 1582//1582 1587//1587 1657//1657
f 1657//1657 1587//1587 1684//1684
f 1581//1581 1657//1657 1666//1666
f 1656//1656 1556//1556 1676//1676
f 1649//1649 1599//1599 1650//1650
f 1651//1651 1571//1571 1685//1685
f 1677//1677 1492//1492 1659//1659
f 1626//1626 1678//1678 1686//1686
f 1562//1562 1573//1573 1687//1687
f 1654//1654 1619//1619 1688//1688
f 1623//1623 1596//1596 1689//1689
f 1690//1690 1691//1691 1692//1692
f 1565//1565 1534//1534 1693//1693
f 1534//1534 1666//1666 1693//1693
f 1571//1571 1636//1636 1685//1685
f 1629//1629 1638//1638 1694//1694
f 1638//1638 1614//1614 1694//1694
f 1592//1592 1626//1626 1686//1686
f 1620//1620 1660//1660 1695//1695
f 1539//1539 1532//1532 1696//1696
f 1532//1532 1633//1633 1696//1696
f 1613//1613 1568//1568 1697//1697
f 1568//1568 1547//1547 1697//1697
f 1587//1587 1656//1656 1684//1684
f 1628//1628 1585//1585 1698//1698
f 1624//1624 1539//1539 1699//1699
f 1699//1699 1539//1539 1696//1696
f 1674//1674 1647//1647 1700//1700
f 1700//1700 1647//1647 1701//1701
f 1650//1650 1635//1635 1702//1702
f 1680//1680 1578//1578 1703//1703
f 1578//1578 1608//1608 1703//1703
f 1669//1669 1615//1615 1704//1704
f 1640//1640 1641//1641 1705//1705
f 1644//1644 1592//1592 1706//1706
f 1592//1592 1686//1686 1706//1706
f 1661//1661 1553//1553 1707//1707
f 1553//1553 1679//1679 1707//1707
f 1634//1634 1569//1569 1708//1708
f 1569//1569 1570//1570 1708//1708
f 1665//1665 1565//1565 1693//1693
f 1584//1584 1640//1640 1709//1709
f 1640//1640 1710//1710 1709//1709
f 1591//1591 1630//1630 1711//1711
f 1706//1706 1686//1686 1712//1712
f 1623//1623 1689//1689 1713//1713
f 1703//1703 1608//1608 1714//1714
f 1681//1681 1646//1646 1715//1715
f 1646//1646 1624//1624 1715//1715
f 1624//1624 1699//1699 1715//1715
f 1580//1580 1665//1665 1716//1716
f 1693//1693 1666//1666 1717//1717
f 1676//1676 1649//1649 1718//1718
f 1694//1694 1614//1614 1719//1719
f 1614//1614 1658//1658 1719//1719
f 1704//1704 1615//1615 1720//1720
f 1615//1615 1652//1652 1720//1720
f 1641//1641 1643//1643 1721//1721
f 1591//1591 1711//1711 1722//1722
f 1677//1677 1659//1659 1723//1723
f 1662//1662 1672//1672 1724//1724
f 1672//1672 1645//1645 1724//1724
f 1586//1586 1609//1609 1725//1725
f 1683//1683 1548//1548 1664//1664
f 1675//1675 1648//1648 1726//1726
f 1684//1684 1656//1656 1727//1727
f 1666//1666 1657//1657 1728//1728
f 1656//1656 1676//1676 1727//1727
f 1727//1727 1676//1676 1718//1718
f 1718//1718 1649//1649 1729//1729
f 1649//1649 1650//1650 1730//1730
f 1730//1730 1650//1650 1731//1731
f 1650//1650 1702//1702 1731//1731
f 1642//1642 1732//1732 1721//1721
f 1640//1640 1705//1705 1710//1710
f 1723//1723 1659//1659 1733//1733
f 1686//1686 1678//1678 1712//1712
f 1671//1671 1653//1653 1734//1734
f 1627//1627 1654//1654 1735//1735
f 1654//1654 1736//1736 1735//1735
f 1619//1619 1567//1567 1737//1737
f 1567//1567 1528//1528 1737//1737
f 1679//1679 1529//1529 1738//1738
f 1529//1529 1628//1628 1739//1739
f 1529//1529 1739//1739 1738//1738
f 1645//1645 1680//1680 1740//1740
f 1680//1680 1703//1703 1740//1740
f 1697//1697 1547//1547 1741//1741
f 1666//1666 1728//1728 1717//1717
f 1651//1651 1685//1685 1742//1742
f 1637//1637 1629//1629 1743//1743
f 1629//1629 1694//1694 1743//1743
f 1584//1584 1744//1744 1639//1639
f 1584//1584 1709//1709 1744//1744
f 1641//1641 1721//1721 1705//1705
f 1659//1659 1745//1745 1733//1733
f 1746//1746 1733//1733 1745//1745
f 1659//1659 1631//1631 1745//1745
f 1631//1631 1625//1625 1745//1745
f 1678//1678 1671//1671 1747//1747
f 1671//1671 1734//1734 1747//1747
f 1688//1688 1619//1619 1748//1748
f 1619//1619 1737//1737 1748//1748
f 1698//1698 1585//1585 1749//1749
f 1585//1585 1673//1673 1749//1749
f 1623//1623 1713//1713 1750//1750
f 1657//1657 1684//1684 1728//1728
f 1649//1649 1730//1730 1729//1729
f 1651//1651 1742//1742 1751//1751
f 1685//1685 1636//1636 1752//1752
f 1636//1636 1637//1637 1752//1752
f 1637//1637 1743//1743 1752//1752
f 1719//1719 1658//1658 1753//1753
f 1754//1754 1723//1723 1733//1733
f 1573//1573 1627//1627 1735//1735
f 1737//1737 1528//1528 1755//1755
f 1528//1528 1594//1594 1755//1755
f 1724//1724 1645//1645 1756//1756
f 1645//1645 1740//1740 1756//1756
f 1714//1714 1608//1608 1757//1757
f 1608//1608 1586//1586 1757//1757
f 1675//1675 1726//1726 1758//1758
f 1754//1754 1733//1733 1746//1746
f 1687//1687 1573//1573 1759//1759
f 1573//1573 1735//1735 1759//1759
f 1621//1621 1544//1544 1760//1760
f 1544//1544 1622//1622 1760//1760
f 1757//1757 1586//1586 1761//1761
f 1715//1715 1699//1699 1762//1762
f 1682//1682 1611//1611 1763//1763
f 1611//1611 1683//1683 1763//1763
f 1743//1743 1694//1694 1764//1764
f 1694//1694 1719//1719 1764//1764
f 1721//1721 1732//1732 1765//1765
f 1745//1745 1625//1625 1766//1766
f 1625//1625 1605//1605 1766//1766
f 1736//1736 1654//1654 1767//1767
f 1681//1681 1715//1715 1768//1768
f 1715//1715 1762//1762 1768//1768
f 1586//1586 1725//1725 1761//1761
f 1685//1685 1752//1752 1742//1742
f 1704//1704 1769//1769 1770//1770
f 1720//1720 1652//1652 1771//1771
f 1652//1652 1639//1639 1771//1771
f 1710//1710 1705//1705 1772//1772
f 1705//1705 1773//1773 1772//1772
f 1705//1705 1721//1721 1773//1773
f 1712//1712 1678//1678 1774//1774
f 1678//1678 1747//1747 1774//1774
f 1594//1594 1621//1621 1775//1775
f 1621//1621 1760//1760 1775//1775
f 1628//1628 1698//1698 1739//1739
f 1681//1681 1768//1768 1776//1776
f 1762//1762 1699//1699 1777//1777
f 1699//1699 1696//1696 1777//1777
f 1674//1674 1700//1700 1778//1778
f 1655//1655 1682//1682 1779//1779
f 1731//1731 1702//1702 1780//1780
f 1639//1639 1744//1744 1781//1781
f 1709//1709 1710//1710 1772//1772
f 1749//1749 1673//1673 1782//1782
f 1700//1700 1701//1701 1783//1783
f 1784//1784 1752//1752 1785//1785
f 1752//1752 1743//1743 1785//1785
f 1754//1754 1746//1746 1786//1786
f 1706//1706 1712//1712 1787//1787
f 1767//1767 1688//1688 1748//1748
f 1739//1739 1698//1698 1788//1788
f 1777//1777 1696//1696 1789//1789
f 1613//1613 1697//1697 1633//1633
f 1663//1663 1634//1634 1790//1790
f 1634//1634 1708//1708 1790//1790
f 1716//1716 1665//1665 1791//1791
f 1731//1731 1792//1792 1730//1730
f 1731//1731 1780//1780 1792//1792
f 1751//1751 1742//1742 1793//1793
f 1742//1742 1752//1752 1784//1784
f 1764//1764 1719//1719 1794//1794
f 1719//1719 1753//1753 1794//1794
f 1765//1765 1732//1732 1795//1795
f 1687//1687 1759//1759 1796//1796
f 1738//1738 1739//1739 1797//1797
f 1750//1750 1713//1713 1798//1798
f 1696//1696 1633//1633 1789//1789
f 1783//1783 1701//1701 1779//1779
f 1716//1716 1791//1791 1799//1799
f 1665//1665 1693//1693 1791//1791
f 1693//1693 1717//1717 1800//1800
f 1684//1684 1727//1727 1801//1801
f 1727//1727 1718//1718 1802//1802
f 1727//1727 1802//1802 1801//1801
f 1743//1743 1764//1764 1803//1803
f 1764//1764 1794//1794 1803//1803
f 1770//1770 1769//1769 1804//1804
f 1773//1773 1765//1765 1805//1805
f 1765//1765 1795//1795 1805//1805
f 1746//1746 1745//1745 1806//1806
f 1712//1712 1774//1774 1787//1787
f 1735//1735 1736//1736 1807//1807
f 1755//1755 1594//1594 1775//1775
f 1662//1662 1724//1724 1808//1808
f 1739//1739 1788//1788 1797//1797
f 1724//1724 1756//1756 1808//1808
f 1778//1778 1700//1700 1783//1783
f 1664//1664 1663//1663 1790//1790
f 1708//1708 1570//1570 1809//1809
f 1770//1770 1804//1804 1810//1810
f 1772//1772 1773//1773 1811//1811
f 1773//1773 1805//1805 1811//1811
f 1766//1766 1605//1605 1812//1812
f 1605//1605 1644//1644 1812//1812
f 1736//1736 1767//1767 1748//1748
f 1662//1662 1808//1808 1813//1813
f 1728//1728 1684//1684 1814//1814
f 1684//1684 1801//1801 1814//1814
f 1729//1729 1730//1730 1815//1815
f 1785//1785 1743//1743 1816//1816
f 1743//1743 1803//1803 1816//1816
f 1786//1786 1746//1746 1806//1806
f 1695//1695 1660//1660 1817//1817
f 1632//1632 1661//1661 1817//1817
f 1817//1817 1661//1661 1818//1818
f 1661//1661 1707//1707 1818//1818
f 1779//1779 1682//1682 1819//1819
f 1682//1682 1763//1763 1819//1819
f 1763//1763 1683//1683 1820//1820
f 1683//1683 1664//1664 1820//1820
f 1758//1758 1726//1726 1821//1821
f 1791//1791 1693//1693 1800//1800
f 1792//1792 1780//1780 1822//1822
f 1794//1794 1753//1753 1823//1823
f 1771//1771 1639//1639 1781//1781
f 1744//1744 1709//1709 1824//1824
f 1709//1709 1772//1772 1824//1824
f 1812//1812 1644//1644 1825//1825
f 1644//1644 1706//1706 1825//1825
f 1707//1707 1679//1679 1826//1826
f 1679//1679 1738//1738 1826//1826
f 1698//1698 1749//1749 1788//1788
f 1633//1633 1697//1697 1827//1827
f 1828//1828 1728//1728 1814//1814
f 1730//1730 1792//1792 1815//1815
f 1792//1792 1822//1822 1815//1815
f 1720//1720 1771//1771 1829//1829
f 1830//1830 1786//1786 1806//1806
f 1825//1825 1706//1706 1831//1831
f 1706//1706 1787//1787 1831//1831
f 1747//1747 1734//1734 1832//1832
f 1714//1714 1757//1757 1833//1833
f 1833//1833 1757//1757 1761//1761
f 1783//1783 1779//1779 1834//1834
f 1810//1810 1804//1804 1835//1835
f 1833//1833 1761//1761 1836//1836
f 1761//1761 1837//1837 1836//1836
f 1718//1718 1729//1729 1802//1802
f 1729//1729 1815//1815 1838//1838
f 1793//1793 1742//1742 1839//1839
f 1784//1784 1785//1785 1840//1840
f 1824//1824 1772//1772 1841//1841
f 1772//1772 1811//1811 1841//1841
f 1842//1842 1843//1843 1844//1844
f 1759//1759 1735//1735 1807//1807
f 1695//1695 1817//1817 1845//1845
f 1846//1846 1847//1847 1848//1848
f 1777//1777 1789//1789 1849//1849
f 1778//1778 1783//1783 1850//1850
f 1783//1783 1834//1834 1850//1850
f 1789//1789 1633//1633 1827//1827
f 1779//1779 1819//1819 1834//1834
f 1717//1717 1728//1728 1828//1828
f 1742//1742 1784//1784 1839//1839
f 1736//1736 1748//1748 1851//1851
f 1762//1762 1777//1777 1852//1852
f 1777//1777 1849//1849 1852//1852
f 1827//1827 1697//1697 1853//1853
f 1793//1793 1839//1839 1854//1854
f 1803//1803 1794//1794 1855//1855
f 1820//1820 1664//1664 1856//1856
f 1802//1802 1729//1729 1838//1838
f 1797//1797 1788//1788 1857//1857
f 1756//1756 1740//1740 1858//1858
f 1788//1788 1749//1749 1859//1859
f 1740//1740 1703//1703 1858//1858
f 1858//1858 1703//1703 1860//1860
f 1703//1703 1714//1714 1860//1860
f 1664//1664 1790//1790 1861//1861
f 1855//1855 1794//1794 1862//1862
f 1794//1794 1823//1823 1862//1862
f 1863//1863 1864//1864 1865//1865
f 1842//1842 1844//1844 1866//1866
f 1806//1806 1745//1745 1867//1867
f 1745//1745 1766//1766 1867//1867
f 1798//1798 1776//1776 1868//1868
f 1776//1776 1768//1768 1868//1868
f 1868//1868 1768//1768 1869//1869
f 1768//1768 1762//1762 1869//1869
f 1762//1762 1852//1852 1869//1869
f 1836//1836 1837//1837 1870//1870
f 1834//1834 1819//1819 1871//1871
f 1697//1697 1741//1741 1853//1853
f 1717//1717 1828//1828 1872//1872
f 1824//1824 1841//1841 1873//1873
f 1841//1841 1811//1811 1873//1873
f 1873//1873 1811//1811 1874//1874
f 1811//1811 1805//1805 1875//1875
f 1811//1811 1875//1875 1874//1874
f 1805//1805 1795//1795 1875//1875
f 1875//1875 1795//1795 1876//1876
f 1787//1787 1774//1774 1877//1877
f 1774//1774 1747//1747 1878//1878
f 1774//1774 1878//1878 1877//1877
f 1747//1747 1832//1832 1878//1878
f 1851//1851 1748//1748 1879//1879
f 1755//1755 1775//1775 1880//1880
f 1845//1845 1817//1817 1881//1881
f 1817//1817 1818//1818 1882//1882
f 1818//1818 1707//1707 1883//1883
f 1707//1707 1826//1826 1883//1883
f 1857//1857 1788//1788 1859//1859
f 1860//1860 1714//1714 1884//1884
f 1714//1714 1833//1833 1884//1884
f 1790//1790 1708//1708 1861//1861
f 1799//1799 1791//1791 1885//1885
f 1800//1800 1717//1717 1872//1872
f 1815//1815 1822//1822 1886//1886
f 1785//1785 1816//1816 1887//1887
f 1816//1816 1803//1803 1887//1887
f 1803//1803 1855//1855 1887//1887
f 1829//1829 1771//1771 1888//1888
f 1842//1842 1866//1866 1889//1889
f 1830//1830 1806//1806 1890//1890
f 1807//1807 1736//1736 1851//1851
f 1808//1808 1756//1756 1891//1891
f 1756//1756 1858//1858 1891//1891
f 1789//1789 1827//1827 1849//1849
f 1850//1850 1834//1834 1871//1871
f 1758//1758 1821//1821 1892//1892
f 1791//1791 1800//1800 1885//1885
f 1784//1784 1840//1840 1839//1839
f 1893//1893 1894//1894 1895//1895
f 1863//1863 1865//1865 1896//1896
f 1831//1831 1787//1787 1897//1897
f 1787//1787 1877//1877 1897//1897
f 1775//1775 1760//1760 1880//1880
f 1813//1813 1808//1808 1898//1898
f 1808//1808 1891//1891 1898//1898
f 1838//1838 1815//1815 1899//1899
f 1744//1744 1824//1824 1900//1900
f 1824//1824 1873//1873 1900//1900
f 1806//1806 1867//1867 1890//1890
f 1867//1867 1766//1766 1901//1901
f 1766//1766 1812//1812 1901//1901
f 1825//1825 1831//1831 1902//1902
f 1831//1831 1897//1897 1902//1902
f 1664//1664 1861//1861 1856//1856
f 1800//1800 1872//1872 1903//1903
f 1828//1828 1814//1814 1904//1904
f 1888//1888 1771//1771 1905//1905
f 1771//1771 1781//1781 1905//1905
f 1781//1781 1744//1744 1906//1906
f 1744//1744 1900//1900 1906//1906
f 1875//1875 1876//1876 1907//1907
f 1760//1760 1622//1622 1908//1908
f 1883//1883 1826//1826 1909//1909
f 1826//1826 1738//1738 1910//1910
f 1826//1826 1910//1910 1909//1909
f 1738//1738 1797//1797 1910//1910
f 1749//1749 1782//1782 1911//1911
f 1912//1912 1798//1798 1868//1868
f 1913//1913 1914//1914 1915//1915
f 1833//1833 1916//1916 1884//1884
f 1861//1861 1708//1708 1917//1917
f 1708//1708 1809//1809 1917//1917
f 1885//1885 1800//1800 1903//1903
f 1872//1872 1828//1828 1904//1904
f 1815//1815 1886//1886 1899//1899
f 1873//1873 1874//1874 1918//1918
f 1874//1874 1919//1919 1918//1918
f 1796//1796 1759//1759 1920//1920
f 1759//1759 1807//1807 1920//1920
f 1920//1920 1807//1807 1921//1921
f 1879//1879 1748//1748 1922//1922
f 1748//1748 1737//1737 1922//1922
f 1859//1859 1749//1749 1923//1923
f 1749//1749 1911//1911 1923//1923
f 1916//1916 1833//1833 1924//1924
f 1833//1833 1836//1836 1925//1925
f 1833//1833 1925//1925 1924//1924
f 1836//1836 1870//1870 1925//1925
f 1850//1850 1871//1871 1926//1926
f 1892//1892 1821//1821 1927//1927
f 1785//1785 1887//1887 1928//1928
f 1887//1887 1929//1929 1928//1928
f 1887//1887 1855//1855 1929//1929
f 1855//1855 1862//1862 1929//1929
f 1862//1862 1823//1823 1930//1930
f 1901//1901 1812//1812 1931//1931
f 1812//1812 1825//1825 1931//1931
f 1755//1755 1880//1880 1932//1932
f 1882//1882 1818//1818 1933//1933
f 1818//1818 1883//1883 1933//1933
f 1869//1869 1852//1852 1934//1934
f 1852//1852 1849//1849 1934//1934
f 1778//1778 1850//1850 1935//1935
f 1849//1849 1827//1827 1936//1936
f 1827//1827 1853//1853 1937//1937
f 1853//1853 1741//1741 1938//1938
f 1917//1917 1809//1809 1939//1939
f 1840//1840 1785//1785 1940//1940
f 1785//1785 1928//1928 1940//1940
f 1929//1929 1862//1862 1941//1941
f 1862//1862 1930//1930 1941//1941
f 1877//1877 1878//1878 1942//1942
f 1807//1807 1851//1851 1921//1921
f 1922//1922 1737//1737 1943//1943
f 1737//1737 1755//1755 1943//1943
f 1868//1868 1869//1869 1944//1944
f 1868//1868 1944//1944 1945//1945
f 1778//1778 1935//1935 1946//1946
f 1935//1935 1850//1850 1926//1926
f 1871//1871 1819//1819 1947//1947
f 1819//1819 1763//1763 1947//1947
f 1886//1886 1822//1822 1948//1948
f 1822//1822 1780//1780 1948//1948
f 1854//1854 1839//1839 1949//1949
f 1897//1897 1877//1877 1942//1942
f 1796//1796 1920//1920 1950//1950
f 1912//1912 1868//1868 1951//1951
f 1934//1934 1849//1849 1936//1936
f 1936//1936 1827//1827 1937//1937
f 1903//1903 1872//1872 1952//1952
f 1900//1900 1873//1873 1953//1953
f 1873//1873 1918//1918 1953//1953
f 1890//1890 1867//1867 1901//1901
f 1851//1851 1879//1879 1922//1922
f 1797//1797 1857//1857 1910//1910
f 1954//1954 1955//1955 1956//1956
f 1857//1857 1859//1859 1957//1957
f 1944//1944 1869//1869 1934//1934
f 1799//1799 1885//1885 1958//1958
f 1781//1781 1906//1906 1959//1959
f 1813//1813 1898//1898 1960//1960
f 1859//1859 1923//1923 1961//1961
f 1872//1872 1904//1904 1952//1952
f 1952//1952 1904//1904 1962//1962
f 1801//1801 1802//1802 1963//1963
f 1802//1802 1838//1838 1899//1899
f 1802//1802 1899//1899 1963//1963
f 1840//1840 1940//1940 1964//1964
f 1928//1928 1929//1929 1965//1965
f 1907//1907 1876//1876 1966//1966
f 1863//1863 1896//1896 1967//1967
f 1889//1889 1866//1866 1968//1968
f 1889//1889 1968//1968 1969//1969
f 1890//1890 1901//1901 1970//1970
f 1825//1825 1902//1902 1931//1931
f 1921//1921 1851//1851 1971//1971
f 1904//1904 1814//1814 1962//1962
f 1929//1929 1941//1941 1965//1965
f 1972//1972 1895//1895 1973//1973
f 1905//1905 1781//1781 1959//1959
f 1845//1845 1881//1881 1974//1974
f 1860//1860 1884//1884 1975//1975
f 1965//1965 1941//1941 1976//1976
f 1941//1941 1930//1930 1976//1976
f 1942//1942 1878//1878 1977//1977
f 1878//1878 1832//1832 1977//1977
f 1851//1851 1922//1922 1971//1971
f 1971//1971 1922//1922 1978//1978
f 1957//1957 1859//1859 1961//1961
f 1853//1853 1979//1979 1937//1937
f 1856//1856 1861//1861 1980//1980
f 1962//1962 1814//1814 1981//1981
f 1814//1814 1801//1801 1982//1982
f 1814//1814 1982//1982 1981//1981
f 1801//1801 1963//1963 1982//1982
f 1839//1839 1840//1840 1964//1964
f 1907//1907 1966//1966 1983//1983
f 1901//1901 1931//1931 1984//1984
f 1977//1977 1832//1832 1985//1985
f 1922//1922 1943//1943 1978//1978
f 1943//1943 1755//1755 1932//1932
f 1960//1960 1898//1898 1986//1986
f 1898//1898 1891//1891 1986//1986
f 1891//1891 1858//1858 1987//1987
f 1858//1858 1860//1860 1987//1987
f 1975//1975 1884//1884 1916//1916
f 1925//1925 1870//1870 1988//1988
f 1947//1947 1763//1763 1989//1989
f 1763//1763 1820//1820 1989//1989
f 1861//1861 1917//1917 1990//1990
f 1940//1940 1928//1928 1991//1991
f 1928//1928 1965//1965 1991//1991
f 1906//1906 1900//1900 1959//1959
f 1882//1882 1933//1933 1992//1992
f 1910//1910 1857//1857 1957//1957
f 1986//1986 1891//1891 1993//1993
f 1891//1891 1987//1987 1993//1993
f 1945//1945 1944//1944 1994//1994
f 1944//1944 1934//1934 1994//1994
f 1965//1965 1995//1995 1991//1991
f 1965//1965 1976//1976 1995//1995
f 1931//1931 1902//1902 1996//1996
f 1902//1902 1897//1897 1996//1996
f 1897//1897 1942//1942 1997//1997
f 1845//1845 1974//1974 1998//1998
f 1871//1871 1947//1947 1999//1999
f 1989//1989 1820//1820 2000//2000
f 1963//1963 1899//1899 2001//2001
f 1886//1886 1948//1948 2002//2002
f 2003//2003 1839//1839 1964//1964
f 1995//1995 1976//1976 2004//2004
f 1976//1976 1930//1930 2004//2004
f 2004//2004 1930//1930 2005//2005
f 1918//1918 1919//1919 2006//2006
f 1996//1996 1897//1897 1997//1997
f 1920//1920 1921//1921 2007//2007
f 1921//1921 1971//1971 2007//2007
f 1861//1861 1990//1990 1980//1980
f 1885//1885 1903//1903 2008//2008
f 1899//1899 1886//1886 2001//2001
f 1886//1886 2002//2002 2001//2001
f 1949//1949 1839//1839 2003//2003
f 1900//1900 1953//1953 2009//2009
f 1953//1953 1918//1918 2009//2009
f 1970//1970 1901//1901 2010//2010
f 2010//2010 1901//1901 2011//2011
f 1987//1987 1860//1860 2012//2012
f 1860//1860 1975//1975 2012//2012
f 1925//1925 1988//1988 1924//1924
f 1934//1934 1936//1936 2013//2013
f 1892//1892 1927//1927 2014//2014
f 1952//1952 1962//1962 2015//2015
f 1888//1888 1905//1905 2016//2016
f 2009//2009 1918//1918 2006//2006
f 1901//1901 1984//1984 2011//2011
f 1971//1971 1978//1978 2017//2017
f 1992//1992 1933//1933 2018//2018
f 1933//1933 1883//1883 2018//2018
f 1946//1946 1935//1935 2019//2019
f 1935//1935 1926//1926 2019//2019
f 2019//2019 1926//1926 1999//1999
f 1979//1979 1853//1853 2020//2020
f 1853//1853 1938//1938 2020//2020
f 1820//1820 1856//1856 2000//2000
f 1856//1856 1980//1980 2000//2000
f 1888//1888 2016//2016 2021//2021
f 1905//1905 1959//1959 2016//2016
f 1760//1760 1908//1908 2022//2022
f 2018//2018 1883//1883 2023//2023
f 1883//1883 1909//1909 2023//2023
f 1960//1960 1986//1986 2024//2024
f 1910//1910 1957//1957 2025//2025
f 1937//1937 1979//1979 2026//2026
f 1958//1958 1885//1885 2027//2027
f 1903//1903 1952//1952 2028//2028
f 1962//1962 1981//1981 2015//2015
f 2028//2028 1952//1952 2015//2015
f 2016//2016 1959//1959 2029//2029
f 1959//1959 1900//1900 2029//2029
f 1983//1983 1966//1966 2030//2030
f 1970//1970 2010//2010 2031//2031
f 1950//1950 1920//1920 2032//2032
f 1957//1957 1961//1961 2025//2025
f 2002//2002 1948//1948 2033//2033
f 1909//1909 1910//1910 2034//2034
f 1910//1910 2025//2025 2034//2034
f 1993//1993 1987//1987 2035//2035
f 1987//1987 2012//2012 2035//2035
f 1951//1951 1945//1945 2036//2036
f 1924//1924 1988//1988 2037//2037
f 2037//2037 1988//1988 2038//2038
f 1936//1936 1937//1937 2039//2039
f 2039//2039 1937//1937 2026//2026
f 1885//1885 2008//2008 2027//2027
f 1982//1982 1963//1963 2040//2040
f 1995//1995 2004//2004 2041//2041
f 1997//1997 1942//1942 2042//2042
f 1942//1942 1977//1977 2042//2042
f 1932//1932 1880//1880 2043//2043
f 2024//2024 1986//1986 2044//2044
f 1986//1986 1993//1993 2044//2044
f 1994//1994 1934//1934 2013//2013
f 2013//2013 1936//1936 2039//2039
f 1892//1892 2014//2014 2045//2045
f 1963//1963 2001//2001 2040//2040
f 2003//2003 1964//1964 2046//2046
f 1940//1940 1991//1991 2047//2047
f 2047//2047 1991//1991 2048//2048
f 1991//1991 1995//1995 2048//2048
f 1995//1995 2041//2041 2048//2048
f 2004//2004 2005//2005 2049//2049
f 2007//2007 1971//1971 2050//2050
f 2008//2008 1903//1903 2051//2051
f 1903//1903 2028//2028 2051//2051
f 1981//1981 1982//1982 2052//2052
f 2052//2052 1982//1982 2053//2053
f 1982//1982 2040//2040 2053//2053
f 2040//2040 2001//2001 2054//2054
f 1949//1949 2003//2003 2055//2055
f 2029//2029 1900//1900 2056//2056
f 1900//1900 2009//2009 2056//2056
f 1983//1983 2030//2030 2057//2057
f 2058//2058 2010//2010 2011//2011
f 1997//1997 2042//2042 2059//2059
f 1971//1971 2017//2017 2060//2060
f 2043//2043 1880//1880 2061//2061
f 1880//1880 1760//1760 2061//2061
f 1961//1961 1923//1923 2062//2062
f 2036//2036 1945//1945 2063//2063
f 1945//1945 1994//1994 2063//2063
f 1916//1916 1924//1924 2037//2037
f 2019//2019 1999//1999 2064//2064
f 1990//1990 1917//1917 2065//2065
f 2065//2065 1917//1917 2066//2066
f 1917//1917 1939//1939 2066//2066
f 2015//2015 1981//1981 2052//2052
f 2015//2015 2052//2052 2067//2067
f 1964//1964 1940//1940 2068//2068
f 1940//1940 2047//2047 2068//2068
f 2049//2049 2005//2005 2069//2069
f 2048//2048 2041//2041 2070//2070
f 2016//2016 2029//2029 2071//2071
f 2009//2009 2006//2006 2072//2072
f 2073//2073 2074//2074 2075//2075
f 1969//1969 1968//1968 2076//2076
f 1996//1996 1997//1997 2059//2059
f 1760//1760 2022//2022 2061//2061
f 2044//2044 1993//1993 2077//2077
f 1993//1993 2035//2035 2077//2077
f 1975//1975 1916//1916 2037//2037
f 2064//2064 1999//1999 2078//2078
f 1999//1999 1947//1947 2078//2078
f 2000//2000 1980//1980 2065//2065
f 1980//1980 1990//1990 2065//2065
f 2001//2001 2002//2002 2079//2079
f 2056//2056 2009//2009 2080//2080
f 2009//2009 2072//2072 2080//2080
f 2072//2072 2006//2006 2057//2057
f 2042//2042 1977//1977 2081//2081
f 1977//1977 1985//1985 2081//2081
f 1923//1923 1911//1911 2082//2082
f 1946//1946 2019//2019 2083//2083
f 2019//2019 2064//2064 2083//2083
f 1947//1947 1989//1989 2084//2084
f 1989//1989 2000//2000 2084//2084
f 2045//2045 2014//2014 2085//2085
f 2028//2028 2015//2015 2067//2067
f 2002//2002 2033//2033 2079//2079
f 1964//1964 2068//2068 2046//2046
f 2049//2049 2069//2069 2086//2086
f 2021//2021 2016//2016 2087//2087
f 1984//1984 1931//1931 2088//2088
f 1931//1931 1996//1996 2088//2088
f 1923//1923 2082//2082 2062//2062
f 2037//2037 2038//2038 2089//2089
f 2001//2001 2079//2079 2054//2054
f 2003//2003 2046//2046 2090//2090
f 2047//2047 2048//2048 2070//2070
f 2047//2047 2070//2070 2091//2091
f 2058//2058 2011//2011 2092//2092
f 2011//2011 1984//1984 2092//2092
f 2078//2078 1947//1947 2093//2093
f 1947//1947 2084//2084 2093//2093
f 2028//2028 2067//2067 2051//2051
f 2047//2047 2091//2091 2094//2094
f 2071//2071 2029//2029 2095//2095
f 2029//2029 2056//2056 2095//2095
f 2073//2073 2075//2075 2096//2096
f 1943//1943 1932//1932 2097//2097
f 1932//1932 2043//2043 2097//2097
f 1975//1975 2037//2037 2098//2098
f 2075//2075 2031//2031 2099//2099
f 2031//2031 2010//2010 2099//2099
f 2081//2081 1985//1985 2100//2100
f 2032//2032 1920//1920 2101//2101
f 1920//1920 2007//2007 2101//2101
f 2050//2050 1971//1971 2060//2060
f 2017//2017 1978//1978 2102//2102
f 1978//1978 1943//1943 2102//2102
f 2025//2025 1961//1961 2103//2103
f 2012//2012 1975//1975 2104//2104
f 1994//1994 2013//2013 2105//2105
f 2037//2037 2089//2089 2106//2106
f 1946//1946 2083//2083 2107//2107
f 2084//2084 2000//2000 2108//2108
f 2053//2053 2040//2040 2109//2109
f 2068//2068 2047//2047 2110//2110
f 2047//2047 2094//2094 2110//2110
f 2016//2016 2071//2071 2087//2087
f 2102//2102 1943//1943 2111//2111
f 1943//1943 2097//2097 2111//2111
f 2043//2043 2061//2061 2112//2112
f 2024//2024 2044//2044 2113//2113
f 2044//2044 2077//2077 2113//2113
f 1961//1961 2114//2114 2103//2103
f 2062//2062 2082//2082 2115//2115
f 2063//2063 1994//1994 2105//2105
f 2083//2083 2064//2064 2116//2116
f 2039//2039 2026//2026 2117//2117
f 2064//2064 2078//2078 2116//2116
f 2026//2026 1979//1979 2118//2118
f 2000//2000 2065//2065 2119//2119
f 2091//2091 2086//2086 2120//2120
f 2086//2086 2069//2069 2120//2120
f 2057//2057 2030//2030 2121//2121
f 2121//2121 2030//2030 2122//2122
f 2099//2099 2010//2010 2058//2058
f 2101//2101 2007//2007 2050//2050
f 2024//2024 2113//2113 2123//2123
f 2037//2037 2106//2106 2098//2098
f 2039//2039 2117//2117 2124//2124
f 2119//2119 2065//2065 2125//2125
f 2052//2052 2053//2053 2126//2126
f 2053//2053 2109//2109 2126//2126
f 2054//2054 2079//2079 2127//2127
f 2094//2094 2091//2091 2128//2128
f 2091//2091 2120//2120 2128//2128
f 2095//2095 2056//2056 2129//2129
f 2056//2056 2080//2080 2129//2129
f 2129//2129 2080//2080 2130//2130
f 2072//2072 2057//2057 2131//2131
f 2058//2058 2092//2092 2132//2132
f 2060//2060 2017//2017 2102//2102
f 2077//2077 2035//2035 2133//2133
f 2035//2035 2012//2012 2134//2134
f 2035//2035 2134//2134 2133//2133
f 2012//2012 2104//2104 2134//2134
f 2065//2065 2066//2066 2135//2135
f 2027//2027 2008//2008 2136//2136
f 2008//2008 2051//2051 2136//2136
f 2067//2067 2052//2052 2137//2137
f 2051//2051 2067//2067 2137//2137
f 2079//2079 2033//2033 2138//2138
f 2130//2130 2080//2080 2072//2072
f 2139//2139 2140//2140 2141//2141
f 2013//2013 2039//2039 2124//2124
f 2065//2065 2135//2135 2125//2125
f 2045//2045 2085//2085 2142//2142
f 2040//2040 2054//2054 2143//2143
f 2054//2054 2127//2127 2143//2143
f 2071//2071 2095//2095 2144//2144
f 2095//2095 2129//2129 2144//2144
f 2072//2072 2131//2131 2130//2130
f 2099//2099 2058//2058 2145//2145
f 2092//2092 1984//1984 2146//2146
f 1984//1984 2088//2088 2146//2146
f 2059//2059 2042//2042 2147//2147
f 1998//1998 1974//1974 2148//2148
f 2023//2023 1909//1909 2149//2149
f 1909//1909 2034//2034 2149//2149
f 2034//2034 2025//2025 2150//2150
f 2025//2025 2103//2103 2150//2150
f 1961//1961 2062//2062 2114//2114
f 2098//2098 2106//2106 2151//2151
f 1979//1979 2020//2020 2152//2152
f 2020//2020 1938//1938 2153//2153
f 2020//2020 2153//2153 2152//2152
f 2142//2142 2085//2085 2154//2154
f 1958//1958 2027//2027 2155//2155
f 2051//2051 2137//2137 2156//2156
f 2040//2040 2143//2143 2109//2109
f 2079//2079 2138//2138 2127//2127
f 2071//2071 2144//2144 2157//2157
f 2088//2088 1996//1996 2158//2158
f 1996//1996 2059//2059 2158//2158
f 2158//2158 2059//2059 2159//2159
f 2059//2059 2147//2147 2159//2159
f 2032//2032 2101//2101 2160//2160
f 2036//2036 2063//2063 2161//2161
f 2063//2063 2105//2105 2161//2161
f 2104//2104 1975//1975 2098//2098
f 2118//2118 1979//1979 2162//2162
f 2078//2078 2093//2093 2116//2116
f 1979//1979 2152//2152 2162//2162
f 2000//2000 2119//2119 2108//2108
f 2066//2066 1939//1939 2163//2163
f 2136//2136 2051//2051 2164//2164
f 2051//2051 2156//2156 2164//2164
f 2090//2090 2046//2046 2165//2165
f 2046//2046 2068//2068 2165//2165
f 2068//2068 2110//2110 2166//2166
f 2110//2110 2094//2094 2166//2166
f 2021//2021 2087//2087 2167//2167
f 2144//2144 2129//2129 2130//2130
f 2042//2042 2081//2081 2147//2147
f 2097//2097 2043//2043 2112//2112
f 2113//2113 2077//2077 2168//2168
f 2077//2077 2133//2133 2168//2168
f 2105//2105 2013//2013 2169//2169
f 2105//2105 2169//2169 2161//2161
f 2013//2013 2124//2124 2169//2169
f 2083//2083 2116//2116 2170//2170
f 2117//2117 2026//2026 2118//2118
f 2066//2066 2163//2163 2135//2135
f 2058//2058 2132//2132 2145//2145
f 2149//2149 2034//2034 2150//2150
f 2137//2137 2052//2052 2171//2171
f 2052//2052 2126//2126 2171//2171
f 2055//2055 2003//2003 2172//2172
f 2165//2165 2068//2068 2173//2173
f 2068//2068 2166//2166 2173//2173
f 2094//2094 2128//2128 2166//2166
f 2112//2112 2061//2061 2174//2174
f 2061//2061 2022//2022 2174//2174
f 2123//2123 2113//2113 2175//2175
f 2113//2113 2168//2168 2175//2175
f 2155//2155 2027//2027 2176//2176
f 2130//2130 2131//2131 2177//2177
f 2050//2050 2060//2060 2178//2178
f 1998//1998 2148//2148 2179//2179
f 2062//2062 2115//2115 2180//2180
f 2036//2036 2161//2161 2181//2181
f 2027//2027 2136//2136 2176//2176
f 2172//2172 2003//2003 2182//2182
f 2003//2003 2090//2090 2182//2182
f 2144//2144 2130//2130 2183//2183
f 2130//2130 2177//2177 2183//2183
f 2060//2060 2102//2102 2178//2178
f 2087//2087 2071//2071 2157//2157
f 2177//2177 2131//2131 2184//2184
f 2131//2131 2121//2121 2184//2184
f 2185//2185 2099//2099 2145//2145
f 2159//2159 2147//2147 2186//2186
f 2147//2147 2081//2081 2186//2186
f 2178//2178 2102//2102 2187//2187
f 2102//2102 2111//2111 2187//2187
f 2104//2104 2098//2098 2188//2188
f 2151//2151 2189//2189 2190//2190
f 2107//2107 2083//2083 2191//2191
f 2118//2118 2162//2162 2192//2192
f 2164//2164 2156//2156 2193//2193
f 2126//2126 2109//2109 2171//2171
f 2120//2120 2069//2069 2194//2194
f 2160//2160 2101//2101 2195//2195
f 2101//2101 2050//2050 2195//2195
f 2114//2114 2062//2062 2196//2196
f 2062//2062 2180//2180 2196//2196
f 2098//2098 2151//2151 2197//2197
f 2125//2125 2135//2135 2198//2198
f 2176//2176 2136//2136 2199//2199
f 2136//2136 2164//2164 2199//2199
f 2156//2156 2137//2137 2200//2200
f 2171//2171 2109//2109 2201//2201
f 2109//2109 2143//2143 2201//2201
f 2173//2173 2166//2166 2202//2202
f 2166//2166 2128//2128 2202//2202
f 2128//2128 2120//2120 2203//2203
f 2120//2120 2194//2194 2203//2203
f 2158//2158 2159//2159 2204//2204
f 2159//2159 2186//2186 2204//2204
f 2081//2081 2100//2100 2186//2186
f 2123//2123 2175//2175 2205//2205
f 2205//2205 2175//2175 2206//2206
f 2175//2175 2168//2168 2206//2206
f 2134//2134 2104//2104 2188//2188
f 2161//2161 2169//2169 2207//2207
f 2197//2197 2151//2151 2208//2208
f 2151//2151 2190//2190 2208//2208
f 2191//2191 2083//2083 2209//2209
f 2083//2083 2170//2170 2209//2209
f 2198//2198 2135//2135 2210//2210
f 2135//2135 2163//2163 2210//2210
f 2142//2142 2154//2154 2211//2211
f 2193//2193 2156//2156 2200//2200
f 2143//2143 2127//2127 2212//2212
f 2087//2087 2157//2157 2213//2213
f 2185//2185 2145//2145 2214//2214
f 2160//2160 2195//2195 2215//2215
f 2050//2050 2178//2178 2195//2195
f 2097//2097 2112//2112 2216//2216
f 2161//2161 2217//2217 2181//2181
f 2161//2161 2207//2207 2217//2217
f 2210//2210 2163//2163 2218//2218
f 2219//2219 2220//2220 2155//2155
f 2201//2201 2143//2143 2221//2221
f 2143//2143 2212//2212 2221//2221
f 2212//2212 2127//2127 2222//2222
f 2202//2202 2128//2128 2223//2223
f 2128//2128 2203//2203 2223//2223
f 2111//2111 2097//2097 2224//2224
f 2018//2018 2023//2023 2225//2225
f 2023//2023 2149//2149 2225//2225
f 2149//2149 2150//2150 2226//2226
f 2098//2098 2197//2197 2188//2188
f 2093//2093 2084//2084 2227//2227
f 2084//2084 2108//2108 2227//2227
f 2119//2119 2125//2125 2198//2198
f 2119//2119 2198//2198 2108//2108
f 2137//2137 2171//2171 2200//2200
f 2097//2097 2216//2216 2224//2224
f 2169//2169 2124//2124 2207//2207
f 2144//2144 2183//2183 2228//2228
f 2228//2228 2183//2183 2229//2229
f 2179//2179 2148//2148 2230//2230
f 2206//2206 2168//2168 2231//2231
f 2103//2103 2114//2114 2196//2196
f 2168//2168 2133//2133 2231//2231
f 2181//2181 2217//2217 2232//2232
f 2221//2221 2212//2212 2233//2233
f 2167//2167 2087//2087 2234//2234
f 2087//2087 2213//2213 2234//2234
f 2103//2103 2196//2196 2235//2235
f 2134//2134 2188//2188 2236//2236
f 2208//2208 2190//2190 2237//2237
f 2116//2116 2093//2093 2238//2238
f 2093//2093 2227//2227 2238//2238
f 2211//2211 2154//2154 2239//2239
f 2222//2222 2127//2127 2138//2138
f 2165//2165 2173//2173 2240//2240
f 2173//2173 2202//2202 2240//2240
f 2146//2146 2088//2088 2241//2241
f 2088//2088 2158//2158 2241//2241
f 2204//2204 2186//2186 2242//2242
f 2186//2186 2243//2243 2242//2242
f 2235//2235 2196//2196 2244//2244
f 2236//2236 2188//2188 2245//2245
f 2209//2209 2170//2170 2246//2246
f 2170//2170 2116//2116 2246//2246
f 2246//2246 2116//2116 2247//2247
f 2116//2116 2238//2238 2247//2247
f 2162//2162 2152//2152 2192//2192
f 2108//2108 2198//2198 2248//2248
f 2198//2198 2210//2210 2249//2249
f 2219//2219 2155//2155 2250//2250
f 2155//2155 2176//2176 2250//2250
f 2193//2193 2200//2200 2251//2251
f 2200//2200 2171//2171 2252//2252
f 2171//2171 2201//2201 2253//2253
f 2233//2233 2212//2212 2254//2254
f 2255//2255 2256//2256 2257//2257
f 2240//2240 2202//2202 2258//2258
f 2202//2202 2223//2223 2258//2258
f 2167//2167 2234//2234 2259//2259
f 2183//2183 2177//2177 2229//2229
f 2229//2229 2177//2177 2260//2260
f 2177//2177 2184//2184 2260//2260
f 2186//2186 2100//2100 2243//2243
f 2111//2111 2224//2224 2261//2261
f 1992//1992 2018//2018 2262//2262
f 2018//2018 2225//2225 2262//2262
f 2231//2231 2133//2133 2263//2263
f 2133//2133 2134//2134 2263//2263
f 2263//2263 2134//2134 2236//2236
f 2264//2264 2232//2232 2265//2265
f 2188//2188 2197//2197 2245//2245
f 2207//2207 2266//2266 2217//2217
f 2190//2190 2267//2267 2268//2268
f 2207//2207 2124//2124 2266//2266
f 2124//2124 2117//2117 2118//2118
f 2152//2152 2153//2153 2269//2269
f 2227//2227 2108//2108 2248//2248
f 2199//2199 2164//2164 2270//2270
f 2164//2164 2193//2193 2270//2270
f 2171//2171 2253//2253 2252//2252
f 2255//2255 2257//2257 2271//2271
f 2182//2182 2090//2090 2272//2272
f 2090//2090 2165//2165 2272//2272
f 2157//2157 2144//2144 2228//2228
f 2243//2243 2100//2100 2273//2273
f 2178//2178 2187//2187 2274//2274
f 2216//2216 2112//2112 2275//2275
f 2112//2112 2174//2174 2275//2275
f 2196//2196 2180//2180 2244//2244
f 2266//2266 2124//2124 2276//2276
f 2124//2124 2118//2118 2276//2276
f 2193//2193 2251//2251 2277//2277
f 2212//2212 2222//2222 2254//2254
f 2222//2222 2138//2138 2278//2278
f 2223//2223 2203//2203 2279//2279
f 2203//2203 2194//2194 2279//2279
f 2195//2195 2178//2178 2280//2280
f 2187//2187 2111//2111 2261//2261
f 2226//2226 2150//2150 2235//2235
f 2150//2150 2103//2103 2235//2235
f 2268//2268 2267//2267 2281//2281
f 2176//2176 2199//2199 2282//2282
f 2270//2270 2193//2193 2277//2277
f 2201//2201 2221//2221 2283//2283
f 2172//2172 2182//2182 2284//2284
f 2284//2284 2182//2182 2285//2285
f 2182//2182 2272//2272 2285//2285
f 2279//2279 2194//2194 2286//2286
f 2287//2287 2288//2288 2289//2289
f 2241//2241 2158//2158 2290//2290
f 2158//2158 2204//2204 2290//2290
f 2205//2205 2206//2206 2291//2291
f 2244//2244 2180//2180 2292//2292
f 2197//2197 2208//2208 2268//2268
f 2208//2208 2237//2237 2268//2268
f 2213//2213 2157//2157 2293//2293
f 2157//2157 2228//2228 2293//2293
f 2290//2290 2204//2204 2242//2242
f 2215//2215 2195//2195 2280//2280
f 2197//2197 2268//2268 2294//2294
f 2250//2250 2176//2176 2282//2282
f 2251//2251 2200//2200 2295//2295
f 2200//2200 2252//2252 2295//2295
f 2253//2253 2201//2201 2283//2283
f 2258//2258 2223//2223 2296//2296
f 2092//2092 2146//2146 2297//2297
f 2146//2146 2241//2241 2297//2297
f 2178//2178 2274//2274 2280//2280
f 2274//2274 2187//2187 2261//2261
f 2179//2179 2230//2230 2298//2298
f 2299//2299 2300//2300 2301//2301
f 2227//2227 2248//2248 2302//2302
f 2248//2248 2198//2198 2249//2249
f 2221//2221 2233//2233 2283//2283
f 2283//2283 2233//2233 2303//2303
f 2233//2233 2254//2254 2303//2303
f 2240//2240 2258//2258 2296//2296
f 2296//2296 2223//2223 2304//2304
f 2223//2223 2279//2279 2304//2304
f 2299//2299 2301//2301 2305//2305
f 2236//2236 2245//2245 2306//2306
f 2245//2245 2197//2197 2306//2306
f 2306//2306 2197//2197 2294//2294
f 2191//2191 2209//2209 2307//2307
f 2307//2307 2209//2209 2308//2308
f 2209//2209 2246//2246 2308//2308
f 2276//2276 2118//2118 2309//2309
f 2310//2310 2311//2311 2284//2284
f 2261//2261 2224//2224 2312//2312
f 2224//2224 2216//2216 2275//2275
f 2224//2224 2275//2275 2312//2312
f 2263//2263 2236//2236 2313//2313
f 2314//2314 2265//2265 2232//2232
f 2313//2313 2236//2236 2306//2306
f 2232//2232 2217//2217 2315//2315
f 2217//2217 2266//2266 2315//2315
f 2308//2308 2246//2246 2247//2247
f 2277//2277 2251//2251 2295//2295
f 2303//2303 2254//2254 2316//2316
f 2285//2285 2272//2272 2317//2317
f 2214//2214 2145//2145 2318//2318
f 2290//2290 2242//2242 2319//2319
f 2242//2242 2243//2243 2319//2319
f 2275//2275 2174//2174 2320//2320
f 2149//2149 2226//2226 2321//2321
f 2291//2291 2206//2206 2322//2322
f 2226//2226 2235//2235 2321//2321
f 2206//2206 2231//2231 2322//2322
f 2232//2232 2315//2315 2314//2314
f 2118//2118 2192//2192 2309//2309
f 2210//2210 2218//2218 2323//2323
f 2253//2253 2283//2283 2324//2324
f 2316//2316 2254//2254 2325//2325
f 2254//2254 2222//2222 2325//2325
f 2222//2222 2278//2278 2325//2325
f 2293//2293 2228//2228 2326//2326
f 2319//2319 2243//2243 2273//2273
f 2225//2225 2149//2149 2327//2327
f 2149//2149 2321//2321 2327//2327
f 2231//2231 2263//2263 2328//2328
f 2263//2263 2313//2313 2328//2328
f 2238//2238 2227//2227 2302//2302
f 2329//2329 2211//2211 2330//2330
f 2322//2322 2231//2231 2331//2331
f 2231//2231 2328//2328 2331//2331
f 2308//2308 2247//2247 2332//2332
f 2247//2247 2238//2238 2332//2332
f 2248//2248 2249//2249 2333//2333
f 2282//2282 2199//2199 2270//2270
f 2310//2310 2284//2284 2334//2334
f 2318//2318 2145//2145 2335//2335
f 2132//2132 2092//2092 2297//2297
f 2274//2274 2261//2261 2336//2336
f 2235//2235 2244//2244 2337//2337
f 2192//2192 2152//2152 2338//2338
f 2152//2152 2269//2269 2338//2338
f 2302//2302 2248//2248 2333//2333
f 2249//2249 2210//2210 2339//2339
f 2210//2210 2323//2323 2339//2339
f 2340//2340 2341//2341 2342//2342
f 2295//2295 2252//2252 2343//2343
f 2343//2343 2252//2252 2344//2344
f 2252//2252 2253//2253 2344//2344
f 2165//2165 2240//2240 2345//2345
f 2240//2240 2296//2296 2345//2345
f 2304//2304 2279//2279 2346//2346
f 2279//2279 2286//2286 2346//2346
f 2229//2229 2260//2260 2347//2347
f 2215//2215 2280//2280 2348//2348
f 2298//2298 2230//2230 2349//2349
f 2337//2337 2244//2244 2350//2350
f 2350//2350 2244//2244 2351//2351
f 2244//2244 2292//2292 2351//2351
f 2294//2294 2268//2268 2352//2352
f 2352//2352 2268//2268 2353//2353
f 2266//2266 2276//2276 2354//2354
f 2307//2307 2308//2308 2355//2355
f 2346//2346 2286//2286 2356//2356
f 2228//2228 2229//2229 2357//2357
f 2229//2229 2347//2347 2357//2357
f 2145//2145 2132//2132 2335//2335
f 2349//2349 2262//2262 2358//2358
f 2262//2262 2225//2225 2358//2358
f 2225//2225 2327//2327 2358//2358
f 2265//2265 2314//2314 2359//2359
f 2306//2306 2360//2360 2313//2313
f 2306//2306 2294//2294 2361//2361
f 2315//2315 2266//2266 2362//2362
f 2268//2268 2281//2281 2363//2363
f 2268//2268 2363//2363 2353//2353
f 2266//2266 2354//2354 2362//2362
f 2277//2277 2295//2295 2364//2364
f 2272//2272 2165//2165 2365//2365
f 2347//2347 2260//2260 2366//2366
f 2290//2290 2319//2319 2367//2367
f 2319//2319 2273//2273 2367//2367
f 2265//2265 2359//2359 2368//2368
f 2314//2314 2315//2315 2369//2369
f 2355//2355 2308//2308 2332//2332
f 2370//2370 2249//2249 2339//2339
f 2250//2250 2282//2282 2371//2371
f 2282//2282 2270//2270 2372//2372
f 2270//2270 2277//2277 2364//2364
f 2364//2364 2295//2295 2373//2373
f 2295//2295 2343//2343 2373//2373
f 2344//2344 2253//2253 2374//2374
f 2253//2253 2324//2324 2374//2374
f 2365//2365 2165//2165 2375//2375
f 2165//2165 2345//2345 2375//2375
f 2345//2345 2296//2296 2376//2376
f 2296//2296 2304//2304 2376//2376
f 2259//2259 2234//2234 2377//2377
f 2297//2297 2241//2241 2378//2378
f 2273//2273 2379//2379 2380//2380
f 2280//2280 2274//2274 2381//2381
f 2291//2291 2322//2322 2382//2382
f 2307//2307 2355//2355 2383//2383
f 2329//2329 2330//2330 2384//2384
f 2371//2371 2282//2282 2372//2372
f 2303//2303 2316//2316 2385//2385
f 2334//2334 2317//2317 2386//2386
f 2317//2317 2272//2272 2365//2365
f 2304//2304 2346//2346 2387//2387
f 2377//2377 2234//2234 2388//2388
f 2305//2305 2301//2301 2389//2389
f 2321//2321 2235//2235 2390//2390
f 2235//2235 2337//2337 2390//2390
f 2355//2355 2332//2332 2391//2391
f 2276//2276 2309//2309 2354//2354
f 2192//2192 2338//2338 2392//2392
f 2270//2270 2364//2364 2393//2393
f 2283//2283 2303//2303 2394//2394
f 2303//2303 2385//2385 2394//2394
f 2385//2385 2316//2316 2395//2395
f 2316//2316 2325//2325 2395//2395
f 2376//2376 2304//2304 2387//2387
f 2213//2213 2293//2293 2396//2396
f 2132//2132 2297//2297 2335//2335
f 2367//2367 2273//2273 2380//2380
f 2336//2336 2261//2261 2397//2397
f 2261//2261 2312//2312 2397//2397
f 2312//2312 2275//2275 2398//2398
f 2275//2275 2399//2399 2398//2398
f 2306//2306 2361//2361 2360//2360
f 2315//2315 2362//2362 2369//2369
f 2400//2400 2309//2309 2392//2392
f 2309//2309 2192//2192 2392//2392
f 2332//2332 2238//2238 2391//2391
f 2302//2302 2333//2333 2401//2401
f 2343//2343 2344//2344 2374//2374
f 2324//2324 2283//2283 2402//2402
f 2348//2348 2280//2280 2403//2403
f 2403//2403 2280//2280 2381//2381
f 2275//2275 2320//2320 2399//2399
f 2298//2298 2349//2349 2404//2404
f 2351//2351 2292//2292 2405//2405
f 2391//2391 2238//2238 2406//2406
f 2238//2238 2302//2302 2406//2406
f 2302//2302 2401//2401 2407//2407
f 2283//2283 2394//2394 2402//2402
f 2396//2396 2293//2293 2408//2408
f 2381//2381 2274//2274 2336//2336
f 2349//2349 2358//2358 2404//2404
f 2322//2322 2331//2331 2409//2409
f 2331//2331 2328//2328 2409//2409
f 2352//2352 2353//2353 2410//2410
f 2353//2353 2363//2363 2410//2410
f 2338//2338 2269//2269 2411//2411
f 2406//2406 2302//2302 2412//2412
f 2270//2270 2393//2393 2413//2413
f 2376//2376 2387//2387 2414//2414
f 2387//2387 2415//2415 2414//2414
f 2387//2387 2346//2346 2415//2415
f 2346//2346 2356//2356 2415//2415
f 2293//2293 2326//2326 2408//2408
f 2358//2358 2416//2416 2404//2404
f 2358//2358 2327//2327 2416//2416
f 2354//2354 2309//2309 2417//2417
f 2417//2417 2309//2309 2400//2400
f 2333//2333 2249//2249 2370//2370
f 2372//2372 2270//2270 2413//2413
f 2373//2373 2343//2343 2418//2418
f 2343//2343 2374//2374 2418//2418
f 2345//2345 2376//2376 2419//2419
f 2376//2376 2414//2414 2419//2419
f 2420//2420 2318//2318 2421//2421
f 2412//2412 2302//2302 2407//2407
f 2339//2339 2323//2323 2422//2422
f 2384//2384 2330//2330 2423//2423
f 2418//2418 2374//2374 2424//2424
f 2374//2374 2324//2324 2424//2424
f 2386//2386 2317//2317 2425//2425
f 2326//2326 2228//2228 2408//2408
f 2228//2228 2357//2357 2408//2408
f 2318//2318 2335//2335 2421//2421
f 2382//2382 2322//2322 2426//2426
f 2322//2322 2409//2409 2426//2426
f 2350//2350 2427//2427 2337//2337
f 2350//2350 2351//2351 2427//2427
f 2360//2360 2361//2361 2428//2428
f 2369//2369 2362//2362 2429//2429
f 2355//2355 2391//2391 2430//2430
f 2408//2408 2357//2357 2431//2431
f 2421//2421 2335//2335 2378//2378
f 2367//2367 2380//2380 2432//2432
f 2399//2399 2320//2320 2433//2433
f 2351//2351 2405//2405 2427//2427
f 2361//2361 2294//2294 2428//2428
f 2364//2364 2434//2434 2435//2435
f 2364//2364 2373//2373 2434//2434
f 2324//2324 2402//2402 2424//2424
f 2424//2424 2402//2402 2436//2436
f 2402//2402 2394//2394 2436//2436
f 2425//2425 2317//2317 2437//2437
f 2431//2431 2357//2357 2438//2438
f 2357//2357 2347//2347 2438//2438
f 2347//2347 2366//2366 2439//2439
f 2335//2335 2297//2297 2378//2378
f 2409//2409 2328//2328 2440//2440
f 2328//2328 2313//2313 2440//2440
f 2440//2440 2313//2313 2441//2441
f 2368//2368 2359//2359 2442//2442
f 2442//2442 2359//2359 2443//2443
f 2313//2313 2360//2360 2441//2441
f 2410//2410 2363//2363 2444//2444
f 2362//2362 2354//2354 2417//2417
f 2333//2333 2370//2370 2401//2401
f 2370//2370 2339//2339 2422//2422
f 2364//2364 2435//2435 2393//2393
f 2414//2414 2415//2415 2445//2445
f 2441//2441 2360//2360 2428//2428
f 2294//2294 2352//2352 2446//2446
f 2352//2352 2410//2410 2446//2446
f 2383//2383 2355//2355 2447//2447
f 2355//2355 2430//2430 2447//2447
f 2392//2392 2338//2338 2448//2448
f 2338//2338 2411//2411 2448//2448
f 2373//2373 2418//2418 2434//2434
f 2385//2385 2395//2395 2449//2449
f 2415//2415 2356//2356 2450//2450
f 2415//2415 2450//2450 2445//2445
f 2298//2298 2404//2404 2451//2451
f 2417//2417 2400//2400 2452//2452
f 2400//2400 2392//2392 2452//2452
f 2452//2452 2392//2392 2448//2448
f 2391//2391 2406//2406 2430//2430
f 2413//2413 2393//2393 2453//2453
f 2438//2438 2347//2347 2439//2439
f 2381//2381 2454//2454 2403//2403
f 2381//2381 2336//2336 2397//2397
f 2410//2410 2444//2444 2446//2446
f 2393//2393 2435//2435 2453//2453
f 2317//2317 2365//2365 2455//2455
f 2419//2419 2414//2414 2456//2456
f 2414//2414 2445//2445 2456//2456
f 2380//2380 2379//2379 2432//2432
f 2381//2381 2397//2397 2454//2454
f 2327//2327 2321//2321 2457//2457
f 2382//2382 2426//2426 2458//2458
f 2321//2321 2390//2390 2457//2457
f 2427//2427 2405//2405 2459//2459
f 2429//2429 2362//2362 2460//2460
f 2362//2362 2417//2417 2460//2460
f 2383//2383 2447//2447 2461//2461
f 2406//2406 2412//2412 2407//2407
f 2462//2462 2371//2371 2463//2463
f 2371//2371 2372//2372 2463//2463
f 2388//2388 2396//2396 2464//2464
f 2396//2396 2408//2408 2464//2464
f 2241//2241 2290//2290 2465//2465
f 2290//2290 2367//2367 2465//2465
f 2367//2367 2432//2432 2466//2466
f 2432//2432 2379//2379 2467//2467
f 2348//2348 2403//2403 2468//2468
f 2369//2369 2429//2429 2469//2469
f 2416//2416 2327//2327 2470//2470
f 2327//2327 2457//2457 2470//2470
f 2390//2390 2337//2337 2471//2471
f 2337//2337 2427//2427 2471//2471
f 2427//2427 2459//2459 2472//2472
f 2435//2435 2434//2434 2473//2473
f 2434//2434 2418//2418 2473//2473
f 2418//2418 2474//2474 2475//2475
f 2394//2394 2385//2385 2476//2476
f 2385//2385 2449//2449 2476//2476
f 2365//2365 2375//2375 2477//2477
f 2465//2465 2367//2367 2466//2466
f 2348//2348 2468//2468 2478//2478
f 2397//2397 2312//2312 2479//2479
f 2312//2312 2398//2398 2479//2479
f 2451//2451 2404//2404 2480//2480
f 2417//2417 2452//2452 2481//2481
f 2407//2407 2401//2401 2482//2482
f 2422//2422 2323//2323 2483//2483
f 2384//2384 2423//2423 2484//2484
f 2372//2372 2413//2413 2485//2485
f 2418//2418 2475//2475 2473//2473
f 2475//2475 2474//2474 2486//2486
f 2473//2473 2475//2475 2486//2486
f 2474//2474 2424//2424 2486//2486
f 2486//2486 2424//2424 2487//2487
f 2424//2424 2436//2436 2487//2487
f 2431//2431 2438//2438 2488//2488
f 2438//2438 2439//2439 2488//2488
f 2378//2378 2241//2241 2489//2489
f 2241//2241 2465//2465 2489//2489
f 2468//2468 2403//2403 2454//2454
f 2398//2398 2399//2399 2433//2433
f 2404//2404 2416//2416 2480//2480
f 2458//2458 2426//2426 2490//2490
f 2426//2426 2409//2409 2490//2490
f 2409//2409 2440//2440 2491//2491
f 2440//2440 2441//2441 2491//2491
f 2442//2442 2443//2443 2469//2469
f 2441//2441 2428//2428 2492//2492
f 2429//2429 2460//2460 2493//2493
f 2428//2428 2294//2294 2494//2494
f 2446//2446 2444//2444 2495//2495
f 2452//2452 2448//2448 2496//2496
f 2448//2448 2411//2411 2497//2497
f 2498//2498 2422//2422 2483//2483
f 2462//2462 2463//2463 2499//2499
f 2436//2436 2394//2394 2500//2500
f 2394//2394 2476//2476 2500//2500
f 2365//2365 2477//2477 2455//2455
f 2375//2375 2345//2345 2501//2501
f 2345//2345 2419//2419 2501//2501
f 2419//2419 2456//2456 2501//2501
f 2439//2439 2502//2502 2503//2503
f 2454//2454 2397//2397 2504//2504
f 2294//2294 2446//2446 2494//2494
f 2494//2494 2446//2446 2495//2495
f 2430//2430 2406//2406 2482//2482
f 2406//2406 2407//2407 2482//2482
f 2370//2370 2422//2422 2498//2498
f 2372//2372 2485//2485 2463//2463
f 2436//2436 2505//2505 2487//2487
f 2436//2436 2500//2500 2505//2505
f 2377//2377 2388//2388 2506//2506
f 2488//2488 2439//2439 2503//2503
f 2420//2420 2421//2421 2507//2507
f 2421//2421 2378//2378 2508//2508
f 2397//2397 2479//2479 2509//2509
f 2490//2490 2409//2409 2510//2510
f 2409//2409 2491//2491 2510//2510
f 2469//2469 2429//2429 2493//2493
f 2496//2496 2448//2448 2511//2511
f 2448//2448 2497//2497 2511//2511
f 2401//2401 2370//2370 2498//2498
f 2413//2413 2453//2453 2485//2485
f 2473//2473 2486//2486 2512//2512
f 2476//2476 2449//2449 2513//2513
f 2455//2455 2477//2477 2514//2514
f 2408//2408 2431//2431 2515//2515
f 2408//2408 2515//2515 2516//2516
f 2431//2431 2488//2488 2515//2515
f 2507//2507 2421//2421 2508//2508
f 2378//2378 2489//2489 2508//2508
f 2397//2397 2509//2509 2504//2504
f 2441//2441 2492//2492 2517//2517
f 2460//2460 2417//2417 2518//2518
f 2461//2461 2447//2447 2519//2519
f 2518//2518 2417//2417 2481//2481
f 2485//2485 2453//2453 2520//2520
f 2512//2512 2486//2486 2487//2487
f 2501//2501 2456//2456 2521//2521
f 2464//2464 2408//2408 2516//2516
f 2471//2471 2427//2427 2522//2522
f 2427//2427 2472//2472 2522//2522
f 2492//2492 2428//2428 2494//2494
f 2523//2523 2524//2524 2525//2525
f 2495//2495 2444//2444 2526//2526
f 2519//2519 2447//2447 2527//2527
f 2447//2447 2430//2430 2527//2527
f 2473//2473 2512//2512 2435//2435
f 2456//2456 2445//2445 2521//2521
f 2457//2457 2390//2390 2528//2528
f 2529//2529 2471//2471 2522//2522
f 2430//2430 2530//2530 2527//2527
f 2430//2430 2482//2482 2530//2530
f 2498//2498 2483//2483 2531//2531
f 2455//2455 2514//2514 2437//2437
f 2445//2445 2450//2450 2532//2532
f 2533//2533 2507//2507 2534//2534
f 2507//2507 2508//2508 2534//2534
f 2468//2468 2454//2454 2535//2535
f 2390//2390 2471//2471 2528//2528
f 2528//2528 2471//2471 2529//2529
f 2463//2463 2485//2485 2536//2536
f 2477//2477 2375//2375 2501//2501
f 2537//2537 2538//2538 2539//2539
f 2466//2466 2432//2432 2540//2540
f 2432//2432 2467//2467 2541//2541
f 2454//2454 2504//2504 2535//2535
f 2479//2479 2398//2398 2509//2509
f 2398//2398 2433//2433 2542//2542
f 2451//2451 2480//2480 2543//2543
f 2480//2480 2416//2416 2544//2544
f 2493//2493 2460//2460 2545//2545
f 2482//2482 2401//2401 2546//2546
f 2520//2520 2453//2453 2547//2547
f 2453//2453 2435//2435 2547//2547
f 2512//2512 2548//2548 2549//2549
f 2548//2548 2487//2487 2549//2549
f 2506//2506 2388//2388 2550//2550
f 2388//2388 2464//2464 2550//2550
f 2503//2503 2502//2502 2551//2551
f 2465//2465 2466//2466 2540//2540
f 2509//2509 2398//2398 2542//2542
f 2542//2542 2433//2433 2552//2552
f 2491//2491 2441//2441 2553//2553
f 2441//2441 2517//2517 2553//2553
f 2545//2545 2460//2460 2554//2554
f 2523//2523 2525//2525 2555//2555
f 2460//2460 2518//2518 2554//2554
f 2481//2481 2452//2452 2496//2496
f 2546//2546 2401//2401 2556//2556
f 2401//2401 2498//2498 2556//2556
f 2487//2487 2505//2505 2557//2557
f 2501//2501 2521//2521 2558//2558
f 2488//2488 2503//2503 2551//2551
f 2533//2533 2534//2534 2559//2559
f 2540//2540 2432//2432 2541//2541
f 2458//2458 2490//2490 2560//2560
f 2490//2490 2510//2510 2560//2560
f 2510//2510 2491//2491 2561//2561
f 2491//2491 2553//2553 2561//2561
f 2469//2469 2493//2493 2562//2562
f 2530//2530 2482//2482 2563//2563
f 2511//2511 2497//2497 2564//2564
f 2482//2482 2546//2546 2563//2563
f 2499//2499 2463//2463 2565//2565
f 2435//2435 2512//2512 2566//2566
f 2512//2512 2549//2549 2566//2566
f 2487//2487 2557//2557 2549//2549
f 2505//2505 2500//2500 2557//2557
f 2522//2522 2472//2472 2567//2567
f 2472//2472 2459//2459 2567//2567
f 2500//2500 2476//2476 2568//2568
f 2476//2476 2513//2513 2568//2568
f 2568//2568 2513//2513 2569//2569
f 2570//2570 2437//2437 2571//2571
f 2464//2464 2516//2516 2572//2572
f 2488//2488 2551//2551 2515//2515
f 2537//2537 2539//2539 2573//2573
f 2489//2489 2465//2465 2574//2574
f 2478//2478 2468//2468 2575//2575
f 2562//2562 2493//2493 2576//2576
f 2493//2493 2545//2545 2576//2576
f 2517//2517 2492//2492 2577//2577
f 2536//2536 2485//2485 2578//2578
f 2485//2485 2520//2520 2578//2578
f 2435//2435 2566//2566 2547//2547
f 2464//2464 2572//2572 2579//2579
f 2551//2551 2502//2502 2580//2580
f 2574//2574 2465//2465 2581//2581
f 2465//2465 2540//2540 2581//2581
f 2544//2544 2416//2416 2582//2582
f 2416//2416 2470//2470 2582//2582
f 2560//2560 2510//2510 2583//2583
f 2510//2510 2561//2561 2583//2583
f 2576//2576 2545//2545 2554//2554
f 2556//2556 2498//2498 2584//2584
f 2498//2498 2531//2531 2584//2584
f 2463//2463 2536//2536 2565//2565
f 2521//2521 2445//2445 2532//2532
f 2506//2506 2550//2550 2585//2585
f 2468//2468 2535//2535 2575//2575
f 2542//2542 2552//2552 2586//2586
f 2451//2451 2543//2543 2587//2587
f 2458//2458 2560//2560 2588//2588
f 2567//2567 2459//2459 2589//2589
f 2553//2553 2517//2517 2590//2590
f 2517//2517 2577//2577 2590//2590
f 2494//2494 2495//2495 2591//2591
f 2554//2554 2518//2518 2592//2592
f 2518//2518 2481//2481 2592//2592
f 2527//2527 2530//2530 2593//2593
f 2530//2530 2563//2563 2593//2593
f 2437//2437 2514//2514 2571//2571
f 2594//2594 2595//2595 2596//2596
f 2550//2550 2464//2464 2579//2579
f 2508//2508 2574//2574 2534//2534
f 2478//2478 2575//2575 2597//2597
f 2509//2509 2542//2542 2586//2586
f 2509//2509 2586//2586 2598//2598
f 2470//2470 2457//2457 2599//2599
f 2457//2457 2528//2528 2599//2599
f 2522//2522 2567//2567 2600//2600
f 2492//2492 2494//2494 2591//2591
f 2555//2555 2519//2519 2601//2601
f 2495//2495 2526//2526 2602//2602
f 2519//2519 2527//2527 2601//2601
f 2549//2549 2557//2557 2603//2603
f 2604//2604 2605//2605 2606//2606
f 2514//2514 2477//2477 2607//2607
f 2516//2516 2515//2515 2572//2572
f 2541//2541 2467//2467 2608//2608
f 2609//2609 2583//2583 2561//2561
f 2495//2495 2602//2602 2610//2610
f 2563//2563 2546//2546 2611//2611
f 2531//2531 2612//2612 2584//2584
f 2520//2520 2547//2547 2578//2578
f 2547//2547 2566//2566 2613//2613
f 2566//2566 2549//2549 2603//2603
f 2571//2571 2514//2514 2607//2607
f 2477//2477 2501//2501 2614//2614
f 2501//2501 2558//2558 2614//2614
f 2558//2558 2521//2521 2615//2615
f 2521//2521 2532//2532 2615//2615
f 2540//2540 2541//2541 2608//2608
f 2608//2608 2467//2467 2616//2616
f 2504//2504 2509//2509 2598//2598
f 2609//2609 2561//2561 2617//2617
f 2561//2561 2553//2553 2617//2617
f 2562//2562 2576//2576 2618//2618
f 2576//2576 2554//2554 2619//2619
f 2492//2492 2591//2591 2577//2577
f 2554//2554 2620//2620 2619//2619
f 2554//2554 2592//2592 2620//2620
f 2601//2601 2527//2527 2621//2621
f 2527//2527 2593//2593 2621//2621
f 2496//2496 2511//2511 2622//2622
f 2511//2511 2564//2564 2622//2622
f 2611//2611 2546//2546 2623//2623
f 2603//2603 2557//2557 2624//2624
f 2568//2568 2569//2569 2625//2625
f 2570//2570 2571//2571 2626//2626
f 2515//2515 2551//2551 2627//2627
f 2515//2515 2627//2627 2628//2628
f 2535//2535 2504//2504 2629//2629
f 2504//2504 2598//2598 2629//2629
f 2529//2529 2522//2522 2630//2630
f 2522//2522 2600//2600 2630//2630
f 2617//2617 2553//2553 2590//2590
f 2555//2555 2601//2601 2631//2631
f 2495//2495 2610//2610 2591//2591
f 2481//2481 2496//2496 2632//2632
f 2496//2496 2622//2622 2632//2632
f 2593//2593 2611//2611 2633//2633
f 2546//2546 2556//2556 2623//2623
f 2623//2623 2556//2556 2634//2634
f 2556//2556 2584//2584 2634//2634
f 2484//2484 2635//2635 2636//2636
f 2603//2603 2624//2624 2637//2637
f 2557//2557 2500//2500 2624//2624
f 2586//2586 2552//2552 2638//2638
f 2544//2544 2582//2582 2639//2639
f 2599//2599 2528//2528 2630//2630
f 2528//2528 2529//2529 2630//2630
f 2560//2560 2583//2583 2640//2640
f 2609//2609 2617//2617 2640//2640
f 2562//2562 2618//2618 2641//2641
f 2576//2576 2619//2619 2618//2618
f 2621//2621 2593//2593 2642//2642
f 2592//2592 2481//2481 2643//2643
f 2481//2481 2632//2632 2643//2643
f 2593//2593 2633//2633 2642//2642
f 2584//2584 2612//2612 2644//2644
f 2547//2547 2613//2613 2645//2645
f 2615//2615 2532//2532 2646//2646
f 2559//2559 2534//2534 2647//2647
f 2581//2581 2540//2540 2648//2648
f 2540//2540 2608//2608 2648//2648
f 2649//2649 2586//2586 2638//2638
f 2610//2610 2602//2602 2650//2650
f 2584//2584 2644//2644 2651//2651
f 2578//2578 2547//2547 2652//2652
f 2547//2547 2645//2645 2652//2652
f 2645//2645 2613//2613 2653//2653
f 2613//2613 2566//2566 2654//2654
f 2566//2566 2603//2603 2654//2654
f 2625//2625 2569//2569 2655//2655
f 2626//2626 2571//2571 2607//2607
f 2558//2558 2615//2615 2646//2646
f 2646//2646 2532//2532 2656//2656
f 2579//2579 2572//2572 2657//2657
f 2572//2572 2515//2515 2658//2658
f 2658//2658 2515//2515 2628//2628
f 2598//2598 2586//2586 2659//2659
f 2586//2586 2649//2649 2659//2659
f 2660//2660 2587//2587 2661//2661
f 2587//2587 2639//2639 2661//2661
f 2639//2639 2582//2582 2662//2662
f 2582//2582 2470//2470 2663//2663
f 2470//2470 2599//2599 2663//2663
f 2588//2588 2560//2560 2664//2664
f 2560//2560 2640//2640 2665//2665
f 2630//2630 2600//2600 2666//2666
f 2640//2640 2617//2617 2665//2665
f 2590//2590 2577//2577 2667//2667
f 2577//2577 2591//2591 2668//2668
f 2633//2633 2611//2611 2669//2669
f 2622//2622 2564//2564 2670//2670
f 2611//2611 2623//2623 2669//2669
f 2634//2634 2584//2584 2651//2651
f 2671//2671 2672//2672 2673//2673
f 2499//2499 2565//2565 2674//2674
f 2578//2578 2652//2652 2675//2675
f 2500//2500 2568//2568 2676//2676
f 2568//2568 2625//2625 2676//2676
f 2604//2604 2677//2677 2678//2678
f 2607//2607 2477//2477 2679//2679
f 2477//2477 2614//2614 2679//2679
f 2656//2656 2532//2532 2680//2680
f 2627//2627 2551//2551 2681//2681
f 2551//2551 2580//2580 2681//2681
f 2647//2647 2534//2534 2682//2682
f 2534//2534 2574//2574 2683//2683
f 2575//2575 2535//2535 2684//2684
f 2582//2582 2663//2663 2662//2662
f 2666//2666 2600//2600 2567//2567
f 2665//2665 2617//2617 2685//2685
f 2617//2617 2590//2590 2685//2685
f 2577//2577 2668//2668 2686//2686
f 2631//2631 2601//2601 2687//2687
f 2601//2601 2621//2621 2687//2687
f 2592//2592 2643//2643 2688//2688
f 2689//2689 2632//2632 2622//2622
f 2623//2623 2634//2634 2690//2690
f 2536//2536 2691//2691 2565//2565
f 2536//2536 2578//2578 2691//2691
f 2613//2613 2654//2654 2653//2653
f 2654//2654 2603//2603 2637//2637
f 2624//2624 2500//2500 2692//2692
f 2500//2500 2676//2676 2692//2692
f 2614//2614 2558//2558 2693//2693
f 2558//2558 2646//2646 2693//2693
f 2694//2694 2695//2695 2696//2696
f 2559//2559 2647//2647 2697//2697
f 2682//2682 2534//2534 2683//2683
f 2698//2698 2699//2699 2700//2700
f 2684//2684 2535//2535 2629//2629
f 2598//2598 2659//2659 2629//2629
f 2649//2649 2638//2638 2701//2701
f 2663//2663 2599//2599 2702//2702
f 2664//2664 2560//2560 2703//2703
f 2599//2599 2630//2630 2702//2702
f 2630//2630 2666//2666 2702//2702
f 2560//2560 2665//2665 2703//2703
f 2685//2685 2590//2590 2704//2704
f 2641//2641 2618//2618 2705//2705
f 2590//2590 2667//2667 2704//2704
f 2618//2618 2706//2706 2705//2705
f 2667//2667 2577//2577 2686//2686
f 2618//2618 2619//2619 2706//2706
f 2668//2668 2591//2591 2707//2707
f 2619//2619 2620//2620 2706//2706
f 2706//2706 2620//2620 2708//2708
f 2591//2591 2610//2610 2707//2707
f 2620//2620 2592//2592 2708//2708
f 2642//2642 2633//2633 2709//2709
f 2632//2632 2689//2689 2643//2643
f 2633//2633 2669//2669 2709//2709
f 2669//2669 2623//2623 2710//2710
f 2623//2623 2690//2690 2710//2710
f 2691//2691 2578//2578 2675//2675
f 2637//2637 2624//2624 2711//2711
f 2646//2646 2656//2656 2712//2712
f 2585//2585 2550//2550 2713//2713
f 2550//2550 2657//2657 2713//2713
f 2657//2657 2572//2572 2714//2714
f 2658//2658 2628//2628 2715//2715
f 2628//2628 2627//2627 2715//2715
f 2647//2647 2682//2682 2716//2716
f 2683//2683 2574//2574 2717//2717
f 2581//2581 2648//2648 2718//2718
f 2648//2648 2608//2608 2718//2718
f 2597//2597 2575//2575 2684//2684
f 2629//2629 2659//2659 2719//2719
f 2720//2720 2721//2721 2722//2722
f 2659//2659 2649//2649 2723//2723
f 2722//2722 2721//2721 2724//2724
f 2721//2721 2719//2719 2724//2724
f 2724//2724 2719//2719 2725//2725
f 2659//2659 2725//2725 2719//2719
f 2722//2722 2724//2724 2726//2726
f 2724//2724 2725//2725 2727//2727
f 2726//2726 2724//2724 2728//2728
f 2724//2724 2727//2727 2728//2728
f 2661//2661 2639//2639 2729//2729
f 2727//2727 2730//2730 2728//2728
f 2702//2702 2666//2666 2731//2731
f 2703//2703 2665//2665 2732//2732
f 2666//2666 2567//2567 2733//2733
f 2567//2567 2734//2734 2733//2733
f 2735//2735 2736//2736 2737//2737
f 2735//2735 2737//2737 2738//2738
f 2665//2665 2685//2685 2732//2732
f 2739//2739 2732//2732 2685//2685
f 2734//2734 2567//2567 2740//2740
f 2567//2567 2589//2589 2740//2740
f 2641//2641 2705//2705 2741//2741
f 2742//2742 2741//2741 2743//2743
f 2743//2743 2741//2741 2705//2705
f 2743//2743 2705//2705 2706//2706
f 2667//2667 2686//2686 2744//2744
f 2743//2743 2706//2706 2745//2745
f 2745//2745 2706//2706 2708//2708
f 2707//2707 2610//2610 2746//2746
f 2610//2610 2650//2650 2746//2746
f 2708//2708 2592//2592 2747//2747
f 2747//2747 2592//2592 2688//2688
f 2621//2621 2642//2642 2709//2709
f 2689//2689 2622//2622 2748//2748
f 2622//2622 2749//2749 2748//2748
f 2622//2622 2670//2670 2749//2749
f 2749//2749 2670//2670 2750//2750
f 2710//2710 2690//2690 2751//2751
f 2751//2751 2690//2690 2752//2752
f 2751//2751 2752//2752 2753//2753
f 2753//2753 2752//2752 2754//2754
f 2690//2690 2755//2755 2752//2752
f 2752//2752 2755//2755 2754//2754
f 2690//2690 2634//2634 2756//2756
f 2690//2690 2756//2756 2755//2755
f 2755//2755 2756//2756 2754//2754
f 2756//2756 2634//2634 2757//2757
f 2753//2753 2754//2754 2758//2758
f 2753//2753 2758//2758 2759//2759
f 2754//2754 2756//2756 2758//2758
f 2758//2758 2756//2756 2760//2760
f 2759//2759 2758//2758 2761//2761
f 2761//2761 2758//2758 2760//2760
f 2674//2674 2565//2565 2691//2691
f 2691//2691 2675//2675 2762//2762
f 2675//2675 2652//2652 2762//2762
f 2762//2762 2652//2652 2645//2645
f 2624//2624 2692//2692 2711//2711
f 2692//2692 2676//2676 2763//2763
f 2763//2763 2676//2676 2764//2764
f 2676//2676 2625//2625 2655//2655
f 2676//2676 2655//2655 2764//2764
f 2677//2677 2765//2765 2766//2766
f 2626//2626 2607//2607 2767//2767
f 2767//2767 2607//2607 2768//2768
f 2607//2607 2769//2769 2768//2768
f 2607//2607 2679//2679 2769//2769
f 2646//2646 2712//2712 2693//2693
f 2656//2656 2680//2680 2712//2712
f 2713//2713 2657//2657 2770//2770
f 2714//2714 2572//2572 2771//2771
f 2771//2771 2572//2572 2658//2658
f 2772//2772 2773//2773 2774//2774
f 2775//2775 2697//2697 2647//2647
f 2774//2774 2776//2776 2777//2777
f 2777//2777 2776//2776 2778//2778
f 2777//2777 2778//2778 2779//2779
f 2779//2779 2778//2778 2780//2780
f 2777//2777 2779//2779 2781//2781
f 2717//2717 2574//2574 2581//2581
f 2779//2779 2780//2780 2782//2782
f 2608//2608 2616//2616 2783//2783
f 2597//2597 2684//2684 2784//2784
f 2779//2779 2782//2782 2785//2785
f 2781//2781 2779//2779 2786//2786
f 2779//2779 2785//2785 2786//2786
f 2784//2784 2684//2684 2787//2787
f 2785//2785 2784//2784 2787//2787
f 2781//2781 2786//2786 2788//2788
f 2785//2785 2787//2787 2789//2789
f 2786//2786 2785//2785 2790//2790
f 2785//2785 2789//2789 2790//2790
f 2684//2684 2629//2629 2787//2787
f 2788//2788 2786//2786 2720//2720
f 2786//2786 2790//2790 2720//2720
f 2629//2629 2791//2791 2787//2787
f 2789//2789 2787//2787 2791//2791
f 2790//2790 2789//2789 2721//2721
f 2721//2721 2789//2789 2791//2791
f 2629//2629 2719//2719 2791//2791
f 2792//2792 2793//2793 2794//2794
f 2795//2795 2726//2726 2796//2796
f 2726//2726 2728//2728 2796//2796
f 2730//2730 2794//2794 2797//2797
f 2794//2794 2793//2793 2797//2797
f 2793//2793 2798//2798 2797//2797
f 2793//2793 2799//2799 2798//2798
f 2799//2799 2800//2800 2798//2798
f 2798//2798 2800//2800 2801//2801
f 2800//2800 2802//2802 2801//2801
f 2801//2801 2802//2802 2729//2729
f 2802//2802 2661//2661 2729//2729
f 2730//2730 2797//2797 2728//2728
f 2728//2728 2797//2797 2803//2803
f 2803//2803 2797//2797 2804//2804
f 2797//2797 2798//2798 2804//2804
f 2801//2801 2729//2729 2805//2805
f 2806//2806 2796//2796 2807//2807
f 2796//2796 2728//2728 2807//2807
f 2798//2798 2801//2801 2808//2808
f 2662//2662 2663//2663 2805//2805
f 2801//2801 2805//2805 2663//2663
f 2801//2801 2663//2663 2808//2808
f 2809//2809 2806//2806 2807//2807
f 2807//2807 2728//2728 2810//2810
f 2810//2810 2728//2728 2811//2811
f 2728//2728 2803//2803 2812//2812
f 2728//2728 2812//2812 2811//2811
f 2804//2804 2798//2798 2808//2808
f 2663//2663 2702//2702 2808//2808
f 2809//2809 2807//2807 2813//2813
f 2807//2807 2810//2810 2814//2814
f 2807//2807 2814//2814 2813//2813
f 2803//2803 2804//2804 2812//2812
f 2812//2812 2804//2804 2815//2815
f 2815//2815 2804//2804 2816//2816
f 2804//2804 2817//2817 2816//2816
f 2804//2804 2808//2808 2817//2817
f 2808//2808 2702//2702 2818//2818
f 2702//2702 2731//2731 2818//2818
f 2731//2731 2666//2666 2819//2819
f 2820//2820 2821//2821 2739//2739
f 2703//2703 2732//2732 2739//2739
f 2821//2821 2703//2703 2739//2739
f 2822//2822 2809//2809 2813//2813
f 2815//2815 2816//2816 2823//2823
f 2817//2817 2808//2808 2824//2824
f 2817//2817 2824//2824 2825//2825
f 2731//2731 2819//2819 2818//2818
f 2666//2666 2733//2733 2819//2819
f 2819//2819 2733//2733 2826//2826
f 2733//2733 2734//2734 2826//2826
f 2738//2738 2737//2737 2820//2820
f 2738//2738 2820//2820 2827//2827
f 2820//2820 2739//2739 2827//2827
f 2822//2822 2813//2813 2828//2828
f 2824//2824 2829//2829 2825//2825
f 2824//2824 2808//2808 2829//2829
f 2829//2829 2808//2808 2818//2818
f 2818//2818 2819//2819 2830//2830
f 2819//2819 2826//2826 2830//2830
f 2830//2830 2826//2826 2831//2831
f 2831//2831 2826//2826 2832//2832
f 2734//2734 2740//2740 2738//2738
f 2734//2734 2738//2738 2826//2826
f 2826//2826 2738//2738 2832//2832
f 2739//2739 2685//2685 2833//2833
f 2739//2739 2833//2833 2827//2827
f 2685//2685 2704//2704 2833//2833
f 2742//2742 2743//2743 2834//2834
f 2835//2835 2742//2742 2834//2834
f 2829//2829 2818//2818 2836//2836
f 2818//2818 2837//2837 2836//2836
f 2818//2818 2830//2830 2837//2837
f 2830//2830 2831//2831 2837//2837
f 2832//2832 2738//2738 2838//2838
f 2738//2738 2827//2827 2838//2838
f 2704//2704 2839//2839 2833//2833
f 2704//2704 2667//2667 2839//2839
f 2835//2835 2834//2834 2840//2840
f 2832//2832 2838//2838 2841//2841
f 2838//2838 2827//2827 2842//2842
f 2827//2827 2833//2833 2842//2842
f 2842//2842 2833//2833 2839//2839
f 2667//2667 2744//2744 2839//2839
f 2744//2744 2686//2686 2843//2843
f 2743//2743 2745//2745 2834//2834
f 2840//2840 2834//2834 2745//2745
f 2832//2832 2841//2841 2831//2831
f 2839//2839 2744//2744 2842//2842
f 2842//2842 2744//2744 2843//2843
f 2686//2686 2668//2668 2843//2843
f 2668//2668 2707//2707 2844//2844
f 2668//2668 2844//2844 2843//2843
f 2838//2838 2842//2842 2845//2845
f 2845//2845 2842//2842 2846//2846
f 2842//2842 2847//2847 2846//2846
f 2842//2842 2848//2848 2847//2847
f 2842//2842 2843//2843 2848//2848
f 2848//2848 2843//2843 2849//2849
f 2843//2843 2844//2844 2849//2849
f 2707//2707 2850//2850 2844//2844
f 2844//2844 2850//2850 2851//2851
f 2707//2707 2746//2746 2850//2850
f 2850//2850 2746//2746 2840//2840
f 2850//2850 2840//2840 2851//2851
f 2708//2708 2747//2747 2745//2745
f 2687//2687 2621//2621 2852//2852
f 2849//2849 2853//2853 2848//2848
f 2849//2849 2854//2854 2853//2853
f 2849//2849 2844//2844 2854//2854
f 2854//2854 2844//2844 2855//2855
f 2844//2844 2851//2851 2855//2855
f 2851//2851 2840//2840 2856//2856
f 2840//2840 2745//2745 2856//2856
f 2745//2745 2747//2747 2856//2856
f 2747//2747 2688//2688 2857//2857
f 2621//2621 2709//2709 2858//2858
f 2621//2621 2858//2858 2852//2852
f 2851//2851 2859//2859 2855//2855
f 2851//2851 2856//2856 2859//2859
f 2747//2747 2857//2857 2856//2856
f 2688//2688 2643//2643 2860//2860
f 2688//2688 2860//2860 2857//2857
f 2857//2857 2860//2860 2861//2861
f 2643//2643 2689//2689 2860//2860
f 2860//2860 2689//2689 2861//2861
f 2862//2862 2863//2863 2858//2858
f 2859//2859 2856//2856 2864//2864
f 2859//2859 2864//2864 2865//2865
f 2856//2856 2857//2857 2866//2866
f 2856//2856 2866//2866 2864//2864
f 2857//2857 2861//2861 2866//2866
f 2866//2866 2861//2861 2867//2867
f 2689//2689 2748//2748 2861//2861
f 2861//2861 2748//2748 2867//2867
f 2748//2748 2749//2749 2868//2868
f 2862//2862 2858//2858 2869//2869
f 2709//2709 2669//2669 2858//2858
f 2858//2858 2669//2669 2869//2869
f 2866//2866 2870//2870 2871//2871
f 2866//2866 2867//2867 2870//2870
f 2867//2867 2748//2748 2868//2868
f 2749//2749 2750//2750 2869//2869
f 2749//2749 2869//2869 2868//2868
f 2869//2869 2872//2872 2868//2868
f 2869//2869 2669//2669 2873//2873
f 2669//2669 2710//2710 2873//2873
f 2870//2870 2867//2867 2874//2874
f 2867//2867 2875//2875 2874//2874
f 2867//2867 2868//2868 2875//2875
f 2875//2875 2868//2868 2876//2876
f 2868//2868 2872//2872 2876//2876
f 2869//2869 2873//2873 2872//2872
f 2872//2872 2873//2873 2753//2753
f 2710//2710 2751//2751 2873//2873
f 2873//2873 2751//2751 2753//2753
f 2876//2876 2872//2872 2877//2877
f 2634//2634 2651//2651 2878//2878
f 2878//2878 2651//2651 2879//2879
f 2651//2651 2644//2644 2879//2879
f 2761//2761 2760//2760 2880//2880
f 2880//2880 2760//2760 2881//2881
f 2882//2882 2883//2883 2884//2884
f 2883//2883 2885//2885 2884//2884
f 2882//2882 2884//2884 2886//2886
f 2884//2884 2885//2885 2887//2887
f 2885//2885 2888//2888 2887//2887
f 2887//2887 2888//2888 2889//2889
f 2888//2888 2890//2890 2889//2889
f 2884//2884 2891//2891 2886//2886
f 2884//2884 2887//2887 2891//2891
f 2887//2887 2892//2892 2891//2891
f 2887//2887 2889//2889 2892//2892
f 2889//2889 2893//2893 2892//2892
f 2890//2890 2894//2894 2889//2889
f 2890//2890 2895//2895 2894//2894
f 2894//2894 2895//2895 2896//2896
f 2892//2892 2893//2893 2897//2897
f 2889//2889 2894//2894 2893//2893
f 2897//2897 2898//2898 2899//2899
f 2897//2897 2893//2893 2898//2898
f 2898//2898 2893//2893 2900//2900
f 2893//2893 2894//2894 2900//2900
f 2900//2900 2894//2894 2901//2901
f 2894//2894 2896//2896 2901//2901
f 2902//2902 2903//2903 2904//2904
f 2896//2896 2902//2902 2905//2905
f 2896//2896 2905//2905 2901//2901
f 2902//2902 2904//2904 2905//2905
f 2903//2903 2906//2906 2904//2904
f 2901//2901 2907//2907 2900//2900
f 2901//2901 2905//2905 2907//2907
f 2905//2905 2904//2904 2908//2908
f 2904//2904 2906//2906 2908//2908
f 2908//2908 2906//2906 2909//2909
f 2906//2906 2910//2910 2909//2909
f 2910//2910 2911//2911 2909//2909
f 2907//2907 2905//2905 2912//2912
f 2905//2905 2908//2908 2912//2912
f 2912//2912 2908//2908 2913//2913
f 2909//2909 2914//2914 2908//2908
f 2908//2908 2914//2914 2913//2913
f 2909//2909 2915//2915 2914//2914
f 2674//2674 2916//2916 2911//2911
f 2909//2909 2911//2911 2915//2915
f 2915//2915 2911//2911 2917//2917
f 2674//2674 2691//2691 2916//2916
f 2911//2911 2916//2916 2917//2917
f 2691//2691 2762//2762 2916//2916
f 2916//2916 2762//2762 2918//2918
f 2762//2762 2645//2645 2919//2919
f 2762//2762 2919//2919 2918//2918
f 2645//2645 2920//2920 2919//2919
f 2645//2645 2653//2653 2920//2920
f 2920//2920 2653//2653 2921//2921
f 2920//2920 2921//2921 2922//2922
f 2653//2653 2654//2654 2921//2921
f 2922//2922 2921//2921 2923//2923
f 2654//2654 2637//2637 2921//2921
f 2921//2921 2637//2637 2923//2923
f 2920//2920 2922//2922 2924//2924
f 2922//2922 2923//2923 2925//2925
f 2924//2924 2922//2922 2925//2925
f 2925//2925 2923//2923 2767//2767
f 2923//2923 2637//2637 2711//2711
f 2923//2923 2711//2711 2767//2767
f 2692//2692 2763//2763 2711//2711
f 2924//2924 2925//2925 2926//2926
f 2925//2925 2767//2767 2768//2768
f 2766//2766 2765//2765 2927//2927
f 2925//2925 2768//2768 2928//2928
f 2926//2926 2925//2925 2928//2928
f 2928//2928 2768//2768 2769//2769
f 2928//2928 2769//2769 2929//2929
f 2929//2929 2769//2769 2930//2930
f 2930//2930 2769//2769 2679//2679
f 2928//2928 2929//2929 2772//2772
f 2930//2930 2679//2679 2614//2614
f 2931//2931 2772//2772 2926//2926
f 2930//2930 2614//2614 2932//2932
f 2614//2614 2693//2693 2932//2932
f 2929//2929 2930//2930 2933//2933
f 2933//2933 2930//2930 2934//2934
f 2930//2930 2932//2932 2934//2934
f 2712//2712 2680//2680 2935//2935
f 2929//2929 2933//2933 2772//2772
f 2713//2713 2770//2770 2934//2934
f 2772//2772 2933//2933 2936//2936
f 2934//2934 2770//2770 2933//2933
f 2933//2933 2657//2657 2937//2937
f 2936//2936 2933//2933 2937//2937
f 2772//2772 2938//2938 2926//2926
f 2657//2657 2714//2714 2937//2937
f 2772//2772 2774//2774 2938//2938
f 2714//2714 2771//2771 2937//2937
f 2936//2936 2937//2937 2773//2773
f 2773//2773 2937//2937 2771//2771
f 2773//2773 2771//2771 2939//2939
f 2939//2939 2771//2771 2658//2658
f 2773//2773 2939//2939 2940//2940
f 2939//2939 2658//2658 2940//2940
f 2715//2715 2627//2627 2941//2941
f 2715//2715 2941//2941 2942//2942
f 2627//2627 2681//2681 2941//2941
f 2773//2773 2940//2940 2776//2776
f 2776//2776 2940//2940 2943//2943
f 2940//2940 2775//2775 2943//2943
f 2647//2647 2716//2716 2775//2775
f 2943//2943 2775//2775 2716//2716
f 2774//2774 2777//2777 2938//2938
f 2778//2778 2776//2776 2944//2944
f 2776//2776 2943//2943 2945//2945
f 2776//2776 2945//2945 2944//2944
f 2943//2943 2716//2716 2945//2945
f 2716//2716 2682//2682 2945//2945
f 2682//2682 2683//2683 2946//2946
f 2682//2682 2946//2946 2945//2945
f 2944//2944 2945//2945 2946//2946
f 2944//2944 2946//2946 2947//2947
f 2683//2683 2717//2717 2946//2946
f 2777//2777 2781//2781 2938//2938
f 2938//2938 2781//2781 2948//2948
f 2717//2717 2581//2581 2946//2946
f 2946//2946 2581//2581 2949//2949
f 2947//2947 2946//2946 2950//2950
f 2950//2950 2946//2946 2949//2949
f 2581//2581 2951//2951 2949//2949
f 2581//2581 2718//2718 2951//2951
f 2949//2949 2951//2951 2952//2952
f 2950//2950 2949//2949 2953//2953
f 2949//2949 2952//2952 2953//2953
f 2597//2597 2954//2954 2953//2953
f 2950//2950 2953//2953 2954//2954
f 2597//2597 2784//2784 2954//2954
f 2781//2781 2788//2788 2948//2948
f 2722//2722 2955//2955 2788//2788
f 2723//2723 2649//2649 2956//2956
f 2649//2649 2701//2701 2956//2956
f 2956//2956 2701//2701 2957//2957
f 2722//2722 2726//2726 2955//2955
f 2726//2726 2795//2795 2955//2955
f 2792//2792 2794//2794 2958//2958
f 2959//2959 2958//2958 2794//2794
f 2660//2660 2661//2661 2960//2960
f 2795//2795 2796//2796 2961//2961
f 2664//2664 2703//2703 2962//2962
f 2811//2811 2812//2812 2963//2963
f 2811//2811 2963//2963 2964//2964
f 2965//2965 2966//2966 2967//2967
f 2966//2966 2822//2822 2967//2967
f 2814//2814 2810//2810 2968//2968
f 2968//2968 2810//2810 2964//2964
f 2812//2812 2815//2815 2963//2963
f 2815//2815 2969//2969 2963//2963
f 2815//2815 2823//2823 2969//2969
f 2970//2970 2742//2742 2971//2971
f 2972//2972 2965//2965 2967//2967
f 2967//2967 2822//2822 2828//2828
f 2813//2813 2814//2814 2968//2968
f 2816//2816 2973//2973 2823//2823
f 2816//2816 2817//2817 2973//2973
f 2817//2817 2825//2825 2973//2973
f 2972//2972 2967//2967 2974//2974
f 2967//2967 2828//2828 2975//2975
f 2828//2828 2813//2813 2976//2976
f 2825//2825 2829//2829 2977//2977
f 2829//2829 2836//2836 2977//2977
f 2978//2978 2974//2974 2979//2979
f 2974//2974 2967//2967 2979//2979
f 2967//2967 2975//2975 2979//2979
f 2975//2975 2828//2828 2980//2980
f 2837//2837 2981//2981 2836//2836
f 2837//2837 2831//2831 2981//2981
f 2978//2978 2979//2979 2982//2982
f 2979//2979 2983//2983 2982//2982
f 2979//2979 2984//2984 2983//2983
f 2979//2979 2975//2975 2984//2984
f 2831//2831 2985//2985 2981//2981
f 2831//2831 2841//2841 2985//2985
f 2841//2841 2838//2838 2985//2985
f 2986//2986 2978//2978 2982//2982
f 2838//2838 2845//2845 2987//2987
f 2838//2838 2987//2987 2985//2985
f 2845//2845 2846//2846 2987//2987
f 2986//2986 2982//2982 2988//2988
f 2982//2982 2983//2983 2988//2988
f 2846//2846 2847//2847 2987//2987
f 2987//2987 2847//2847 2989//2989
f 2847//2847 2848//2848 2990//2990
f 2847//2847 2990//2990 2989//2989
f 2848//2848 2853//2853 2991//2991
f 2848//2848 2991//2991 2990//2990
f 2853//2853 2854//2854 2992//2992
f 2853//2853 2992//2992 2991//2991
f 2991//2991 2992//2992 2993//2993
f 2854//2854 2994//2994 2992//2992
f 2854//2854 2855//2855 2994//2994
f 2855//2855 2859//2859 2994//2994
f 2859//2859 2865//2865 2994//2994
f 2865//2865 2864//2864 2995//2995
f 2865//2865 2995//2995 2994//2994
f 2864//2864 2866//2866 2871//2871
f 2864//2864 2871//2871 2995//2995
f 2871//2871 2870//2870 2996//2996
f 2870//2870 2874//2874 2996//2996
f 2874//2874 2875//2875 2997//2997
f 2874//2874 2997//2997 2996//2996
f 2875//2875 2876//2876 2998//2998
f 2875//2875 2998//2998 2997//2997
f 2757//2757 2878//2878 2999//2999
f 2757//2757 2634//2634 2878//2878
f 2876//2876 2877//2877 3000//3000
f 2876//2876 3000//3000 2998//2998
f 2877//2877 2872//2872 3000//3000
f 2872//2872 2759//2759 3001//3001
f 2759//2759 2761//2761 3001//3001
f 2882//2882 2886//2886 3002//3002
f 2886//2886 2891//2891 3003//3003
f 3003//3003 2891//2891 3004//3004
f 2892//2892 2897//2897 2899//2899
f 2903//2903 3005//3005 3006//3006
f 2898//2898 2900//2900 3007//3007
f 2907//2907 3008//3008 2900//2900
f 2636//2636 3009//3009 3010//3010
f 2913//2913 3011//3011 2912//2912
f 2913//2913 2914//2914 3011//3011
f 2914//2914 3012//3012 3011//3011
f 3012//3012 2914//2914 2915//2915
f 2918//2918 2919//2919 3013//3013
f 2919//2919 2920//2920 3014//3014
f 2920//2920 2924//2924 3014//3014
f 3014//3014 2924//2924 3015//3015
f 2711//2711 2763//2763 3016//3016
f 2764//2764 2655//2655 3017//3017
f 2924//2924 2926//2926 3015//3015
f 2926//2926 3018//3018 3015//3015
f 2932//2932 2693//2693 3019//3019
f 2693//2693 2712//2712 3019//3019
f 3019//3019 2712//2712 3020//3020
f 3019//3019 3020//3020 3021//3021
f 3021//3021 3020//3020 3022//3022
f 2712//2712 2935//2935 3020//3020
f 2696//2696 2695//2695 3021//3021
f 2926//2926 3023//3023 3018//3018
f 2926//2926 2938//2938 3023//3023
f 2658//2658 2715//2715 2942//2942
f 2658//2658 2942//2942 3024//3024
f 2658//2658 3024//3024 3025//3025
f 2948//2948 3026//3026 2938//2938
f 2951//2951 2718//2718 3027//3027
f 2951//2951 3027//3027 3028//3028
f 2718//2718 2608//2608 3029//3029
f 2723//2723 2956//2956 3030//3030
f 2956//2956 2957//2957 3031//3031
f 3031//3031 2957//2957 3032//3032
f 2960//2960 2661//2661 3033//3033
f 2964//2964 2963//2963 3034//3034
f 2823//2823 2973//2973 3035//3035
f 2973//2973 2825//2825 3035//3035
f 2825//2825 2977//2977 3036//3036
f 2828//2828 2976//2976 2980//2980
f 2977//2977 2836//2836 3036//3036
f 2836//2836 2981//2981 3037//3037
f 3038//3038 2978//2978 2986//2986
f 2975//2975 2980//2980 3039//3039
f 3037//3037 2981//2981 2985//2985
f 2631//2631 2687//2687 3040//3040
f 3041//3041 3038//3038 2986//2986
f 2984//2984 2975//2975 3039//3039
f 2985//2985 2987//2987 3042//3042
f 2687//2687 2852//2852 3043//3043
f 3041//3041 2986//2986 3044//3044
f 2983//2983 2984//2984 3045//3045
f 3044//3044 2986//2986 3046//3046
f 2986//2986 2988//2988 3046//3046
f 2990//2990 2991//2991 2993//2993
f 3047//3047 3044//3044 3048//3048
f 3044//3044 3046//3046 3048//3048
f 3046//3046 2988//2988 3049//3049
f 2988//2988 2983//2983 3049//3049
f 2993//2993 2992//2992 2994//2994
f 3047//3047 3048//3048 3050//3050
f 3051//3051 3047//3047 3050//3050
f 3050//3050 3048//3048 3052//3052
f 2871//2871 2996//2996 2995//2995
f 3051//3051 3050//3050 3053//3053
f 3050//3050 3052//3052 3053//3053
f 3054//3054 3051//3051 3053//3053
f 2998//2998 3000//3000 2997//2997
f 2999//2999 2878//2878 3055//3055
f 2879//2879 2644//2644 3056//3056
f 2872//2872 3001//3001 3000//3000
f 3001//3001 2761//2761 3057//3057
f 2761//2761 2880//2880 3057//3057
f 2880//2880 2881//2881 3057//3057
f 3002//3002 2886//2886 3058//3058
f 2886//2886 3003//3003 3059//3059
f 3059//3059 3003//3003 3060//3060
f 3004//3004 3061//3061 3062//3062
f 2891//2891 2892//2892 3004//3004
f 3004//3004 2892//2892 3063//3063
f 3004//3004 3063//3063 3061//3061
f 3063//3063 2892//2892 3064//3064
f 2892//2892 2899//2899 3064//3064
f 3003//3003 3065//3065 3060//3060
f 3003//3003 3004//3004 3065//3065
f 3065//3065 3004//3004 3062//3062
f 3065//3065 3062//3062 3066//3066
f 3062//3062 3061//3061 3066//3066
f 3066//3066 3061//3061 3067//3067
f 2899//2899 2898//2898 3068//3068
f 3060//3060 3065//3065 3069//3069
f 3065//3065 3066//3066 3070//3070
f 3065//3065 3070//3070 3069//3069
f 3066//3066 3067//3067 3070//3070
f 2898//2898 3007//3007 3068//3068
f 3007//3007 2900//2900 3071//3071
f 2900//2900 3008//3008 3071//3071
f 3008//3008 2907//2907 3072//3072
f 2907//2907 2912//2912 3072//3072
f 3072//3072 2912//2912 3011//3011
f 3012//3012 2915//2915 3073//3073
f 3073//3073 2915//2915 2917//2917
f 2917//2917 2916//2916 3074//3074
f 2916//2916 2918//2918 3074//3074
f 2918//2918 3013//3013 3074//3074
f 3074//3074 3013//3013 3075//3075
f 3075//3075 3013//3013 3076//3076
f 3013//3013 2919//2919 3077//3077
f 3013//3013 3077//3077 3076//3076
f 2919//2919 3014//3014 3077//3077
f 3077//3077 3014//3014 3078//3078
f 3014//3014 3015//3015 3078//3078
f 3016//3016 2763//2763 3079//3079
f 3016//3016 3079//3079 3080//3080
f 3080//3080 3079//3079 3081//3081
f 2763//2763 2764//2764 3079//3079
f 3079//3079 2764//2764 3017//3017
f 3017//3017 2655//2655 3082//3082
f 2766//2766 2927//2927 3081//3081
f 3080//3080 3081//3081 2927//2927
f 3020//3020 2935//2935 3083//3083
f 2681//2681 2580//2580 2941//2941
f 2941//2941 2580//2580 3084//3084
f 3025//3025 3024//3024 3085//3085
f 2938//2938 3026//3026 3023//3023
f 3086//3086 3028//3028 3087//3087
f 2948//2948 2788//2788 3026//3026
f 2788//2788 2955//2955 3088//3088
f 3030//3030 2956//2956 3089//3089
f 3030//3030 3089//3089 3090//3090
f 3030//3030 3090//3090 3091//3091
f 2956//2956 3031//3031 3089//3089
f 3033//3033 3092//3092 3093//3093
f 2964//2964 3034//3034 3094//3094
f 3034//3034 2963//2963 2969//2969
f 2969//2969 2823//2823 3035//3035
f 2813//2813 2968//2968 3095//3095
f 2825//2825 3036//3036 3035//3035
f 2836//2836 3037//3037 3036//3036
f 2983//2983 3045//3045 3049//3049
f 2990//2990 2993//2993 2989//2989
f 2994//2994 3096//3096 2993//2993
f 3046//3046 3049//3049 3097//3097
f 3098//3098 3099//3099 3100//3100
f 3100//3100 3099//3099 3051//3051
f 3048//3048 3046//3046 3097//3097
f 2995//2995 2996//2996 3101//3101
f 3102//3102 3100//3100 3103//3103
f 3100//3100 3051//3051 3054//3054
f 3052//3052 3048//3048 3104//3104
f 3100//3100 3105//3105 3103//3103
f 3100//3100 3054//3054 3105//3105
f 3053//3053 3052//3052 3106//3106
f 3106//3106 3052//3052 3104//3104
f 3107//3107 3105//3105 3108//3108
f 3107//3107 3103//3103 3105//3105
f 3105//3105 3054//3054 3109//3109
f 3000//3000 3001//3001 2997//2997
f 3105//3105 3110//3110 3108//3108
f 3110//3110 3105//3105 3109//3109
f 3111//3111 3108//3108 3112//3112
f 3112//3112 3108//3108 3113//3113
f 3108//3108 3110//3110 3113//3113
f 3057//3057 2881//2881 3114//3114
f 2886//2886 3059//3059 3058//3058
f 3060//3060 3069//3069 3059//3059
f 3059//3059 3069//3069 3115//3115
f 3070//3070 3067//3067 3116//3116
f 3067//3067 3117//3117 3116//3116
f 3071//3071 3008//3008 3118//3118
f 3069//3069 3070//3070 3115//3115
f 3115//3115 3070//3070 3119//3119
f 3115//3115 3119//3119 3120//3120
f 3070//3070 3116//3116 3119//3119
f 3072//3072 3011//3011 3121//3121
f 3011//3011 3012//3012 3122//3122
f 2917//2917 3074//3074 3073//3073
f 3073//3073 3074//3074 3123//3123
f 3074//3074 3075//3075 3123//3123
f 3119//3119 3116//3116 3124//3124
f 3116//3116 3125//3125 3124//3124
f 3116//3116 3117//3117 3125//3125
f 3125//3125 3117//3117 3126//3126
f 3079//3079 3017//3017 3127//3127
f 3127//3127 3017//3017 3128//3128
f 3128//3128 3017//3017 3129//3129
f 3120//3120 3119//3119 3130//3130
f 3130//3130 3119//3119 3131//3131
f 3119//3119 3124//3124 3131//3131
f 3083//3083 2935//2935 3132//3132
f 2935//2935 2680//2680 3133//3133
f 3130//3130 3131//3131 3134//3134
f 3134//3134 3131//3131 3135//3135
f 3131//3131 3124//3124 3135//3135
f 3124//3124 3125//3125 3136//3136
f 3125//3125 3126//3126 3136//3136
f 3136//3136 3126//3126 3137//3137
f 2942//2942 2941//2941 3138//3138
f 3135//3135 3124//3124 3136//3136
f 3024//3024 2942//2942 3139//3139
f 3134//3134 3135//3135 3140//3140
f 3135//3135 3136//3136 3140//3140
f 3140//3140 3136//3136 3141//3141
f 3136//3136 3137//3137 3141//3141
f 3134//3134 3140//3140 3142//3142
f 3027//3027 2718//2718 3029//3029
f 3027//3027 3029//3029 3143//3143
f 3027//3027 3143//3143 3144//3144
f 3029//3029 2608//2608 3145//3145
f 2608//2608 2783//2783 3145//3145
f 3142//3142 3140//3140 3146//3146
f 3140//3140 3141//3141 3146//3146
f 3141//3141 3137//3137 3147//3147
f 3091//3091 3090//3090 3148//3148
f 3090//3090 3089//3089 3149//3149
f 3089//3089 3031//3031 3149//3149
f 3149//3149 3031//3031 3150//3150
f 3031//3031 3032//3032 3150//3150
f 3142//3142 3146//3146 3151//3151
f 3146//3146 3141//3141 3152//3152
f 3141//3141 3147//3147 3152//3152
f 2968//2968 2964//2964 3153//3153
f 2964//2964 3094//3094 3153//3153
f 3154//3154 3155//3155 3156//3156
f 2969//2969 3035//3035 3157//3157
f 3151//3151 3146//3146 3158//3158
f 3146//3146 3152//3152 3158//3158
f 2976//2976 2813//2813 3095//3095
f 3035//3035 3036//3036 3159//3159
f 3036//3036 3037//3037 3160//3160
f 3039//3039 2980//2980 3161//3161
f 3037//3037 2985//2985 3042//3042
f 3152//3152 3147//3147 3162//3162
f 3151//3151 3158//3158 3163//3163
f 3152//3152 3162//3162 3107//3107
f 2987//2987 3164//3164 3042//3042
f 2987//2987 2989//2989 3164//3164
f 3163//3163 3158//3158 3108//3108
f 3158//3158 3152//3152 3107//3107
f 3158//3158 3107//3107 3108//3108
f 2994//2994 2995//2995 3165//3165
f 3165//3165 2995//2995 3101//3101
f 3048//3048 3097//3097 3104//3104
f 2996//2996 2997//2997 3166//3166
f 2999//2999 3055//3055 3167//3167
f 3055//3055 2878//2878 2879//2879
f 3054//3054 3053//3053 3168//3168
f 3168//3168 3053//3053 3106//3106
f 3109//3109 3054//3054 3169//3169
f 3169//3169 3054//3054 3168//3168
f 3109//3109 3169//3169 3110//3110
f 3112//3112 3113//3113 3170//3170
f 3113//3113 3110//3110 3171//3171
f 3064//3064 2899//2899 3172//3172
f 2899//2899 3068//3068 3172//3172
f 3008//3008 3072//3072 3173//3173
f 3173//3173 3072//3072 3121//3121
f 3011//3011 3122//3122 3121//3121
f 3076//3076 3077//3077 3174//3174
f 3120//3120 3175//3175 3115//3115
f 3129//3129 3017//3017 3082//3082
f 3120//3120 3130//3130 3175//3175
f 3130//3130 3176//3176 3175//3175
f 2935//2935 3133//3133 3132//3132
f 3130//3130 3134//3134 3176//3176
f 3176//3176 3134//3134 3177//3177
f 3134//3134 3142//3142 3177//3177
f 3026//3026 2788//2788 3088//3088
f 3090//3090 3149//3149 3148//3148
f 3148//3148 3149//3149 3178//3178
f 3149//3149 3150//3150 3179//3179
f 3149//3149 3179//3179 3178//3178
f 3150//3150 3032//3032 3180//3180
f 3088//3088 2955//2955 3181//3181
f 2960//2960 3093//3093 3182//3182
f 2955//2955 2795//2795 3181//3181
f 3183//3183 3184//3184 3093//3093
f 3034//3034 2969//2969 3157//3157
f 3095//3095 2968//2968 3153//3153
f 3157//3157 3035//3035 3185//3185
f 3035//3035 3159//3159 3185//3185
f 2978//2978 3038//3038 3186//3186
f 3037//3037 3042//3042 3160//3160
f 3040//3040 2687//2687 3187//3187
f 2687//2687 3043//3043 3188//3188
f 2687//2687 3188//3188 3187//3187
f 3049//3049 3045//3045 3189//3189
f 2989//2989 3190//3190 3164//3164
f 2989//2989 2993//2993 3190//3190
f 2993//2993 3191//3191 3190//3190
f 2993//2993 3096//3096 3191//3191
f 2994//2994 3165//3165 3096//3096
f 2996//2996 3166//3166 3101//3101
f 3106//3106 3104//3104 3192//3192
f 3166//3166 2997//2997 3193//3193
f 3167//3167 3055//3055 3194//3194
f 3055//3055 2879//2879 3195//3195
f 2879//2879 3056//3056 3195//3195
f 2997//2997 3001//3001 3193//3193
f 3001//3001 3196//3196 3193//3193
f 3001//3001 3057//3057 3196//3196
f 3057//3057 3114//3114 3197//3197
f 3110//3110 3169//3169 3171//3171
f 3058//3058 3059//3059 3198//3198
f 3172//3172 3068//3068 3199//3199
f 3068//3068 3007//3007 3199//3199
f 3059//3059 3115//3115 3200//3200
f 3118//3118 3008//3008 3173//3173
f 3012//3012 3073//3073 3122//3122
f 3075//3075 3076//3076 3123//3123
f 3123//3123 3076//3076 3201//3201
f 3076//3076 3174//3174 3201//3201
f 3174//3174 3077//3077 3202//3202
f 3077//3077 3078//3078 3202//3202
f 3127//3127 3128//3128 3203//3203
f 3203//3203 3128//3128 3129//3129
f 3015//3015 3018//3018 3204//3204
f 3083//3083 3132//3132 3205//3205
f 3206//3206 3018//3018 3207//3207
f 3018//3018 3023//3023 3207//3207
f 3138//3138 2941//2941 3208//3208
f 3023//3023 3026//3026 3207//3207
f 3026//3026 3209//3209 3207//3207
f 3026//3026 3210//3210 3209//3209
f 3145//3145 2783//2783 3211//3211
f 3026//3026 3088//3088 3210//3210
f 3150//3150 3180//3180 3212//3212
f 3178//3178 3179//3179 3213//3213
f 3182//3182 3184//3184 3214//3214
f 3215//3215 2965//2965 3216//3216
f 3153//3153 3094//3094 3217//3217
f 3094//3094 3034//3034 3217//3217
f 3034//3034 3157//3157 3217//3217
f 3217//3217 3157//3157 3218//3218
f 3157//3157 3185//3185 3218//3218
f 2976//2976 3095//3095 3161//3161
f 2980//2980 2976//2976 3161//3161
f 3159//3159 3036//3036 3160//3160
f 3160//3160 3042//3042 3219//3219
f 2984//2984 3039//3039 3220//3220
f 3042//3042 3221//3221 3222//3222
f 3042//3042 3164//3164 3221//3221
f 3151//3151 3163//3163 3223//3223
f 3190//3190 3191//3191 3224//3224
f 3101//3101 3225//3225 3165//3165
f 3101//3101 3166//3166 3225//3225
f 3194//3194 3055//3055 3195//3195
f 3169//3169 3168//3168 3226//3226
f 3196//3196 3057//3057 3227//3227
f 3227//3227 3057//3057 3197//3197
f 3171//3171 3169//3169 3226//3226
f 3063//3063 3064//3064 3228//3228
f 3064//3064 3172//3172 3228//3228
f 3198//3198 3059//3059 3200//3200
f 3199//3199 3007//3007 3229//3229
f 3073//3073 3123//3123 3230//3230
f 3115//3115 3175//3175 3200//3200
f 3202//3202 3078//3078 3231//3231
f 3231//3231 3078//3078 3232//3232
f 3200//3200 3175//3175 3233//3233
f 3078//3078 3015//3015 3232//3232
f 3203//3203 3129//3129 3234//3234
f 3234//3234 3129//3129 3235//3235
f 3018//3018 3206//3206 3204//3204
f 3175//3175 3176//3176 3236//3236
f 3175//3175 3236//3236 3233//3233
f 3083//3083 3205//3205 3237//3237
f 3205//3205 3132//3132 3133//3133
f 3208//3208 2941//2941 3238//3238
f 2941//2941 3084//3084 3238//3238
f 3176//3176 3177//3177 3236//3236
f 3236//3236 3177//3177 3239//3239
f 3240//3240 3029//3029 3145//3145
f 3144//3144 3143//3143 3241//3241
f 3241//3241 3143//3143 3240//3240
f 3177//3177 3242//3242 3239//3239
f 3177//3177 3142//3142 3242//3242
f 3142//3142 3151//3151 3242//3242
f 3213//3213 3179//3179 3243//3243
f 3179//3179 3212//3212 3243//3243
f 3182//3182 3214//3214 3244//3244
f 3181//3181 2795//2795 3245//3245
f 2795//2795 2961//2961 3246//3246
f 2795//2795 3246//3246 3245//3245
f 3217//3217 3247//3247 3248//3248
f 3247//3247 3217//3217 3218//3218
f 3249//3249 3250//3250 3251//3251
f 3156//3156 3155//3155 3252//3252
f 3185//3185 3159//3159 3253//3253
f 3254//3254 3255//3255 3256//3256
f 3159//3159 3257//3257 3253//3253
f 3159//3159 3160//3160 3257//3257
f 3160//3160 3219//3219 3257//3257
f 3219//3219 3042//3042 3222//3222
f 3258//3258 3259//3259 3260//3260
f 3040//3040 3187//3187 3261//3261
f 3262//3262 3263//3263 3264//3264
f 3265//3265 3045//3045 3220//3220
f 3045//3045 2984//2984 3220//3220
f 3221//3221 3164//3164 3190//3190
f 3189//3189 3045//3045 3265//3265
f 3191//3191 3096//3096 3165//3165
f 3266//3266 3267//3267 3268//3268
f 3104//3104 3097//3097 3189//3189
f 3267//3267 3269//3269 3270//3270
f 3166//3166 3271//3271 3225//3225
f 3272//3272 3273//3273 3274//3274
f 3273//3273 3194//3194 3274//3274
f 3194//3194 3195//3195 3274//3274
f 3193//3193 3196//3196 3271//3271
f 3163//3163 3111//3111 3275//3275
f 3111//3111 3112//3112 3275//3275
f 3112//3112 3170//3170 3276//3276
f 3170//3170 3113//3113 3277//3277
f 3170//3170 3277//3277 3276//3276
f 3113//3113 3171//3171 3277//3277
f 3063//3063 3228//3228 3278//3278
f 3007//3007 3071//3071 3118//3118
f 3279//3279 3173//3173 3121//3121
f 3123//3123 3201//3201 3280//3280
f 3174//3174 3202//3202 3201//3201
f 3281//3281 3234//3234 3282//3282
f 3234//3234 3235//3235 3282//3282
f 3282//3282 3235//3235 3283//3283
f 3235//3235 3129//3129 3283//3283
f 3129//3129 3082//3082 3283//3283
f 3015//3015 3204//3204 3232//3232
f 3208//3208 3238//3238 3284//3284
f 3285//3285 3286//3286 3284//3284
f 3285//3285 3284//3284 3287//3287
f 3241//3241 3240//3240 3288//3288
f 3210//3210 3088//3088 3181//3181
f 3289//3289 3290//3290 3291//3291
f 3290//3290 3213//3213 3291//3291
f 3242//3242 3151//3151 3292//3292
f 3214//3214 3293//3293 3294//3294
f 3214//3214 3294//3294 3244//3244
f 3292//3292 3151//3151 3223//3223
f 3293//3293 3295//3295 3296//3296
f 3293//3293 3296//3296 3294//3294
f 3295//3295 3251//3251 3296//3296
f 3153//3153 3217//3217 3248//3248
f 3297//3297 3298//3298 3299//3299
f 3298//3298 3300//3300 3299//3299
f 3300//3300 3301//3301 3302//3302
f 3303//3303 3300//3300 3302//3302
f 3095//3095 3153//3153 3304//3304
f 3301//3301 3254//3254 3302//3302
f 3302//3302 3254//3254 3256//3256
f 3256//3256 3255//3255 3305//3305
f 3255//3255 3306//3306 3305//3305
f 3306//3306 3260//3260 3307//3307
f 3306//3306 3307//3307 3305//3305
f 3260//3260 3308//3308 3307//3307
f 3309//3309 3310//3310 3311//3311
f 3260//3260 3259//3259 3308//3308
f 3308//3308 3259//3259 3312//3312
f 3220//3220 3039//3039 3161//3161
f 3259//3259 3313//3313 3314//3314
f 3259//3259 3314//3314 3312//3312
f 3187//3187 3188//3188 3315//3315
f 3313//3313 3316//3316 3314//3314
f 3314//3314 3316//3316 3317//3317
f 3316//3316 3318//3318 3317//3317
f 3319//3319 3320//3320 3321//3321
f 3318//3318 3322//3322 3323//3323
f 3318//3318 3323//3323 3317//3317
f 3322//3322 3268//3268 3324//3324
f 3322//3322 3324//3324 3323//3323
f 3320//3320 3325//3325 3321//3321
f 3267//3267 3270//3270 3325//3325
f 3168//3168 3106//3106 3326//3326
f 3171//3171 3226//3226 3327//3327
f 2882//2882 3002//3002 3328//3328
f 3229//3229 3007//3007 3118//3118
f 3118//3118 3173//3173 3229//3229
f 3010//3010 3329//3329 3330//3330
f 3279//3279 3121//3121 3331//3331
f 3331//3331 3121//3121 3332//3332
f 3121//3121 3333//3333 3332//3332
f 3121//3121 3122//3122 3333//3333
f 3122//3122 3073//3073 3334//3334
f 3280//3280 3201//3201 3335//3335
f 3201//3201 3202//3202 3335//3335
f 3202//3202 3231//3231 3336//3336
f 3231//3231 3232//3232 3336//3336
f 3337//3337 3282//3282 3338//3338
f 3282//3282 3283//3283 3338//3338
f 3339//3339 3340//3340 3341//3341
f 3342//3342 3237//3237 3343//3343
f 3237//3237 3205//3205 3343//3343
f 3343//3343 3205//3205 3344//3344
f 3205//3205 3133//3133 3344//3344
f 3345//3345 3240//3240 3346//3346
f 3240//3240 3145//3145 3346//3346
f 3347//3347 3288//3288 3348//3348
f 3291//3291 3213//3213 3349//3349
f 3213//3213 3243//3243 3349//3349
f 3294//3294 3296//3296 3350//3350
f 3296//3296 3251//3251 3350//3350
f 3350//3350 3251//3251 3351//3351
f 3251//3251 3352//3352 3351//3351
f 3251//3251 3250//3250 3352//3352
f 3250//3250 3299//3299 3353//3353
f 3153//3153 3248//3248 3354//3354
f 3299//3299 3300//3300 3303//3303
f 3355//3355 3156//3156 3252//3252
f 3304//3304 3153//3153 3354//3354
f 3256//3256 3305//3305 3356//3356
f 3305//3305 3307//3307 3357//3357
f 3307//3307 3308//3308 3357//3357
f 3308//3308 3312//3312 3358//3358
f 3312//3312 3359//3359 3358//3358
f 3312//3312 3314//3314 3359//3359
f 3315//3315 3321//3321 3360//3360
f 3317//3317 3323//3323 3361//3361
f 3323//3323 3324//3324 3362//3362
f 3323//3323 3362//3362 3361//3361
f 3321//3321 3363//3363 3360//3360
f 3321//3321 3325//3325 3363//3363
f 3325//3325 3270//3270 3364//3364
f 3270//3270 3274//3274 3365//3365
f 3270//3270 3365//3365 3364//3364
f 3274//3274 3195//3195 3366//3366
f 3367//3367 3368//3368 3369//3369
f 3106//3106 3192//3192 3326//3326
f 3195//3195 3056//3056 3370//3370
f 3226//3226 3168//3168 3371//3371
f 3163//3163 3275//3275 3372//3372
f 3171//3171 3327//3327 3277//3277
f 3328//3328 3002//3002 3373//3373
f 3002//3002 3058//3058 3373//3373
f 3198//3198 3200//3200 3374//3374
f 3173//3173 3279//3279 3229//3229
f 3122//3122 3334//3334 3333//3333
f 3200//3200 3375//3375 3374//3374
f 3230//3230 3123//3123 3280//3280
f 3335//3335 3376//3376 3377//3377
f 3335//3335 3377//3377 3378//3378
f 3376//3376 3379//3379 3377//3377
f 3379//3379 3380//3380 3377//3377
f 3379//3379 3381//3381 3380//3380
f 3381//3381 3382//3382 3383//3383
f 3200//3200 3233//3233 3375//3375
f 3382//3382 3384//3384 3383//3383
f 3382//3382 3385//3385 3384//3384
f 3386//3386 3337//3337 3338//3338
f 3382//3382 3387//3387 3385//3385
f 3283//3283 3082//3082 3338//3338
f 3385//3385 3387//3387 3388//3388
f 3389//3389 3336//3336 3390//3390
f 3387//3387 3391//3391 3388//3388
f 3336//3336 3204//3204 3390//3390
f 3391//3391 3392//3392 3388//3388
f 3392//3392 3393//3393 3394//3394
f 3204//3204 3206//3206 3390//3390
f 3395//3395 3343//3343 3396//3396
f 3343//3343 3344//3344 3396//3396
f 3390//3390 3206//3206 3397//3397
f 3398//3398 3399//3399 3400//3400
f 3206//3206 3207//3207 3397//3397
f 3397//3397 3207//3207 3401//3401
f 3207//3207 3209//3209 3401//3401
f 3402//3402 3284//3284 3403//3403
f 3284//3284 3238//3238 3403//3403
f 3401//3401 3209//3209 3404//3404
f 3236//3236 3405//3405 3406//3406
f 3209//3209 3210//3210 3404//3404
f 3236//3236 3239//3239 3405//3405
f 3345//3345 3346//3346 3348//3348
f 3210//3210 3407//3407 3404//3404
f 3239//3239 3242//3242 3405//3405
f 3210//3210 3181//3181 3408//3408
f 3210//3210 3408//3408 3407//3407
f 3181//3181 3409//3409 3408//3408
f 3289//3289 3291//3291 3410//3410
f 3181//3181 3245//3245 3409//3409
f 3245//3245 3246//3246 3409//3409
f 3352//3352 3250//3250 3353//3353
f 3411//3411 3412//3412 3355//3355
f 3299//3299 3303//3303 3353//3353
f 3302//3302 3413//3413 3303//3303
f 3356//3356 3305//3305 3414//3414
f 3305//3305 3357//3357 3415//3415
f 3305//3305 3415//3415 3414//3414
f 3357//3357 3308//3308 3415//3415
f 3415//3415 3308//3308 3416//3416
f 3261//3261 3187//3187 3417//3417
f 3220//3220 3161//3161 3418//3418
f 3419//3419 3420//3420 3421//3421
f 3187//3187 3315//3315 3417//3417
f 3417//3417 3315//3315 3422//3422
f 3265//3265 3220//3220 3423//3423
f 3359//3359 3314//3314 3424//3424
f 3314//3314 3317//3317 3424//3424
f 3315//3315 3360//3360 3422//3422
f 3422//3422 3360//3360 3425//3425
f 3420//3420 3422//3422 3425//3425
f 3317//3317 3361//3361 3426//3426
f 3360//3360 3363//3363 3425//3425
f 3425//3425 3363//3363 3427//3427
f 3363//3363 3325//3325 3427//3427
f 3274//3274 3366//3366 3365//3365
f 3366//3366 3195//3195 3428//3428
f 3195//3195 3370//3370 3428//3428
f 3223//3223 3163//3163 3372//3372
f 3226//3226 3371//3371 3429//3429
f 3058//3058 3198//3198 3373//3373
f 3172//3172 3199//3199 3430//3430
f 3199//3199 3229//3229 3431//3431
f 3334//3334 3073//3073 3230//3230
f 3335//3335 3432//3432 3280//3280
f 3335//3335 3378//3378 3432//3432
f 3378//3378 3377//3377 3433//3433
f 3377//3377 3380//3380 3434//3434
f 3377//3377 3434//3434 3433//3433
f 3434//3434 3380//3380 3435//3435
f 3380//3380 3381//3381 3435//3435
f 3435//3435 3381//3381 3436//3436
f 3381//3381 3383//3383 3436//3436
f 3436//3436 3383//3383 3384//3384
f 3338//3338 3082//3082 3437//3437
f 3385//3385 3388//3388 3438//3438
f 3388//3388 3392//3392 3439//3439
f 3388//3388 3439//3439 3438//3438
f 3392//3392 3394//3394 3439//3439
f 3394//3394 3396//3396 3440//3440
f 3439//3439 3394//3394 3440//3440
f 3396//3396 3441//3441 3440//3440
f 3396//3396 3344//3344 3441//3441
f 3344//3344 3133//3133 3442//3442
f 3398//3398 3400//3400 3443//3443
f 3399//3399 3444//3444 3445//3445
f 3399//3399 3445//3445 3400//3400
f 3233//3233 3236//3236 3446//3446
f 3444//3444 3447//3447 3445//3445
f 3445//3445 3447//3447 3448//3448
f 3448//3448 3447//3447 3449//3449
f 3449//3449 3402//3402 3448//3448
f 3402//3402 3403//3403 3448//3448
f 3238//3238 3450//3450 3403//3403
f 3238//3238 3084//3084 3450//3450
f 3451//3451 3452//3452 3453//3453
f 3453//3453 3454//3454 3455//3455
f 3456//3456 3457//3457 3455//3455
f 3456//3456 3458//3458 3457//3457
f 3458//3458 3459//3459 3457//3457
f 3457//3457 3459//3459 3460//3460
f 3460//3460 3459//3459 3461//3461
f 3461//3461 3348//3348 3460//3460
f 3348//3348 3462//3462 3460//3460
f 3348//3348 3346//3346 3462//3462
f 3346//3346 3145//3145 3463//3463
f 3145//3145 3211//3211 3463//3463
f 3464//3464 3465//3465 3466//3466
f 3466//3466 3465//3465 3467//3467
f 3468//3468 3469//3469 3467//3467
f 3467//3467 3469//3469 3470//3470
f 3469//3469 3471//3471 3470//3470
f 3470//3470 3471//3471 3472//3472
f 3471//3471 3473//3473 3472//3472
f 3243//3243 3212//3212 3474//3474
f 3244//3244 3294//3294 3475//3475
f 3476//3476 3409//3409 3477//3477
f 3294//3294 3350//3350 3475//3475
f 3475//3475 3350//3350 3478//3478
f 3350//3350 3351//3351 3478//3478
f 3352//3352 3353//3353 3351//3351
f 3354//3354 3248//3248 3479//3479
f 3292//3292 3223//3223 3480//3480
f 3161//3161 3095//3095 3481//3481
f 3302//3302 3256//3256 3413//3413
f 3256//3256 3356//3356 3413//3413
f 3414//3414 3415//3415 3416//3416
f 3161//3161 3481//3481 3418//3418
f 3308//3308 3358//3358 3416//3416
f 3261//3261 3417//3417 3482//3482
f 3483//3483 3220//3220 3418//3418
f 3417//3417 3422//3422 3484//3484
f 3485//3485 3265//3265 3423//3423
f 3317//3317 3426//3426 3424//3424
f 3421//3421 3420//3420 3486//3486
f 3420//3420 3425//3425 3486//3486
f 3486//3486 3425//3425 3487//3487
f 3425//3425 3427//3427 3487//3487
f 3189//3189 3265//3265 3485//3485
f 3361//3361 3362//3362 3426//3426
f 3325//3325 3364//3364 3427//3427
f 3104//3104 3189//3189 3488//3488
f 3192//3192 3104//3104 3488//3488
f 3275//3275 3112//3112 3489//3489
f 3112//3112 3276//3276 3489//3489
f 3198//3198 3374//3374 3373//3373
f 3330//3330 3490//3490 3491//3491
f 3230//3230 3492//3492 3334//3334
f 3230//3230 3280//3280 3493//3493
f 3230//3230 3493//3493 3492//3492
f 3493//3493 3280//3280 3432//3432
f 3432//3432 3378//3378 3433//3433
f 3435//3435 3436//3436 3494//3494
f 3436//3436 3495//3495 3494//3494
f 3436//3436 3384//3384 3495//3495
f 3384//3384 3386//3386 3496//3496
f 3384//3384 3496//3496 3495//3495
f 3386//3386 3338//3338 3496//3496
f 3496//3496 3338//3338 3497//3497
f 3338//3338 3437//3437 3497//3497
f 3375//3375 3233//3233 3498//3498
f 3438//3438 3439//3439 3499//3499
f 3439//3439 3500//3500 3499//3499
f 3439//3439 3440//3440 3500//3500
f 3440//3440 3441//3441 3501//3501
f 3441//3441 3344//3344 3502//3502
f 3443//3443 3400//3400 3503//3503
f 3400//3400 3445//3445 3503//3503
f 3233//3233 3446//3446 3498//3498
f 3445//3445 3448//3448 3504//3504
f 3448//3448 3505//3505 3504//3504
f 3448//3448 3506//3506 3505//3505
f 3448//3448 3403//3403 3506//3506
f 3446//3446 3236//3236 3406//3406
f 3457//3457 3460//3460 3507//3507
f 3507//3507 3460//3460 3508//3508
f 3460//3460 3509//3509 3508//3508
f 3460//3460 3462//3462 3509//3509
f 3462//3462 3346//3346 3510//3510
f 3346//3346 3463//3463 3510//3510
f 3511//3511 3466//3466 3512//3512
f 3466//3466 3467//3467 3512//3512
f 3512//3512 3467//3467 3513//3513
f 3467//3467 3470//3470 3513//3513
f 3470//3470 3514//3514 3513//3513
f 3242//3242 3292//3292 3515//3515
f 3470//3470 3472//3472 3514//3514
f 3472//3472 3473//3473 3516//3516
f 3472//3472 3516//3516 3517//3517
f 3515//3515 3292//3292 3518//3518
f 3410//3410 3291//3291 3519//3519
f 3291//3291 3349//3349 3519//3519
f 3520//3520 3246//3246 3521//3521
f 3292//3292 3480//3480 3518//3518
f 3521//3521 3522//3522 3523//3523
f 3351//3351 3353//3353 3524//3524
f 3354//3354 3479//3479 3525//3525
f 3353//3353 3526//3526 3524//3524
f 3353//3353 3303//3303 3526//3526
f 3481//3481 3095//3095 3527//3527
f 3095//3095 3304//3304 3527//3527
f 3418//3418 3481//3481 3528//3528
f 3417//3417 3484//3484 3482//3482
f 3482//3482 3484//3484 3529//3529
f 3484//3484 3487//3487 3529//3529
f 3223//3223 3372//3372 3480//3480
f 3487//3487 3427//3427 3529//3529
f 3189//3189 3485//3485 3530//3530
f 3488//3488 3189//3189 3530//3530
f 3192//3192 3488//3488 3531//3531
f 3326//3326 3192//3192 3532//3532
f 3366//3366 3428//3428 3370//3370
f 3327//3327 3226//3226 3429//3429
f 3277//3277 3327//3327 3533//3533
f 3278//3278 3228//3228 3534//3534
f 3228//3228 3172//3172 3535//3535
f 3228//3228 3535//3535 3534//3534
f 3172//3172 3430//3430 3535//3535
f 3199//3199 3431//3431 3430//3430
f 3229//3229 3279//3279 3431//3431
f 3536//3536 3537//3537 3538//3538
f 3490//3490 3539//3539 3491//3491
f 3491//3491 3539//3539 3540//3540
f 3333//3333 3334//3334 3541//3541
f 3539//3539 3435//3435 3540//3540
f 3540//3540 3435//3435 3494//3494
f 3374//3374 3375//3375 3542//3542
f 3543//3543 3438//3438 3499//3499
f 3440//3440 3501//3501 3500//3500
f 3501//3501 3441//3441 3502//3502
f 3502//3502 3344//3344 3442//3442
f 3503//3503 3445//3445 3504//3504
f 3403//3403 3450//3450 3506//3506
f 3451//3451 3453//3453 3544//3544
f 3451//3451 3544//3544 3545//3545
f 3453//3453 3455//3455 3544//3544
f 3544//3544 3455//3455 3546//3546
f 3455//3455 3457//3457 3546//3546
f 3457//3457 3507//3507 3546//3546
f 3509//3509 3462//3462 3510//3510
f 3405//3405 3242//3242 3515//3515
f 3514//3514 3472//3472 3547//3547
f 3472//3472 3517//3517 3547//3547
f 3517//3517 3516//3516 3519//3519
f 3517//3517 3519//3519 3547//3547
f 3516//3516 3410//3410 3519//3519
f 3349//3349 3243//3243 3548//3548
f 3349//3349 3548//3548 3519//3519
f 3548//3548 3243//3243 3474//3474
f 3418//3418 3528//3528 3549//3549
f 3418//3418 3549//3549 3483//3483
f 3220//3220 3483//3483 3423//3423
f 3531//3531 3488//3488 3550//3550
f 3532//3532 3192//3192 3531//3531
f 3326//3326 3532//3532 3551//3551
f 3371//3371 3326//3326 3551//3551
f 3327//3327 3429//3429 3552//3552
f 3373//3373 3374//3374 3542//3542
f 3278//3278 3534//3534 3553//3553
f 3431//3431 3279//3279 3554//3554
f 3279//3279 3331//3331 3554//3554
f 3555//3555 3556//3556 3557//3557
f 3494//3494 3558//3558 3540//3540
f 3494//3494 3495//3495 3558//3558
f 3558//3558 3495//3495 3559//3559
f 3495//3495 3496//3496 3559//3559
f 3496//3496 3560//3560 3559//3559
f 3496//3496 3497//3497 3560//3560
f 3543//3543 3499//3499 3561//3561
f 3561//3561 3499//3499 3562//3562
f 3499//3499 3563//3563 3562//3562
f 3375//3375 3498//3498 3542//3542
f 3499//3499 3500//3500 3563//3563
f 3501//3501 3502//3502 3500//3500
f 3500//3500 3502//3502 3564//3564
f 3502//3502 3442//3442 3564//3564
f 3442//3442 3565//3565 3564//3564
f 3503//3503 3504//3504 3505//3505
f 3506//3506 3566//3566 3505//3505
f 3506//3506 3450//3450 3566//3566
f 3544//3544 3546//3546 3567//3567
f 3546//3546 3507//3507 3567//3567
f 3567//3567 3507//3507 3508//3508
f 3509//3509 3510//3510 3508//3508
f 3510//3510 3568//3568 3508//3508
f 3510//3510 3463//3463 3568//3568
f 3512//3512 3513//3513 3569//3569
f 3512//3512 3569//3569 3511//3511
f 3513//3513 3514//3514 3569//3569
f 3514//3514 3570//3570 3569//3569
f 3514//3514 3547//3547 3570//3570
f 3547//3547 3571//3571 3570//3570
f 3547//3547 3519//3519 3571//3571
f 3519//3519 3548//3548 3571//3571
f 3530//3530 3485//3485 3572//3572
f 3488//3488 3530//3530 3572//3572
f 3372//3372 3573//3573 3480//3480
f 3488//3488 3572//3572 3550//3550
f 3574//3574 3575//3575 3576//3576
f 3372//3372 3275//3275 3573//3573
f 3533//3533 3327//3327 3552//3552
f 3276//3276 3277//3277 3577//3577
f 3577//3577 3277//3277 3533//3533
f 3328//3328 3373//3373 3578//3578
f 3373//3373 3579//3579 3578//3578
f 3373//3373 3542//3542 3579//3579
f 3553//3553 3534//3534 3580//3580
f 3534//3534 3535//3535 3581//3581
f 3491//3491 3540//3540 3582//3582
f 3540//3540 3583//3583 3582//3582
f 3542//3542 3584//3584 3579//3579
f 3558//3558 3559//3559 3585//3585
f 3559//3559 3560//3560 3586//3586
f 3586//3586 3560//3560 3437//3437
f 3542//3542 3498//3498 3584//3584
f 3563//3563 3587//3587 3562//3562
f 3587//3587 3588//3588 3562//3562
f 3589//3589 3564//3564 3565//3565
f 3498//3498 3446//3446 3584//3584
f 3590//3590 3591//3591 3592//3592
f 3592//3592 3591//3591 3593//3593
f 3446//3446 3406//3406 3584//3584
f 3505//3505 3566//3566 3594//3594
f 3595//3595 3596//3596 3597//3597
f 3406//3406 3598//3598 3584//3584
f 3544//3544 3567//3567 3599//3599
f 3567//3567 3600//3600 3599//3599
f 3406//3406 3405//3405 3598//3598
f 3601//3601 3568//3568 3463//3463
f 3602//3602 3603//3603 3604//3604
f 3405//3405 3515//3515 3598//3598
f 3605//3605 3606//3606 3548//3548
f 3480//3480 3573//3573 3518//3518
f 3607//3607 4//4 2//2
f 86//86 25//25 24//24
f 3608//3608 3609//3609 28//28
f 28//28 3609//3609 30//30
f 34//34 3610//3610 35//35
f 3611//3611 36//36 35//35
f 3611//3611 3612//3612 36//36
f 3612//3612 39//39 36//36
f 3613//3613 3614//3614 29//29
f 29//29 3614//3614 41//41
f 3615//3615 101//101 99//99
f 106//106 3616//3616 109//109
f 3617//3617 110//110 109//109
f 3614//3614 3618//3618 41//41
f 3617//3617 3619//3619 110//110
f 110//110 3619//3619 114//114
f 3618//3618 3620//3620 51//51
f 3618//3618 51//51 41//41
f 56//56 148//148 57//57
f 61//61 356//356 67//67
f 3621//3621 4//4 3607//3607
f 7//7 14//14 11//11
f 76//76 3622//3622 77//77
f 3622//3622 80//80 77//77
f 80//80 3623//3623 81//81
f 3624//3624 3625//3625 25//25
f 3624//3624 25//25 86//86
f 25//25 3626//3626 28//28
f 91//91 3610//3610 34//34
f 3627//3627 3628//3628 96//96
f 96//96 3628//3628 97//97
f 3628//3628 388//388 97//97
f 388//388 99//99 97//97
f 3615//3615 3629//3629 101//101
f 101//101 3629//3629 105//105
f 3630//3630 3616//3616 106//106
f 117//117 3631//3631 118//118
f 118//118 3632//3632 119//119
f 3632//3632 121//121 119//119
f 3632//3632 125//125 121//121
f 198//198 132//132 129//129
f 3633//3633 3634//3634 131//131
f 131//131 3634//3634 129//129
f 3635//3635 3633//3633 131//131
f 3635//3635 131//131 136//136
f 135//135 3635//3635 136//136
f 3636//3636 141//141 140//140
f 51//51 3637//3637 54//54
f 144//144 3636//3636 140//140
f 3638//3638 3639//3639 61//61
f 3638//3638 61//61 54//54
f 356//356 3640//3640 67//67
f 3640//3640 62//62 67//67
f 3639//3639 356//356 61//61
f 3639//3639 357//357 356//356
f 3621//3621 3641//3641 4//4
f 4//4 3641//3641 7//7
f 3622//3622 3623//3623 80//80
f 206//206 3642//3642 21//21
f 206//206 21//21 17//17
f 3623//3623 159//159 81//81
f 3642//3642 29//29 21//21
f 159//159 3643//3643 161//161
f 3643//3643 3644//3644 161//161
f 83//83 166//166 162//162
f 3644//3644 164//164 161//161
f 3626//3626 3645//3645 28//28
f 28//28 3645//3645 3608//3608
f 168//168 212//212 171//171
f 3608//3608 3645//3645 3609//3609
f 3645//3645 3646//3646 3609//3609
f 3642//3642 3613//3613 29//29
f 3609//3609 224//224 30//30
f 3647//3647 3610//3610 91//91
f 3612//3612 231//231 39//39
f 314//314 3627//3627 96//96
f 3627//3627 387//387 3628//3628
f 106//106 401//401 3630//3630
f 108//108 401//401 106//106
f 401//401 3648//3648 3630//3630
f 3648//3648 3616//3616 3630//3630
f 3616//3616 3649//3649 109//109
f 3649//3649 3617//3617 109//109
f 243//243 3631//3631 117//117
f 3631//3631 3650//3650 118//118
f 335//335 332//332 185//185
f 332//332 247//247 185//185
f 185//185 247//247 184//184
f 188//188 335//335 185//185
f 187//187 3651//3651 194//194
f 196//196 257//257 193//193
f 198//198 496//496 195//195
f 3634//3634 198//198 129//129
f 3652//3652 3637//3637 51//51
f 3653//3653 144//144 148//148
f 3653//3653 148//148 56//56
f 3637//3637 3638//3638 54//54
f 3654//3654 3653//3653 56//56
f 3654//3654 56//56 58//58
f 3654//3654 58//58 63//63
f 3640//3640 63//63 62//62
f 154//154 299//299 64//64
f 301//301 3655//3655 2//2
f 301//301 2//2 1//1
f 3655//3655 3607//3607 2//2
f 7//7 3656//3656 14//14
f 76//76 3657//3657 3622//3622
f 3657//3657 3623//3623 3622//3622
f 3658//3658 164//164 3644//3644
f 3658//3658 209//209 164//164
f 210//210 304//304 211//211
f 303//303 3624//3624 86//86
f 3625//3625 3659//3659 25//25
f 3659//3659 3626//3626 25//25
f 304//304 213//213 211//211
f 3646//3646 224//224 3609//3609
f 377//377 3660//3660 225//225
f 225//225 3647//3647 91//91
f 35//35 3661//3661 3611//3611
f 3661//3661 3662//3662 3611//3611
f 225//225 311//311 377//377
f 3662//3662 3612//3612 3611//3611
f 314//314 387//387 3627//3627
f 387//387 386//386 3628//3628
f 3628//3628 386//386 388//388
f 389//389 3663//3663 388//388
f 388//388 3663//3663 99//99
f 3663//3663 3615//3615 99//99
f 232//232 390//390 314//314
f 397//397 105//105 3629//3629
f 3648//3648 3664//3664 3616//3616
f 3664//3664 3665//3665 3616//3616
f 3665//3665 3649//3649 3616//3616
f 319//319 401//401 108//108
f 3617//3617 3666//3666 3619//3619
f 322//322 489//489 3631//3631
f 322//322 3631//3631 243//243
f 3650//3650 3667//3667 118//118
f 118//118 3668//3668 3632//3632
f 3669//3669 125//125 3632//3632
f 332//332 329//329 247//247
f 331//331 333//333 335//335
f 335//335 333//333 332//332
f 534//534 187//187 183//183
f 188//188 336//336 335//335
f 338//338 415//415 254//254
f 338//338 254//254 191//191
f 3620//3620 3652//3652 51//51
f 496//496 498//498 195//195
f 195//195 498//498 196//196
f 498//498 338//338 196//196
f 196//196 338//338 257//257
f 3670//3670 266//266 263//263
f 272//272 417//417 270//270
f 418//418 417//417 272//272
f 270//270 3671//3671 271//271
f 3672//3672 3634//3634 3633//3633
f 3671//3671 3673//3673 271//271
f 3673//3673 276//276 271//271
f 3674//3674 3633//3633 3635//3635
f 3673//3673 279//279 276//276
f 135//135 3674//3674 3635//3635
f 3673//3673 281//281 279//279
f 281//281 3675//3675 282//282
f 346//346 3676//3676 284//284
f 3676//3676 286//286 284//284
f 3636//3636 135//135 141//141
f 350//350 282//282 3675//3675
f 350//350 351//351 282//282
f 282//282 351//351 287//287
f 3677//3677 3653//3653 3654//3654
f 624//624 3654//3654 63//63
f 3678//3678 3639//3639 3638//3638
f 3679//3679 624//624 3640//3640
f 624//624 63//63 3640//3640
f 358//358 3679//3679 356//356
f 356//356 3679//3679 3640//3640
f 3641//3641 3656//3656 7//7
f 3656//3656 76//76 14//14
f 3623//3623 3680//3680 159//159
f 159//159 3680//3680 3643//3643
f 3643//3643 3658//3658 3644//3644
f 3659//3659 3645//3645 3626//3626
f 209//209 3681//3681 210//210
f 3681//3681 304//304 210//210
f 3642//3642 3682//3682 3613//3613
f 225//225 3683//3683 3647//3647
f 3662//3662 231//231 3612//3612
f 434//434 383//383 312//312
f 3684//3684 3685//3685 3614//3614
f 3684//3684 3614//3614 3613//3613
f 384//384 387//387 314//314
f 3663//3663 3629//3629 3615//3615
f 401//401 3664//3664 3648//3648
f 398//398 399//399 406//406
f 399//399 404//404 406//406
f 404//404 403//403 405//405
f 3685//3685 3618//3618 3614//3614
f 3667//3667 3668//3668 118//118
f 3686//3686 3620//3620 3618//3618
f 3686//3686 3652//3652 3620//3620
f 411//411 327//327 330//330
f 541//541 3651//3651 187//187
f 251//251 3687//3687 252//252
f 3687//3687 493//493 252//252
f 252//252 493//493 259//259
f 494//494 493//493 3687//3687
f 261//261 3688//3688 263//263
f 3688//3688 3670//3670 263//263
f 262//262 341//341 451//451
f 3670//3670 3689//3689 266//266
f 3689//3689 272//272 266//266
f 3690//3690 272//272 3689//3689
f 418//418 453//453 419//419
f 3674//3674 3672//3672 3633//3633
f 3673//3673 3691//3691 281//281
f 3691//3691 3692//3692 3675//3675
f 3691//3691 3675//3675 281//281
f 3692//3692 3693//3693 3675//3675
f 3636//3636 3694//3694 135//135
f 3693//3693 3695//3695 3675//3675
f 3675//3675 3695//3695 350//350
f 3696//3696 3636//3636 144//144
f 3695//3695 3697//3697 350//350
f 425//425 426//426 3697//3697
f 425//425 3697//3697 3695//3695
f 3697//3697 423//423 350//350
f 350//350 423//423 348//348
f 426//426 460//460 423//423
f 426//426 423//423 3697//3697
f 3653//3653 3696//3696 144//144
f 425//425 427//427 351//351
f 351//351 427//427 287//287
f 353//353 460//460 426//426
f 3637//3637 3678//3678 3638//3638
f 3678//3678 3698//3698 3639//3639
f 3698//3698 630//630 3639//3639
f 3639//3639 630//630 357//357
f 630//630 358//358 357//357
f 3699//3699 3657//3657 76//76
f 3659//3659 3700//3700 3645//3645
f 374//374 3660//3660 377//377
f 3660//3660 3683//3683 225//225
f 434//434 435//435 383//383
f 383//383 435//435 384//384
f 385//385 477//477 386//386
f 386//386 477//477 389//389
f 384//384 435//435 387//387
f 3701//3701 3663//3663 389//389
f 3663//3663 397//397 3629//3629
f 395//395 438//438 394//394
f 438//438 402//402 394//394
f 3649//3649 3666//3666 3617//3617
f 440//440 488//488 322//322
f 440//440 322//322 240//240
f 488//488 489//489 322//322
f 489//489 531//531 3631//3631
f 531//531 3650//3650 3631//3631
f 444//444 534//534 183//183
f 413//413 3702//3702 253//253
f 3702//3702 250//250 253//253
f 534//534 541//541 187//187
f 250//250 3702//3702 251//251
f 338//338 446//446 415//415
f 3703//3703 494//494 3687//3687
f 3651//3651 448//448 194//194
f 497//497 496//496 198//198
f 3672//3672 3704//3704 3634//3634
f 3634//3634 497//497 198//198
f 3690//3690 3705//3705 418//418
f 3690//3690 418//418 272//272
f 417//417 653//653 270//270
f 270//270 652//652 3671//3671
f 3705//3705 453//453 418//418
f 652//652 3706//3706 3671//3671
f 3706//3706 3673//3673 3671//3671
f 3705//3705 454//454 453//453
f 3652//3652 3707//3707 3637//3637
f 3694//3694 3674//3674 135//135
f 3676//3676 3708//3708 286//286
f 3696//3696 3694//3694 3636//3636
f 3695//3695 511//511 425//425
f 286//286 3709//3709 285//285
f 285//285 3709//3709 291//291
f 511//511 427//427 425//425
f 293//293 3710//3710 294//294
f 3710//3710 886//886 298//298
f 3710//3710 298//298 294//294
f 886//886 464//464 298//298
f 298//298 464//464 359//359
f 3711//3711 3712//3712 3621//3621
f 3621//3621 3712//3712 3641//3641
f 3657//3657 3680//3680 3623//3623
f 471//471 473//473 374//374
f 471//471 374//374 373//373
f 374//374 473//473 3660//3660
f 473//473 472//472 3660//3660
f 472//472 3683//3683 3660//3660
f 472//472 525//525 3683//3683
f 3683//3683 525//525 3647//3647
f 525//525 3713//3713 3610//3610
f 525//525 3610//3610 3647//3647
f 3713//3713 35//35 3610//3610
f 477//477 3701//3701 389//389
f 482//482 318//318 396//396
f 438//438 479//479 402//402
f 402//402 479//479 401//401
f 479//479 481//481 3664//3664
f 479//479 3664//3664 401//401
f 481//481 3665//3665 3664//3664
f 3714//3714 3649//3649 3665//3665
f 3685//3685 3686//3686 3618//3618
f 686//686 491//491 125//125
f 491//491 249//249 125//125
f 251//251 3703//3703 3687//3687
f 3703//3703 546//546 494//494
f 493//493 495//495 259//259
f 495//495 261//261 259//259
f 541//541 448//448 3651//3651
f 495//495 3688//3688 261//261
f 3704//3704 497//497 3634//3634
f 500//500 653//653 417//417
f 653//653 652//652 270//270
f 422//422 505//505 504//504
f 3715//3715 3691//3691 3673//3673
f 3692//3692 572//572 3693//3693
f 572//572 574//574 3695//3695
f 572//572 3695//3695 3693//3693
f 574//574 511//511 3695//3695
f 3677//3677 3696//3696 3653//3653
f 3654//3654 3716//3716 3677//3677
f 666//666 624//624 3679//3679
f 3711//3711 3621//3621 3607//3607
f 206//206 3717//3717 3642//3642
f 3643//3643 3718//3718 3658//3658
f 209//209 3719//3719 3681//3681
f 3624//3624 3720//3720 3625//3625
f 3700//3700 3646//3646 3645//3645
f 3646//3646 706//706 224//224
f 3613//3613 3721//3721 3684//3684
f 476//476 3722//3722 477//477
f 3722//3722 3701//3701 477//477
f 3666//3666 644//644 3619//3619
f 644//644 114//114 3619//3619
f 487//487 531//531 489//489
f 3650//3650 3723//3723 3667//3667
f 3723//3723 3668//3668 3667//3667
f 3668//3668 3724//3724 3632//3632
f 3724//3724 3669//3669 3632//3632
f 3686//3686 3725//3725 3652//3652
f 444//444 610//610 534//534
f 414//414 3702//3702 413//413
f 3702//3702 3726//3726 251//251
f 3726//3726 3703//3703 251//251
f 3727//3727 446//446 338//338
f 3688//3688 3689//3689 3670//3670
f 501//501 653//653 500//500
f 3674//3674 3728//3728 3672//3672
f 3706//3706 3715//3715 3673//3673
f 555//555 556//556 563//563
f 3676//3676 656//656 3708//3708
f 3708//3708 3709//3709 286//286
f 3729//3729 293//293 291//291
f 3716//3716 3696//3696 3677//3677
f 624//624 3716//3716 3654//3654
f 666//666 625//625 624//624
f 3655//3655 3730//3730 3607//3607
f 3730//3730 3711//3711 3607//3607
f 3641//3641 3731//3731 3656//3656
f 3656//3656 3699//3699 76//76
f 3732//3732 3657//3657 3699//3699
f 603//603 3717//3717 206//206
f 3732//3732 3680//3680 3657//3657
f 3680//3680 3733//3733 3643//3643
f 3718//3718 3734//3734 3658//3658
f 3717//3717 3682//3682 3642//3642
f 3734//3734 209//209 3658//3658
f 522//522 676//676 474//474
f 522//522 474//474 375//375
f 3682//3682 3721//3721 3613//3613
f 676//676 3735//3735 474//474
f 474//474 3735//3735 525//525
f 3713//3713 3661//3661 35//35
f 3662//3662 3736//3736 231//231
f 3736//3736 527//527 231//231
f 3701//3701 3737//3737 3663//3663
f 3684//3684 3721//3721 3685//3685
f 480//480 3738//3738 481//481
f 3738//3738 3665//3665 481//481
f 3721//3721 3686//3686 3685//3685
f 485//485 606//606 486//486
f 607//607 3739//3739 531//531
f 531//531 3739//3739 3650//3650
f 3739//3739 3723//3723 3650//3650
f 3669//3669 686//686 125//125
f 3725//3725 3707//3707 3652//3652
f 534//534 611//611 535//535
f 611//611 3740//3740 535//535
f 3740//3740 3741//3741 535//535
f 3741//3741 537//537 535//535
f 538//538 3742//3742 539//539
f 539//539 3743//3743 540//540
f 540//540 3743//3743 542//542
f 690//690 3727//3727 338//338
f 3727//3727 612//612 446//446
f 3744//3744 546//546 3703//3703
f 497//497 690//690 498//498
f 690//690 338//338 498//498
f 502//502 616//616 273//273
f 3745//3745 615//615 3705//3705
f 3705//3705 615//615 454//454
f 3694//3694 3728//3728 3674//3674
f 3746//3746 3637//3637 3707//3707
f 3692//3692 3747//3747 572//572
f 3747//3747 573//573 572//572
f 3696//3696 3748//3748 3694//3694
f 573//573 620//620 508//508
f 3637//3637 3746//3746 3678//3678
f 624//624 3749//3749 3716//3716
f 626//626 3749//3749 624//624
f 3678//3678 631//631 3698//3698
f 631//631 630//630 3698//3698
f 631//631 666//666 358//358
f 358//358 666//666 3679//3679
f 629//629 3750//3750 592//592
f 592//592 3750//3750 598//598
f 634//634 3655//3655 301//301
f 3712//3712 3751//3751 3641//3641
f 3751//3751 3731//3731 3641//3641
f 3731//3731 3699//3699 3656//3656
f 3681//3681 636//636 304//304
f 3717//3717 3721//3721 3682//3682
f 3735//3735 3713//3713 525//525
f 640//640 3722//3722 476//476
f 3722//3722 3752//3752 3701//3701
f 528//528 642//642 396//396
f 641//641 3738//3738 480//480
f 3738//3738 3753//3753 3665//3665
f 3753//3753 3714//3714 3665//3665
f 643//643 606//606 485//485
f 610//610 3754//3754 611//611
f 3754//3754 3740//3740 611//611
f 649//649 3702//3702 414//414
f 3741//3741 3755//3755 537//537
f 537//537 3756//3756 538//538
f 538//538 3756//3756 3742//3742
f 539//539 3757//3757 3743//3743
f 3757//3757 687//687 3743//3743
f 687//687 542//542 3743//3743
f 3726//3726 3744//3744 3703//3703
f 3688//3688 3758//3758 3689//3689
f 3758//3758 3759//3759 3690//3690
f 3758//3758 3690//3690 3689//3689
f 3690//3690 3759//3759 3705//3705
f 3728//3728 3760//3760 3672//3672
f 3759//3759 3745//3745 3705//3705
f 501//501 654//654 653//653
f 3761//3761 3728//3728 3694//3694
f 3762//3762 3763//3763 3694//3694
f 3763//3763 3761//3761 3694//3694
f 656//656 3676//3676 346//346
f 3747//3747 3764//3764 573//573
f 3764//3764 620//620 573//573
f 3765//3765 3748//3748 3696//3696
f 3716//3716 3765//3765 3696//3696
f 3746//3746 3766//3766 3678//3678
f 3766//3766 3767//3767 3678//3678
f 3678//3678 3767//3767 631//631
f 3767//3767 665//665 631//631
f 665//665 666//666 631//631
f 696//696 3750//3750 629//629
f 886//886 669//669 464//464
f 634//634 3730//3730 3655//3655
f 3699//3699 3731//3731 3768//3768
f 603//603 3769//3769 3717//3717
f 701//701 3769//3769 603//603
f 3733//3733 3680//3680 3732//3732
f 3770//3770 3769//3769 701//701
f 3733//3733 3718//3718 3643//3643
f 3771//3771 3772//3772 3770//3770
f 3772//3772 3773//3773 3770//3770
f 3773//3773 3769//3769 3770//3770
f 3734//3734 3774//3774 209//209
f 3774//3774 3719//3719 209//209
f 3659//3659 823//823 3700//3700
f 674//674 3775//3775 673//673
f 673//673 3775//3775 3771//3771
f 3775//3775 3772//3772 3771//3771
f 3719//3719 3776//3776 3681//3681
f 3776//3776 636//636 3681//3681
f 3769//3769 3777//3777 3717//3717
f 3773//3773 3777//3777 3769//3769
f 3717//3717 3777//3777 3721//3721
f 3772//3772 3778//3778 3773//3773
f 3778//3778 3777//3777 3773//3773
f 677//677 3779//3779 676//676
f 676//676 3779//3779 3735//3735
f 709//709 3779//3779 677//677
f 709//709 677//677 707//707
f 3775//3775 3780//3780 3772//3772
f 3780//3780 3778//3778 3772//3772
f 679//679 3781//3781 674//674
f 674//674 3781//3781 3775//3775
f 3781//3781 3780//3780 3775//3775
f 3661//3661 3736//3736 3662//3662
f 640//640 3782//3782 3722//3722
f 3782//3782 3752//3752 3722//3722
f 3781//3781 3783//3783 3780//3780
f 3783//3783 3778//3778 3780//3780
f 3663//3663 712//712 397//397
f 679//679 3784//3784 3781//3781
f 3784//3784 3783//3783 3781//3781
f 3777//3777 3785//3785 3721//3721
f 3778//3778 3785//3785 3777//3777
f 714//714 3738//3738 641//641
f 3785//3785 3686//3686 3721//3721
f 3714//3714 3666//3666 3649//3649
f 681//681 3784//3784 679//679
f 3783//3783 3786//3786 3778//3778
f 3786//3786 3785//3785 3778//3778
f 3784//3784 3787//3787 3783//3783
f 3787//3787 3786//3786 3783//3783
f 643//643 682//682 606//606
f 3723//3723 3788//3788 3668//3668
f 3788//3788 3724//3724 3668//3668
f 645//645 3784//3784 681//681
f 3785//3785 3725//3725 3686//3686
f 3786//3786 3725//3725 3785//3785
f 3787//3787 3789//3789 3786//3786
f 3789//3789 3725//3725 3786//3786
f 645//645 3790//3790 3784//3784
f 3790//3790 3787//3787 3784//3784
f 3669//3669 3791//3791 686//686
f 3790//3790 3792//3792 3787//3787
f 3792//3792 3789//3789 3787//3787
f 647//647 444//444 609//609
f 647//647 610//610 444//444
f 3789//3789 3707//3707 3725//3725
f 3754//3754 3793//3793 3740//3740
f 3756//3756 3794//3794 3742//3742
f 3794//3794 3757//3757 3742//3742
f 3757//3757 539//539 3742//3742
f 3744//3744 3795//3795 546//546
f 3795//3795 801//801 546//546
f 801//801 3796//3796 495//495
f 801//801 495//495 546//546
f 3796//3796 3797//3797 495//495
f 3797//3797 3688//3688 495//495
f 3704//3704 689//689 497//497
f 3760//3760 3704//3704 3672//3672
f 693//693 654//654 501//501
f 3745//3745 694//694 615//615
f 3798//3798 3715//3715 3706//3706
f 3748//3748 3762//3762 3694//3694
f 3799//3799 3764//3764 3747//3747
f 3707//3707 3766//3766 3746//3746
f 3789//3789 3766//3766 3707//3707
f 3764//3764 695//695 620//620
f 661//661 3790//3790 645//645
f 3765//3765 3800//3800 3748//3748
f 3790//3790 3801//3801 3792//3792
f 3792//3792 3801//3801 3789//3789
f 3801//3801 3766//3766 3789//3789
f 3802//3802 886//886 3710//3710
f 661//661 699//699 3790//3790
f 699//699 3801//3801 3790//3790
f 3803//3803 3749//3749 626//626
f 3801//3801 3767//3767 3766//3766
f 665//665 3804//3804 625//625
f 3805//3805 3803//3803 3804//3804
f 3805//3805 3804//3804 665//665
f 3804//3804 3803//3803 626//626
f 3804//3804 626//626 625//625
f 699//699 671//671 3801//3801
f 3801//3801 3806//3806 3767//3767
f 3767//3767 3806//3806 665//665
f 3806//3806 3805//3805 665//665
f 696//696 732//732 3750//3750
f 671//671 3806//3806 3801//3801
f 732//732 598//598 3750//3750
f 465//465 699//699 661//661
f 515//515 699//699 465//465
f 3768//3768 3732//3732 3699//3699
f 672//672 735//735 700//700
f 672//672 701//701 735//735
f 672//672 3770//3770 701//701
f 673//673 3771//3771 672//672
f 3771//3771 3770//3770 672//672
f 3720//3720 3659//3659 3625//3625
f 824//824 823//823 3659//3659
f 709//709 708//708 745//745
f 832//832 3779//3779 709//709
f 786//786 785//785 748//748
f 785//785 3782//3782 640//640
f 785//785 640//640 748//748
f 894//894 3752//3752 3782//3782
f 3752//3752 3807//3807 3701//3701
f 3807//3807 3737//3737 3701//3701
f 3737//3737 712//712 3663//3663
f 713//713 642//642 528//528
f 714//714 3753//3753 3738//3738
f 3808//3808 683//683 720//720
f 683//683 3739//3739 607//607
f 3809//3809 3791//3791 3669//3669
f 3793//3793 3810//3810 3740//3740
f 649//649 3726//3726 3702//3702
f 3810//3810 3741//3741 3740//3740
f 3810//3810 3755//3755 3741//3741
f 3755//3755 3811//3811 537//537
f 3811//3811 3756//3756 537//537
f 3797//3797 3812//3812 3688//3688
f 3812//3812 3758//3758 3688//3688
f 3758//3758 3813//3813 3759//3759
f 3760//3760 3814//3814 3704//3704
f 3815//3815 3760//3760 3728//3728
f 654//654 3816//3816 652//652
f 3816//3816 3817//3817 652//652
f 652//652 3817//3817 3706//3706
f 3817//3817 3798//3798 3706//3706
f 3761//3761 3815//3815 3728//3728
f 3691//3691 3818//3818 3692//3692
f 3818//3818 3747//3747 3692//3692
f 3819//3819 3762//3762 3748//3748
f 3800//3800 3820//3820 3748//3748
f 3820//3820 3819//3819 3748//3748
f 3821//3821 3800//3800 3765//3765
f 3709//3709 3822//3822 291//291
f 3822//3822 3729//3729 291//291
f 3729//3729 3710//3710 293//293
f 3823//3823 3765//3765 3716//3716
f 3823//3823 3824//3824 3765//3765
f 3824//3824 3821//3821 3765//3765
f 3825//3825 3823//3823 3749//3749
f 3825//3825 3826//3826 3823//3823
f 3823//3823 3716//3716 3749//3749
f 3823//3823 3826//3826 3824//3824
f 3824//3824 766//766 3821//3821
f 3803//3803 3825//3825 3749//3749
f 3803//3803 3826//3826 3825//3825
f 3803//3803 3827//3827 3826//3826
f 667//667 766//766 3827//3827
f 3805//3805 3828//3828 3803//3803
f 3828//3828 3827//3827 3803//3803
f 595//595 667//667 3827//3827
f 3806//3806 3828//3828 3805//3805
f 600//600 3827//3827 3828//3828
f 600//600 595//595 3827//3827
f 671//671 602//602 3806//3806
f 3806//3806 602//602 3828//3828
f 602//602 514//514 3828//3828
f 3828//3828 514//514 600//600
f 634//634 3829//3829 3730//3730
f 3730//3730 3829//3829 3711//3711
f 3829//3829 3830//3830 3711//3711
f 3711//3711 3831//3831 3712//3712
f 3711//3711 3830//3830 3831//3831
f 3712//3712 3831//3831 3751//3751
f 734//734 736//736 3829//3829
f 734//734 3829//3829 634//634
f 736//736 3832//3832 3829//3829
f 3832//3832 3830//3830 3829//3829
f 3832//3832 3833//3833 3830//3830
f 3830//3830 3833//3833 3831//3831
f 3831//3831 3834//3834 3751//3751
f 3831//3831 3833//3833 3834//3834
f 3751//3751 3834//3834 3731//3731
f 700//700 736//736 734//734
f 3835//3835 3834//3834 3833//3833
f 3834//3834 3836//3836 3731//3731
f 3834//3834 3835//3835 3836//3836
f 3836//3836 3768//3768 3731//3731
f 702//702 3832//3832 736//736
f 3832//3832 737//737 3833//3833
f 737//737 738//738 3833//3833
f 3833//3833 738//738 3835//3835
f 3835//3835 3837//3837 3836//3836
f 3768//3768 3836//3836 3732//3732
f 3836//3836 3838//3838 3732//3732
f 3836//3836 3837//3837 3838//3838
f 702//702 703//703 3832//3832
f 703//703 737//737 3832//3832
f 738//738 3839//3839 3837//3837
f 738//738 3837//3837 3835//3835
f 3837//3837 3840//3840 3838//3838
f 3838//3838 3841//3841 3732//3732
f 3732//3732 3841//3841 3733//3733
f 3838//3838 3840//3840 3841//3841
f 3839//3839 3840//3840 3837//3837
f 3840//3840 3842//3842 3841//3841
f 3841//3841 3843//3843 3733//3733
f 3842//3842 3843//3843 3841//3841
f 3733//3733 3843//3843 3718//3718
f 3843//3843 3844//3844 3718//3718
f 738//738 739//739 3839//3839
f 3839//3839 3845//3845 3840//3840
f 3845//3845 3842//3842 3840//3840
f 3845//3845 3846//3846 3842//3842
f 3842//3842 3846//3846 3843//3843
f 3843//3843 3846//3846 3844//3844
f 3846//3846 3847//3847 3844//3844
f 3844//3844 3734//3734 3718//3718
f 3844//3844 3847//3847 3734//3734
f 739//739 740//740 3839//3839
f 3839//3839 740//740 3845//3845
f 3848//3848 3846//3846 3845//3845
f 3848//3848 3849//3849 3846//3846
f 303//303 3850//3850 3624//3624
f 3850//3850 3720//3720 3624//3624
f 823//823 3851//3851 3700//3700
f 3845//3845 740//740 3848//3848
f 740//740 741//741 3848//3848
f 3848//3848 741//741 3849//3849
f 741//741 519//519 3849//3849
f 519//519 638//638 3849//3849
f 3849//3849 638//638 772//772
f 775//775 777//777 776//776
f 743//743 781//781 775//775
f 744//744 781//781 743//743
f 775//775 3852//3852 777//777
f 3852//3852 779//779 777//777
f 781//781 3853//3853 775//775
f 3853//3853 3852//3852 775//775
f 779//779 832//832 745//745
f 745//745 832//832 709//709
f 3852//3852 832//832 779//779
f 678//678 746//746 710//710
f 3853//3853 3854//3854 3852//3852
f 3854//3854 832//832 3852//3852
f 832//832 3855//3855 3779//3779
f 3855//3855 3856//3856 3735//3735
f 3855//3855 3735//3735 3779//3779
f 3856//3856 3713//3713 3735//3735
f 3854//3854 833//833 832//832
f 3853//3853 833//833 3854//3854
f 3857//3857 833//833 3853//3853
f 3857//3857 3858//3858 833//833
f 3858//3858 782//782 833//833
f 749//749 1027//1027 748//748
f 748//748 1027//1027 786//786
f 782//782 1027//1027 749//749
f 3859//3859 3858//3858 3857//3857
f 3858//3858 788//788 782//782
f 788//788 1027//1027 782//782
f 785//785 894//894 3782//3782
f 3858//3858 789//789 788//788
f 3860//3860 840//840 792//792
f 3860//3860 750//750 840//840
f 840//840 750//750 793//793
f 3861//3861 796//796 3860//3860
f 750//750 3862//3862 716//716
f 796//796 3862//3862 3860//3860
f 3860//3860 3862//3862 750//750
f 796//796 841//841 3862//3862
f 3862//3862 714//714 716//716
f 3862//3862 3753//3753 714//714
f 3753//3753 3863//3863 3714//3714
f 3863//3863 3666//3666 3714//3714
f 796//796 799//799 841//841
f 797//797 796//796 3861//3861
f 751//751 720//720 682//682
f 3808//3808 720//720 843//843
f 843//843 720//720 751//751
f 3808//3808 3864//3864 683//683
f 3864//3864 3739//3739 683//683
f 3739//3739 3865//3865 3723//3723
f 3865//3865 3788//3788 3723//3723
f 3791//3791 800//800 686//686
f 647//647 3866//3866 610//610
f 3866//3866 3867//3867 3754//3754
f 3866//3866 3754//3754 610//610
f 3867//3867 3793//3793 3754//3754
f 3811//3811 3794//3794 3756//3756
f 3757//3757 756//756 687//687
f 3868//3868 3744//3744 3726//3726
f 3869//3869 3727//3727 690//690
f 689//689 3869//3869 690//690
f 802//802 801//801 3795//3795
f 801//801 987//987 3796//3796
f 987//987 3797//3797 3796//3796
f 3814//3814 3870//3870 3704//3704
f 3870//3870 3871//3871 3704//3704
f 3871//3871 689//689 3704//3704
f 3872//3872 3814//3814 3760//3760
f 3813//3813 808//808 3759//3759
f 3815//3815 3872//3872 3760//3760
f 3873//3873 3872//3872 3815//3815
f 3759//3759 808//808 3745//3745
f 693//693 807//807 654//654
f 807//807 3816//3816 654//654
f 3874//3874 3815//3815 3761//3761
f 3874//3874 3873//3873 3815//3815
f 808//808 694//694 3745//3745
f 3763//3763 3874//3874 3761//3761
f 3874//3874 812//812 3873//3873
f 3763//3763 3875//3875 3874//3874
f 3874//3874 3875//3875 812//812
f 3818//3818 3876//3876 3747//3747
f 3819//3819 3877//3877 3762//3762
f 3877//3877 3878//3878 3762//3762
f 3762//3762 3878//3878 3763//3763
f 3878//3878 3875//3875 3763//3763
f 657//657 658//658 3875//3875
f 658//658 812//812 3875//3875
f 3876//3876 3799//3799 3747//3747
f 3708//3708 3879//3879 3709//3709
f 3820//3820 3877//3877 3819//3819
f 761//761 3875//3875 3878//3878
f 761//761 657//657 3875//3875
f 3799//3799 695//695 3764//3764
f 3821//3821 3820//3820 3800//3800
f 3821//3821 3880//3880 3820//3820
f 3880//3880 3877//3877 3820//3820
f 3877//3877 3880//3880 3878//3878
f 3880//3880 762//762 3878//3878
f 3878//3878 762//762 761//761
f 729//729 762//762 3880//3880
f 3821//3821 766//766 3880//3880
f 766//766 730//730 3880//3880
f 730//730 729//729 3880//3880
f 3827//3827 766//766 3824//3824
f 3827//3827 3824//3824 3826//3826
f 732//732 771//771 598//598
f 598//598 771//771 601//601
f 3847//3847 826//826 3734//3734
f 3881//3881 826//826 3847//3847
f 826//826 3882//3882 3734//3734
f 3734//3734 3882//3882 3774//3774
f 3720//3720 824//824 3659//3659
f 3846//3846 3849//3849 3847//3847
f 3849//3849 772//772 3847//3847
f 772//772 3881//3881 3847//3847
f 772//772 704//704 3881//3881
f 704//704 828//828 826//826
f 704//704 826//826 3881//3881
f 704//704 773//773 828//828
f 3851//3851 3646//3646 3700//3700
f 526//526 3857//3857 781//781
f 3857//3857 3853//3853 781//781
f 526//526 3859//3859 3857//3857
f 791//791 3859//3859 526//526
f 787//787 894//894 785//785
f 1027//1027 787//787 786//786
f 3859//3859 789//789 3858//3858
f 791//791 3883//3883 3859//3859
f 3883//3883 789//789 3859//3859
f 789//789 3860//3860 792//792
f 3860//3860 789//789 3883//3883
f 791//791 3884//3884 3883//3883
f 3884//3884 3861//3861 3883//3883
f 3883//3883 3861//3861 3860//3860
f 795//795 3884//3884 791//791
f 798//798 899//899 799//799
f 795//795 3885//3885 3884//3884
f 3885//3885 3861//3861 3884//3884
f 3885//3885 797//797 3861//3861
f 3885//3885 3886//3886 797//797
f 797//797 899//899 798//798
f 3886//3886 3887//3887 797//797
f 3887//3887 899//899 797//797
f 3887//3887 843//843 899//899
f 795//795 3888//3888 3885//3885
f 3888//3888 3886//3886 3885//3885
f 3886//3886 3889//3889 3887//3887
f 3889//3889 843//843 3887//3887
f 3888//3888 3889//3889 3886//3886
f 843//843 845//845 3808//3808
f 718//718 3888//3888 795//795
f 3889//3889 845//845 843//843
f 3890//3890 3865//3865 3739//3739
f 3865//3865 3891//3891 3788//3788
f 845//845 3864//3864 3808//3808
f 3889//3889 850//850 845//845
f 850//850 846//846 845//845
f 3892//3892 3889//3889 3888//3888
f 3892//3892 851//851 3889//3889
f 851//851 850//850 3889//3889
f 753//753 3866//3866 647//647
f 3866//3866 3893//3893 3867//3867
f 3893//3893 3810//3810 3793//3793
f 3893//3893 3793//3793 3867//3867
f 3894//3894 3810//3810 3893//3893
f 3895//3895 3726//3726 649//649
f 3896//3896 3794//3794 3811//3811
f 3794//3794 3897//3897 3757//3757
f 3897//3897 756//756 3757//3757
f 3869//3869 3898//3898 3727//3727
f 3898//3898 612//612 3727//3727
f 3744//3744 802//802 3795//3795
f 3871//3871 3899//3899 689//689
f 3899//3899 3869//3869 689//689
f 803//803 987//987 801//801
f 3871//3871 3870//3870 3899//3899
f 3870//3870 3900//3900 3899//3899
f 3758//3758 3901//3901 3813//3813
f 3814//3814 810//810 3870//3870
f 810//810 759//759 3870//3870
f 759//759 3902//3902 3870//3870
f 3870//3870 3902//3902 3900//3900
f 3901//3901 809//809 3813//3813
f 3813//3813 809//809 808//808
f 3872//3872 810//810 3814//3814
f 759//759 723//723 3902//3902
f 723//723 616//616 864//864
f 723//723 864//864 3902//3902
f 3873//3873 725//725 3872//3872
f 3872//3872 725//725 810//810
f 3873//3873 812//812 725//725
f 3876//3876 938//938 3799//3799
f 938//938 814//814 695//695
f 938//938 695//695 3799//3799
f 877//877 814//814 938//938
f 728//728 662//662 879//879
f 763//763 765//765 882//882
f 882//882 765//765 883//883
f 885//885 669//669 886//886
f 819//819 771//771 732//732
f 825//825 3882//3882 826//826
f 3882//3882 3903//3903 3774//3774
f 3774//3774 3903//3903 3719//3719
f 3904//3904 706//706 3646//3646
f 3856//3856 3661//3661 3713//3713
f 3905//3905 838//838 3736//3736
f 3736//3736 838//838 527//527
f 893//893 3752//3752 894//894
f 787//787 895//895 894//894
f 713//713 898//898 642//642
f 3906//3906 3753//3753 3862//3862
f 842//842 3906//3906 841//841
f 841//841 3906//3906 3862//3862
f 3864//3864 3907//3907 3739//3739
f 3907//3907 3890//3890 3739//3739
f 849//849 3888//3888 718//718
f 848//848 846//846 850//850
f 849//849 3892//3892 3888//3888
f 684//684 3892//3892 849//849
f 3892//3892 853//853 851//851
f 3908//3908 853//853 3892//3892
f 684//684 3908//3908 3892//3892
f 3908//3908 3909//3909 853//853
f 3909//3909 852//852 853//853
f 3909//3909 904//904 852//852
f 854//854 3908//3908 684//684
f 854//854 3910//3910 3908//3908
f 3908//3908 904//904 3909//3909
f 854//854 3911//3911 3910//3910
f 753//753 3912//3912 3866//3866
f 857//857 907//907 3911//3911
f 857//857 3911//3911 854//854
f 3866//3866 3912//3912 3893//3893
f 3912//3912 3894//3894 3893//3893
f 755//755 3895//3895 649//649
f 857//857 804//804 907//907
f 3894//3894 3913//3913 3810//3810
f 3810//3810 3913//3913 3755//3755
f 3913//3913 3811//3811 3755//3755
f 3914//3914 3896//3896 3811//3811
f 3896//3896 3897//3897 3794//3794
f 3897//3897 858//858 756//756
f 3915//3915 3868//3868 3726//3726
f 908//908 3894//3894 3912//3912
f 3894//3894 3916//3916 3913//3913
f 3913//3913 3914//3914 3811//3811
f 3914//3914 3917//3917 3896//3896
f 3896//3896 3917//3917 3897//3897
f 3917//3917 909//909 3897//3897
f 3897//3897 909//909 858//858
f 3898//3898 857//857 612//612
f 3898//3898 860//860 857//857
f 860//860 804//804 857//857
f 804//804 757//757 908//908
f 757//757 3916//3916 908//908
f 908//908 3916//3916 3894//3894
f 3913//3913 3916//3916 3914//3914
f 3916//3916 3918//3918 3914//3914
f 3917//3917 910//910 909//909
f 3919//3919 3920//3920 3744//3744
f 3744//3744 3920//3920 802//802
f 3899//3899 3898//3898 3869//3869
f 3899//3899 3900//3900 3898//3898
f 3900//3900 860//860 3898//3898
f 3918//3918 3921//3921 3914//3914
f 3921//3921 3917//3917 3914//3914
f 3917//3917 861//861 910//910
f 3920//3920 3922//3922 802//802
f 3923//3923 3922//3922 3920//3920
f 864//864 860//860 3900//3900
f 757//757 805//805 3916//3916
f 805//805 3918//3918 3916//3916
f 3923//3923 3924//3924 3922//3922
f 3922//3922 859//859 802//802
f 3924//3924 859//859 3922//3922
f 3812//3812 3901//3901 3758//3758
f 3902//3902 864//864 3900//3900
f 860//860 864//864 692//692
f 805//805 806//806 3918//3918
f 3921//3921 861//861 3917//3917
f 862//862 918//918 917//917
f 967//967 3923//3923 3925//3925
f 967//967 3924//3924 3923//3923
f 3924//3924 920//920 859//859
f 806//806 758//758 3918//3918
f 3918//3918 758//758 3921//3921
f 758//758 867//867 3921//3921
f 3921//3921 867//867 861//861
f 867//867 3926//3926 861//861
f 3926//3926 862//862 861//861
f 862//862 3926//3926 918//918
f 3926//3926 3927//3927 918//918
f 918//918 3927//3927 922//922
f 3927//3927 967//967 922//922
f 967//967 3927//3927 3924//3924
f 920//920 869//869 923//923
f 3928//3928 3929//3929 809//809
f 809//809 3929//3929 694//694
f 866//866 924//924 3816//3816
f 866//866 3816//3816 807//807
f 865//865 925//925 866//866
f 866//866 925//925 924//924
f 924//924 3817//3817 3816//3816
f 867//867 868//868 3926//3926
f 868//868 872//872 3926//3926
f 3926//3926 872//872 3927//3927
f 872//872 873//873 3927//3927
f 873//873 3924//3924 3927//3927
f 873//873 920//920 3924//3924
f 3929//3929 865//865 694//694
f 3930//3930 865//865 3929//3929
f 865//865 876//876 925//925
f 811//811 872//872 868//868
f 873//873 869//869 920//920
f 3930//3930 874//874 865//865
f 874//874 876//876 865//865
f 813//813 873//873 872//872
f 873//873 878//878 869//869
f 870//870 928//928 972//972
f 972//972 928//928 930//930
f 816//816 815//815 873//873
f 815//815 817//817 873//873
f 817//817 878//878 873//873
f 869//869 878//878 870//870
f 878//878 928//928 870//870
f 928//928 3931//3931 929//929
f 929//929 3931//3931 874//874
f 939//939 938//938 3876//3876
f 879//879 928//928 878//878
f 879//879 3931//3931 928//928
f 3931//3931 875//875 874//874
f 3932//3932 935//935 875//875
f 937//937 877//877 938//938
f 3879//3879 3822//3822 3709//3709
f 879//879 880//880 3931//3931
f 880//880 875//875 3931//3931
f 880//880 3932//3932 875//875
f 3932//3932 941//941 935//935
f 937//937 944//944 877//877
f 818//818 881//881 880//880
f 881//881 3932//3932 880//880
f 881//881 882//882 941//941
f 881//881 941//941 3932//3932
f 941//941 882//882 943//943
f 882//882 947//947 943//943
f 943//943 947//947 945//945
f 950//950 944//944 937//937
f 764//764 882//882 881//881
f 883//883 947//947 882//882
f 883//883 3933//3933 947//947
f 947//947 3933//3933 950//950
f 3933//3933 948//948 944//944
f 3933//3933 944//944 950//950
f 884//884 3933//3933 883//883
f 948//948 977//977 953//953
f 3802//3802 887//887 886//886
f 731//731 820//820 884//884
f 884//884 820//820 3933//3933
f 820//820 821//821 3933//3933
f 821//821 948//948 3933//3933
f 821//821 977//977 948//948
f 977//977 888//888 889//889
f 821//821 3934//3934 977//977
f 888//888 771//771 819//819
f 3934//3934 771//771 888//888
f 3934//3934 888//888 977//977
f 770//770 3934//3934 821//821
f 770//770 771//771 3934//3934
f 822//822 3851//3851 823//823
f 890//890 3850//3850 303//303
f 3903//3903 3935//3935 3719//3719
f 3935//3935 3776//3776 3719//3719
f 3851//3851 3904//3904 3646//3646
f 3936//3936 3736//3736 3661//3661
f 1027//1027 895//895 787//787
f 3906//3906 3863//3863 3753//3753
f 3863//3863 3937//3937 3666//3666
f 3937//3937 644//644 3666//3666
f 3938//3938 3865//3865 3890//3890
f 3938//3938 3891//3891 3865//3865
f 845//845 3907//3907 3864//3864
f 3891//3891 3939//3939 3788//3788
f 3939//3939 3724//3724 3788//3788
f 3724//3724 3809//3809 3669//3669
f 3910//3910 3940//3940 904//904
f 3910//3910 904//904 3908//3908
f 3911//3911 3940//3940 3910//3910
f 3940//3940 905//905 904//904
f 3940//3940 906//906 905//905
f 907//907 3940//3940 3911//3911
f 907//907 3941//3941 3940//3940
f 906//906 3941//3941 3912//3912
f 906//906 3912//3912 753//753
f 3941//3941 906//906 3940//3940
f 908//908 3941//3941 907//907
f 3941//3941 908//908 3912//3912
f 3868//3868 3919//3919 3744//3744
f 911//911 858//858 909//909
f 986//986 3797//3797 987//987
f 3920//3920 3942//3942 3923//3923
f 3942//3942 3925//3925 3923//3923
f 3901//3901 3928//3928 809//809
f 3943//3943 3929//3929 3928//3928
f 3930//3930 931//931 874//874
f 3818//3818 939//939 3876//3876
f 3944//3944 952//952 937//937
f 937//937 952//952 950//950
f 824//824 3851//3851 822//822
f 825//825 3945//3945 3882//3882
f 3945//3945 3903//3903 3882//3882
f 3904//3904 957//957 706//706
f 3856//3856 3936//3936 3661//3661
f 3752//3752 893//893 3807//3807
f 893//893 3737//3737 3807//3807
f 3737//3737 3946//3946 712//712
f 3938//3938 3947//3947 3891//3891
f 3890//3890 3947//3947 3938//3938
f 3947//3947 3939//3939 3891//3891
f 3791//3791 963//963 800//800
f 3895//3895 3915//3915 3726//3726
f 3919//3919 3948//3948 3920//3920
f 3948//3948 3942//3942 3920//3920
f 3901//3901 3949//3949 3928//3928
f 3949//3949 3943//3943 3928//3928
f 3943//3943 3930//3930 3929//3929
f 924//924 1019//1019 3817//3817
f 924//924 969//969 1019//1019
f 1019//1019 3798//3798 3817//3817
f 3798//3798 3950//3950 3715//3715
f 3951//3951 931//931 3930//3930
f 3945//3945 3952//3952 3903//3903
f 3953//3953 3935//3935 3903//3903
f 3776//3776 1069//1069 636//636
f 1069//1069 890//890 636//636
f 983//983 3855//3855 832//832
f 893//893 3954//3954 3737//3737
f 3939//3939 3955//3955 3724//3724
f 803//803 988//988 987//987
f 986//986 3812//3812 3797//3797
f 3949//3949 3956//3956 3943//3943
f 3956//3956 3930//3930 3943//3943
f 3956//3956 3951//3951 3930//3930
f 3957//3957 3950//3950 3798//3798
f 3715//3715 3950//3950 3691//3691
f 3951//3951 974//974 931//931
f 3950//3950 3818//3818 3691//3691
f 939//939 3944//3944 937//937
f 992//992 952//952 3944//3944
f 3952//3952 3953//3953 3903//3903
f 983//983 1006//1006 3855//3855
f 1006//1006 3856//3856 3855//3855
f 1006//1006 3936//3936 3856//3856
f 3958//3958 3937//3937 3863//3863
f 3906//3906 3958//3958 3863//3863
f 999//999 3907//3907 845//845
f 3959//3959 3947//3947 3890//3890
f 3948//3948 3960//3960 3942//3942
f 3960//3960 3925//3925 3942//3942
f 3812//3812 3961//3961 3901//3901
f 3962//3962 967//967 3925//3925
f 1019//1019 3963//3963 3798//3798
f 3963//3963 3957//3957 3798//3798
f 3950//3950 3964//3964 3818//3818
f 3964//3964 3965//3965 939//939
f 3964//3964 939//939 3818//3818
f 1003//1003 3966//3966 760//760
f 760//760 3966//3966 656//656
f 656//656 3966//3966 3708//3708
f 3965//3965 3944//3944 939//939
f 3966//3966 3879//3879 3708//3708
f 824//824 1149//1149 3851//3851
f 3935//3935 1069//1069 3776//3776
f 958//958 1007//1007 983//983
f 3905//3905 1009//1009 838//838
f 3946//3946 1103//1103 712//712
f 1103//1103 1010//1010 712//712
f 842//842 3967//3967 3906//3906
f 3967//3967 3958//3958 3906//3906
f 3968//3968 901//901 644//644
f 999//999 3969//3969 3907//3907
f 3907//3907 3969//3969 3890//3890
f 3969//3969 3959//3959 3890//3890
f 3955//3955 3970//3970 3724//3724
f 1013//1013 988//988 803//803
f 3960//3960 3962//3962 3925//3925
f 3962//3962 1018//1018 967//967
f 1020//1020 3963//3963 1019//1019
f 3951//3951 3971//3971 974//974
f 3972//3972 3822//3822 3879//3879
f 3729//3729 3973//3973 3710//3710
f 3973//3973 3802//3802 3710//3710
f 1027//1027 3974//3974 895//895
f 3974//3974 995//995 895//895
f 3970//3970 3809//3809 3724//3724
f 3791//3791 1104//1104 963//963
f 1029//1029 3895//3895 755//755
f 3975//3975 3915//3915 3895//3895
f 3915//3915 3976//3976 3868//3868
f 3976//3976 1056//1056 3868//3868
f 1056//1056 3919//3919 3868//3868
f 3919//3919 1058//1058 3948//3948
f 1058//1058 3960//3960 3948//3948
f 3977//3977 3904//3904 3851//3851
f 995//995 3978//3978 893//893
f 3978//3978 3954//3954 893//893
f 3979//3979 3951//3951 3956//3956
f 3965//3965 992//992 3944//3944
f 3720//3720 1150//1150 824//824
f 1150//1150 1149//1149 824//824
f 1101//1101 3936//3936 1006//1006
f 1101//1101 3980//3980 3936//3936
f 3936//3936 3980//3980 3736//3736
f 3981//3981 3937//3937 3958//3958
f 1040//1040 3967//3967 842//842
f 3981//3981 3982//3982 3937//3937
f 3937//3937 3983//3983 644//644
f 3983//3983 3968//3968 644//644
f 3959//3959 3984//3984 3947//3947
f 3984//3984 3939//3939 3947//3947
f 1056//1056 1058//1058 3919//3919
f 3979//3979 3971//3971 3951//3951
f 1045//1045 3945//3945 825//825
f 3850//3850 3985//3985 3720//3720
f 3953//3953 3986//3986 3935//3935
f 1050//1050 1007//1007 958//958
f 1053//1053 3974//3974 1027//1027
f 3967//3967 3981//3981 3958//3958
f 1054//1054 999//999 847//847
f 3984//3984 3987//3987 3939//3939
f 3987//3987 3955//3955 3939//3939
f 3988//3988 3791//3791 3809//3809
f 1029//1029 3975//3975 3895//3895
f 3961//3961 3989//3989 3949//3949
f 3961//3961 3949//3949 3901//3901
f 3989//3989 3990//3990 3956//3956
f 3989//3989 3956//3956 3949//3949
f 3990//3990 3979//3979 3956//3956
f 3991//3991 3957//3957 3963//3963
f 3971//3971 1039//1039 974//974
f 3966//3966 3972//3972 3879//3879
f 3965//3965 1076//1076 992//992
f 3992//3992 3729//3729 3822//3822
f 3993//3993 3973//3973 3729//3729
f 3986//3986 1069//1069 3935//3935
f 1050//1050 3994//3994 1007//1007
f 3994//3994 1006//1006 1007//1007
f 3969//3969 3995//3995 3959//3959
f 3995//3995 3984//3984 3959//3959
f 3988//3988 1104//1104 3791//3791
f 1094//1094 1018//1018 3962//3962
f 1020//1020 3991//3991 3963//3963
f 3957//3957 3996//3996 3950//3950
f 3972//3972 3992//3992 3822//3822
f 3992//3992 3993//3993 3729//3729
f 3973//3973 1171//1171 3802//3802
f 1171//1171 887//887 3802//3802
f 890//890 3997//3997 3850//3850
f 3997//3997 3985//3985 3850//3850
f 3985//3985 1150//1150 3720//3720
f 3986//3986 1070//1070 1069//1069
f 3974//3974 3998//3998 995//995
f 3998//3998 3978//3978 995//995
f 1057//1057 3999//3999 1058//1058
f 3999//3999 3960//3960 1058//1058
f 4000//4000 3961//3961 3812//3812
f 4001//4001 1039//1039 3971//3971
f 4002//4002 3964//3964 3950//3950
f 1045//1045 4003//4003 3945//3945
f 4003//4003 3952//3952 3945//3945
f 3980//3980 4004//4004 3736//3736
f 4004//4004 3905//3905 3736//3736
f 1053//1053 4005//4005 3974//3974
f 4005//4005 3998//3998 3974//3974
f 3978//3978 4006//4006 3954//3954
f 3982//3982 3983//3983 3937//3937
f 3970//3970 4007//4007 3809//3809
f 4008//4008 3976//3976 3915//3915
f 3976//3976 4009//4009 1056//1056
f 1109//1109 988//988 1013//1013
f 3999//3999 3962//3962 3960//3960
f 1079//1079 3991//3991 1020//1020
f 3990//3990 3971//3971 3979//3979
f 3994//3994 1102//1102 1006//1006
f 3954//3954 4010//4010 3737//3737
f 4010//4010 3946//3946 3737//3737
f 3967//3967 4011//4011 3981//3981
f 1054//1054 4012//4012 999//999
f 4012//4012 3969//3969 999//999
f 3975//3975 4008//4008 3915//3915
f 4009//4009 1057//1057 1056//1056
f 1109//1109 1091//1091 988//988
f 3990//3990 4001//4001 3971//3971
f 887//887 1097//1097 885//885
f 4013//4013 4011//4011 3967//3967
f 4011//4011 3982//3982 3981//3981
f 1078//1078 4000//4000 986//986
f 986//986 4000//4000 3812//3812
f 3999//3999 1094//1094 3962//3962
f 3996//3996 4002//4002 3950//3950
f 3964//3964 4014//4014 3965//3965
f 1070//1070 1217//1217 890//890
f 890//890 1217//1217 3997//3997
f 4015//4015 3995//3995 3969//3969
f 4007//4007 3988//3988 3809//3809
f 4016//4016 3999//3999 1057//1057
f 1003//1003 1132//1132 3966//3966
f 4014//4014 1122//1122 3965//3965
f 1132//1132 3972//3972 3966//3966
f 1171//1171 1097//1097 887//887
f 1102//1102 3980//3980 1101//1101
f 4012//4012 4015//4015 3969//3969
f 4009//4009 4016//4016 1057//1057
f 1093//1093 1094//1094 4017//4017
f 3965//3965 1122//1122 1076//1076
f 4018//4018 1150//1150 3985//3985
f 3952//3952 4003//4003 3953//3953
f 4019//4019 957//957 3904//3904
f 3998//3998 4020//4020 3978//3978
f 4020//4020 4006//4006 3978//3978
f 4006//4006 4010//4010 3954//3954
f 1040//1040 4021//4021 3967//3967
f 4021//4021 4013//4013 3967//3967
f 4013//4013 3982//3982 4011//4011
f 4008//4008 4022//4022 3976//3976
f 4022//4022 4009//4009 3976//3976
f 4023//4023 3957//3957 3991//3991
f 4024//4024 4025//4025 4001//4001
f 4024//4024 4001//4001 3990//3990
f 4025//4025 1039//1039 4001//4001
f 1149//1149 4026//4026 3851//3851
f 3977//3977 4019//4019 3904//3904
f 3905//3905 4027//4027 1009//1009
f 3983//3983 4028//4028 3968//3968
f 1191//1191 4012//4012 1054//1054
f 1109//1109 4029//4029 1091//1091
f 4029//4029 1078//1078 1091//1091
f 3999//3999 4017//4017 1094//1094
f 4025//4025 1135//1135 1039//1039
f 4003//4003 4030//4030 3953//3953
f 4030//4030 3986//3986 3953//3953
f 4019//4019 1139//1139 957//957
f 1102//1102 1174//1174 3980//3980
f 4005//4005 4031//4031 3998//3998
f 4031//4031 4020//4020 3998//3998
f 3984//3984 4032//4032 3987//3987
f 4032//4032 3955//3955 3987//3987
f 4029//4029 4033//4033 1078//1078
f 4033//4033 4000//4000 1078//1078
f 1134//1134 1074//1074 1095//1095
f 4002//4002 4034//4034 3964//3964
f 4034//4034 4014//4014 3964//3964
f 3986//3986 1218//1218 1070//1070
f 1218//1218 1217//1217 1070//1070
f 1174//1174 4004//4004 3980//3980
f 4035//4035 4017//4017 3999//3999
f 4036//4036 4037//4037 4000//4000
f 4037//4037 3961//3961 4000//4000
f 1142//1142 1146//1146 1112//1112
f 1142//1142 1136//1136 1146//1146
f 3997//3997 4018//4018 3985//3985
f 1175//1175 1102//1102 3994//3994
f 4038//4038 4039//4039 4013//4013
f 4039//4039 3982//3982 4013//4013
f 4028//4028 901//901 3968//3968
f 3995//3995 4040//4040 3984//3984
f 4040//4040 4032//4032 3984//3984
f 4016//4016 4041//4041 3999//3999
f 4041//4041 4035//4035 3999//3999
f 1157//1157 4029//4029 1109//1109
f 4037//4037 3989//3989 3961//3961
f 4023//4023 4042//4042 3957//3957
f 4042//4042 3996//3996 3957//3957
f 1132//1132 4043//4043 3972//3972
f 4014//4014 1160//1160 1122//1122
f 4030//4030 4044//4044 3986//3986
f 4044//4044 1218//1218 3986//3986
f 4045//4045 4007//4007 3970//3970
f 3988//3988 1165//1165 1104//1104
f 4046//4046 4008//4008 3975//3975
f 4046//4046 4022//4022 4008//4008
f 4022//4022 4047//4047 4009//4009
f 4047//4047 4016//4016 4009//4009
f 4024//4024 4048//4048 4025//4025
f 4034//4034 4049//4049 4014//4014
f 4048//4048 1135//1135 4025//4025
f 1169//1169 1132//1132 1107//1107
f 3973//3973 4050//4050 1171//1171
f 4051//4051 1175//1175 3994//3994
f 4021//4021 4052//4052 4013//4013
f 4052//4052 4038//4038 4013//4013
f 3982//3982 4053//4053 3983//3983
f 1029//1029 4046//4046 3975//3975
f 3990//3990 4054//4054 4024//4024
f 4049//4049 1160//1160 4014//4014
f 3972//3972 4055//4055 3992//3992
f 1180//1180 3994//3994 1050//1050
f 4056//4056 4057//4057 4031//4031
f 4056//4056 4031//4031 4005//4005
f 4057//4057 4020//4020 4031//4031
f 3946//3946 4058//4058 1103//1103
f 4058//4058 1154//1154 1103//1103
f 4012//4012 4059//4059 4015//4015
f 1185//1185 4046//4046 1029//1029
f 1079//1079 4023//4023 3991//3991
f 1254//1254 4043//4043 1132//1132
f 1169//1169 1254//1254 1132//1132
f 1148//1148 1216//1216 1149//1149
f 1045//1045 4060//4060 4003//4003
f 1216//1216 4026//4026 1149//1149
f 4026//4026 3977//3977 3851//3851
f 4027//4027 1153//1153 1009//1009
f 1040//1040 4052//4052 4021//4021
f 4007//4007 4061//4061 3988//3988
f 4061//4061 4062//4062 3988//3988
f 4062//4062 1165//1165 3988//3988
f 4035//4035 4063//4063 4017//4017
f 4063//4063 1093//1093 4017//4017
f 4064//4064 3989//3989 4037//4037
f 4002//4002 4065//4065 4034//4034
f 4065//4065 4049//4049 4034//4034
f 3993//3993 4066//4066 3973//3973
f 4066//4066 4050//4050 3973//3973
f 1217//1217 4067//4067 3997//3997
f 4067//4067 4018//4018 3997//3997
f 4060//4060 4030//4030 4003//4003
f 4030//4030 4068//4068 4044//4044
f 4068//4068 1218//1218 4044//4044
f 1180//1180 4051//4051 3994//3994
f 4027//4027 1200//1200 1153//1153
f 1053//1053 4056//4056 4005//4005
f 4010//4010 4058//4058 3946//3946
f 1191//1191 4069//4069 4012//4012
f 4069//4069 4059//4059 4012//4012
f 4059//4059 4070//4070 4015//4015
f 4015//4015 4070//4070 3995//3995
f 4070//4070 4040//4040 3995//3995
f 4032//4032 4071//4071 3955//3955
f 4071//4071 4045//4045 3970//3970
f 4071//4071 3970//3970 3955//3955
f 4029//4029 1275//1275 4033//4033
f 1275//1275 4000//4000 4033//4033
f 1204//1204 4023//4023 1079//1079
f 4054//4054 4048//4048 4024//4024
f 4043//4043 4055//4055 3972//3972
f 4055//4055 3993//3993 3992//3992
f 4067//4067 4072//4072 4018//4018
f 4072//4072 4073//4073 4018//4018
f 4073//4073 1150//1150 4018//4018
f 4028//4028 1209//1209 901//901
f 4041//4041 4016//4016 4047//4047
f 1275//1275 4036//4036 4000//4000
f 4063//4063 1211//1211 1093//1093
f 4065//4065 4074//4074 4049//4049
f 4074//4074 1215//1215 4049//4049
f 4049//4049 1215//1215 1160//1160
f 4073//4073 1216//1216 1150//1150
f 4068//4068 1219//1219 1218//1218
f 1220//1220 4056//4056 1053//1053
f 1157//1157 1276//1276 4029//4029
f 1276//1276 1275//1275 4029//4029
f 4064//4064 4054//4054 3990//3990
f 4064//4064 3990//3990 3989//3989
f 4023//4023 4075//4075 4042//4042
f 4076//4076 4002//4002 3996//3996
f 1225//1225 4067//4067 1217//1217
f 4051//4051 4077//4077 1175//1175
f 4077//4077 1174//1174 1175//1175
f 4004//4004 4027//4027 3905//3905
f 4057//4057 4078//4078 4020//4020
f 4078//4078 4079//4079 4020//4020
f 4020//4020 4079//4079 4006//4006
f 4079//4079 4010//4010 4006//4006
f 4042//4042 4076//4076 3996//3996
f 4076//4076 4065//4065 4002//4002
f 4050//4050 1172//1172 1171//1171
f 1172//1172 1207//1207 1097//1097
f 1180//1180 1261//1261 4051//4051
f 1261//1261 4080//4080 4051//4051
f 4039//4039 4081//4081 3982//3982
f 4081//4081 4053//4053 3982//3982
f 4046//4046 4082//4082 4022//4022
f 4083//4083 4047//4047 4022//4022
f 4054//4054 4084//4084 4048//4048
f 4085//4085 4074//4074 4065//4065
f 1253//1253 4086//4086 4043//4043
f 4086//4086 4055//4055 4043//4043
f 4080//4080 4077//4077 4051//4051
f 1220//1220 4087//4087 4056//4056
f 4058//4058 1237//1237 1154//1154
f 1238//1238 4052//4052 1040//1040
f 1242//1242 1276//1276 1157//1157
f 4036//4036 4088//4088 4037//4037
f 4084//4084 1135//1135 4048//4048
f 1253//1253 4043//4043 1254//1254
f 4074//4074 1245//1245 1215//1215
f 4077//4077 4004//4004 1174//1174
f 4087//4087 4057//4057 4056//4056
f 4089//4089 3983//3983 4053//4053
f 4090//4090 4035//4035 4041//4041
f 4035//4035 4091//4091 4063//4063
f 4091//4091 1211//1211 4063//4063
f 4088//4088 4064//4064 4037//4037
f 4076//4076 4092//4092 4065//4065
f 4092//4092 4085//4085 4065//4065
f 1258//1258 1255//1255 1254//1254
f 1258//1258 1254//1254 1169//1169
f 4060//4060 4093//4093 4030//4030
f 4094//4094 4068//4068 4030//4030
f 1273//1273 1200//1200 4027//4027
f 4087//4087 4095//4095 4057//4057
f 4095//4095 4078//4078 4057//4057
f 3983//3983 4089//4089 4028//4028
f 1274//1274 1263//1263 1143//1143
f 1264//1264 4069//4069 1191//1191
f 4040//4040 4096//4096 4032//4032
f 4096//4096 4071//4071 4032//4032
f 1185//1185 4082//4082 4046//4046
f 1250//1250 1178//1178 1192//1192
f 4047//4047 4097//4097 4041//4041
f 4097//4097 4090//4090 4041//4041
f 4055//4055 4066//4066 3993//3993
f 4093//4093 4094//4094 4030//4030
f 4094//4094 4098//4098 4068//4068
f 4098//4098 1219//1219 4068//4068
f 4099//4099 4010//4010 4079//4079
f 4052//4052 4100//4100 4038//4038
f 4100//4100 4039//4039 4038//4038
f 4070//4070 4096//4096 4040//4040
f 4082//4082 4083//4083 4022//4022
f 4084//4084 1270//1270 1135//1135
f 4101//4101 1260//1260 1245//1245
f 1045//1045 4093//4093 4060//4060
f 4077//4077 4102//4102 4004//4004
f 4004//4004 4102//4102 4027//4027
f 1238//1238 4103//4103 4052//4052
f 4103//4103 4100//4100 4052//4052
f 4100//4100 4104//4104 4039//4039
f 4104//4104 4081//4081 4039//4039
f 1264//1264 4105//4105 4069//4069
f 4069//4069 4105//4105 4059//4059
f 4106//4106 4061//4061 4007//4007
f 1242//1242 1277//1277 1276//1276
f 4074//4074 4101//4101 1245//1245
f 1299//1299 1279//1279 1235//1235
f 1280//1280 4093//4093 1045//1045
f 4073//4073 4107//4107 1216//1216
f 4107//4107 4026//4026 1216//1216
f 4019//4019 1283//1283 1139//1139
f 1220//1220 4108//4108 4087//4087
f 4078//4078 4099//4099 4079//4079
f 4099//4099 4058//4058 4010//4010
f 4053//4053 4109//4109 4089//4089
f 4059//4059 4110//4110 4070//4070
f 4110//4110 4096//4096 4070//4070
f 4090//4090 4091//4091 4035//4035
f 4111//4111 4066//4066 4055//4055
f 4105//4105 4110//4110 4059//4059
f 4036//4036 4112//4112 4088//4088
f 1291//1291 4023//4023 1204//1204
f 4085//4085 4113//4113 4074//4074
f 4086//4086 4111//4111 4055//4055
f 1172//1172 1300//1300 1207//1207
f 4067//4067 4114//4114 4072//4072
f 4114//4114 4073//4073 4072//4072
f 4087//4087 4115//4115 4095//4095
f 4115//4115 4116//4116 4095//4095
f 4095//4095 4116//4116 4078//4078
f 4116//4116 4099//4099 4078//4078
f 4081//4081 4117//4117 4053//4053
f 1309//1309 4036//4036 1275//1275
f 4118//4118 4084//4084 4054//4054
f 1298//1298 1255//1255 1258//1258
f 4119//4119 4086//4086 1253//1253
f 4120//4120 1283//1283 4019//4019
f 4120//4120 4019//4019 3977//3977
f 4108//4108 4121//4121 4087//4087
f 4121//4121 4115//4115 4087//4087
f 4117//4117 4109//4109 4053//4053
f 4122//4122 4028//4028 4089//4089
f 4083//4083 4123//4123 4047//4047
f 4123//4123 4097//4097 4047//4047
f 4064//4064 4118//4118 4054//4054
f 4075//4075 4076//4076 4042//4042
f 4113//4113 4101//4101 4074//4074
f 1299//1299 1289//1289 1279//1279
f 4050//4050 1388//1388 1172//1172
f 1392//1392 3977//3977 4026//4026
f 4124//4124 4102//4102 4077//4077
f 4102//4102 1273//1273 4027//4027
f 4125//4125 4058//4058 4099//4099
f 4126//4126 4110//4110 4105//4105
f 4127//4127 4071//4071 4096//4096
f 4045//4045 4128//4128 4007//4007
f 4128//4128 4106//4106 4007//4007
f 4082//4082 4129//4129 4083//4083
f 4130//4130 4112//4112 4036//4036
f 4084//4084 4131//4131 1270//1270
f 1298//1298 4132//4132 1255//1255
f 4132//4132 1253//1253 1255//1255
f 4111//4111 4133//4133 4066//4066
f 4107//4107 1392//1392 4026//4026
f 4093//4093 4134//4134 4094//4094
f 4094//4094 4135//4135 4098//4098
f 4135//4135 1219//1219 4098//4098
f 1392//1392 4120//4120 3977//3977
f 1322//1322 4080//4080 1261//1261
f 4136//4136 4124//4124 4077//4077
f 4136//4136 4077//4077 4080//4080
f 1311//1311 4103//4103 1238//1238
f 4110//4110 4137//4137 4096//4096
f 4137//4137 4127//4127 4096//4096
f 4127//4127 4138//4138 4071//4071
f 4138//4138 4045//4045 4071//4071
f 1315//1315 1277//1277 1242//1242
f 1291//1291 4139//4139 4023//4023
f 4023//4023 4139//4139 4075//4075
f 4092//4092 4140//4140 4085//4085
f 4140//4140 4113//4113 4085//4085
f 4132//4132 4119//4119 1253//1253
f 4113//4113 4141//4141 4101//4101
f 4101//4101 1318//1318 1260//1260
f 4066//4066 1389//1389 4050//4050
f 1389//1389 1388//1388 4050//4050
f 1280//1280 4142//4142 4093//4093
f 1322//1322 4136//4136 4080//4080
f 4121//4121 4143//4143 4115//4115
f 4143//4143 4144//4144 4116//4116
f 4143//4143 4116//4116 4115//4115
f 4144//4144 4099//4099 4116//4116
f 4104//4104 4145//4145 4081//4081
f 4145//4145 4117//4117 4081//4081
f 4138//4138 4146//4146 4045//4045
f 4147//4147 4123//4123 4083//4083
f 4123//4123 4148//4148 4097//4097
f 4148//4148 4090//4090 4097//4097
f 1309//1309 4130//4130 4036//4036
f 4091//4091 1323//1323 1211//1211
f 4139//4139 4149//4149 4075//4075
f 4133//4133 4150//4150 4066//4066
f 4150//4150 1389//1389 4066//4066
f 1225//1225 4151//4151 4067//4067
f 4151//4151 4114//4114 4067//4067
f 1328//1328 4152//4152 4108//4108
f 1328//1328 4108//4108 1220//1220
f 4152//4152 4121//4121 4108//4108
f 4144//4144 4153//4153 4099//4099
f 4125//4125 1237//1237 4058//4058
f 1172//1172 1388//1388 1300//1300
f 1333//1333 4151//4151 1225//1225
f 4142//4142 4134//4134 4093//4093
f 4153//4153 4125//4125 4099//4099
f 4154//4154 4100//4100 4103//4103
f 4109//4109 4122//4122 4089//4089
f 4122//4122 4155//4155 4028//4028
f 4155//4155 1209//1209 4028//4028
f 1250//1250 1294//1294 1178//1178
f 4129//4129 4147//4147 4083//4083
f 4156//4156 4130//4130 1309//1309
f 4149//4149 4076//4076 4075//4075
f 4141//4141 1318//1318 4101//4101
f 1311//1311 4157//4157 4103//4103
f 4157//4157 4154//4154 4103//4103
f 4154//4154 4104//4104 4100//4100
f 4155//4155 1340//1340 1209//1209
f 4158//4158 4126//4126 4105//4105
f 4126//4126 4137//4137 4110//4110
f 4159//4159 4091//4091 4090//4090
f 4135//4135 1344//1344 1219//1219
f 4121//4121 4160//4160 4143//4143
f 4160//4160 4144//4144 4143//4143
f 4154//4154 4161//4161 4104//4104
f 4161//4161 4145//4145 4104//4104
f 1350//1350 4105//4105 1264//1264
f 4162//4162 4129//4129 4082//4082
f 4148//4148 4163//4163 4090//4090
f 1277//1277 4156//4156 1309//1309
f 4163//4163 4159//4159 4090//4090
f 4159//4159 4164//4164 4091//4091
f 4164//4164 1323//1323 4091//4091
f 4064//4064 4165//4165 4118//4118
f 4165//4165 4084//4084 4118//4118
f 4131//4131 1257//1257 1270//1270
f 4086//4086 4166//4166 4111//4111
f 1393//1393 4107//4107 4073//4073
f 4134//4134 4135//4135 4094//4094
f 1322//1322 4167//4167 4136//4136
f 4152//4152 4168//4168 4121//4121
f 4168//4168 4160//4160 4121//4121
f 4145//4145 4169//4169 4117//4117
f 1355//1355 4162//4162 1185//1185
f 1185//1185 4162//4162 4082//4082
f 4112//4112 4064//4064 4088//4088
f 4165//4165 4170//4170 4084//4084
f 4170//4170 4131//4131 4084//4084
f 1332//1332 1360//1360 1324//1324
f 4114//4114 1393//1393 4073//4073
f 4124//4124 4171//4171 4102//4102
f 4172//4172 4125//4125 4153//4153
f 1399//1399 1263//1263 1274//1274
f 1367//1367 1365//1365 1310//1310
f 4131//4131 1337//1337 1257//1257
f 4119//4119 4166//4166 4086//4086
f 4113//4113 4173//4173 4141//4141
f 4167//4167 4124//4124 4136//4136
f 4160//4160 4174//4174 4144//4144
f 4174//4174 4153//4153 4144//4144
f 4149//4149 4175//4175 4076//4076
f 1371//1371 4132//4132 1298//1298
f 1393//1393 1392//1392 4107//4107
f 4102//4102 4176//4176 1273//1273
f 1399//1399 1331//1331 1263//1263
f 4146//4146 4128//4128 4045//4045
f 4175//4175 4177//4177 4092//4092
f 4175//4175 4092//4092 4076//4076
f 4177//4177 4140//4140 4092//4092
f 4178//4178 1337//1337 4131//4131
f 4157//4157 4179//4179 4154//4154
f 4179//4179 4161//4161 4154//4154
f 4169//4169 4109//4109 4117//4117
f 1315//1315 4180//4180 1277//1277
f 4180//4180 4181//4181 4156//4156
f 4180//4180 4156//4156 1277//1277
f 4181//4181 4182//4182 4130//4130
f 4181//4181 4130//4130 4156//4156
f 4159//4159 4183//4183 4164//4164
f 1381//1381 4139//4139 1291//1291
f 4184//4184 4173//4173 4113//4113
f 4173//4173 1318//1318 4141//4141
f 4185//4185 4120//4120 1392//1392
f 4112//4112 4186//4186 4064//4064
f 4186//4186 4165//4165 4064//4064
f 1381//1381 4187//4187 4139//4139
f 4170//4170 4178//4178 4131//4131
f 4140//4140 4184//4184 4113//4113
f 1390//1390 1300//1300 1388//1388
f 1394//1394 4142//4142 1280//1280
f 1322//1322 4188//4188 4167//4167
f 4171//4171 4176//4176 4102//4102
f 4176//4176 1374//1374 1273//1273
f 1350//1350 4189//4189 4105//4105
f 4189//4189 4158//4158 4105//4105
f 4163//4163 4183//4183 4159//4159
f 4139//4139 4190//4190 4149//4149
f 4190//4190 4191//4191 4149//4149
f 4191//4191 4175//4175 4149//4149
f 4166//4166 4133//4133 4111//4111
f 4192//4192 4134//4134 4142//4142
f 1409//1409 4188//4188 1322//1322
f 4188//4188 4193//4193 4124//4124
f 4188//4188 4124//4124 4167//4167
f 4193//4193 4171//4171 4124//4124
f 4172//4172 1424//1424 4125//4125
f 1424//1424 1237//1237 4125//4125
f 4126//4126 4194//4194 4137//4137
f 4194//4194 4127//4127 4137//4137
f 4183//4183 1323//1323 4164//4164
f 4195//4195 4166//4166 4119//4119
f 1333//1333 4196//4196 4151//4151
f 4196//4196 4114//4114 4151//4151
f 4197//4197 1364//1364 1283//1283
f 4168//4168 4198//4198 4160//4160
f 4198//4198 4174//4174 4160//4160
f 1417//1417 4157//4157 1311//1311
f 4179//4179 4199//4199 4161//4161
f 4199//4199 4145//4145 4161//4161
f 4200//4200 4122//4122 4109//4109
f 4147//4147 4201//4201 4123//4123
f 4201//4201 4148//4148 4123//4123
f 1419//1419 4180//4180 1315//1315
f 1367//1367 1421//1421 1365//1365
f 4132//4132 4195//4195 4119//4119
f 4192//4192 4135//4135 4134//4134
f 4120//4120 4197//4197 1283//1283
f 1328//1328 4202//4202 4152//4152
f 4202//4202 4168//4168 4152//4152
f 1417//1417 4203//4203 4157//4157
f 4203//4203 4204//4204 4157//4157
f 4204//4204 4179//4179 4157//4157
f 4204//4204 4199//4199 4179//4179
f 4169//4169 4200//4200 4109//4109
f 4158//4158 4205//4205 4126//4126
f 4205//4205 4194//4194 4126//4126
f 4194//4194 4206//4206 4127//4127
f 4206//4206 4138//4138 4127//4127
f 4062//4062 1428//1428 1165//1165
f 4140//4140 4207//4207 4184//4184
f 1371//1371 4208//4208 4132//4132
f 4208//4208 4195//4195 4132//4132
f 4207//4207 4209//4209 4173//4173
f 4207//4207 4173//4173 4184//4184
f 1390//1390 1441//1441 1300//1300
f 1394//1394 4192//4192 4142//4142
f 4202//4202 4210//4210 4168//4168
f 4210//4210 4198//4198 4168//4168
f 4198//4198 4211//4211 4174//4174
f 4211//4211 4212//4212 4153//4153
f 4211//4211 4153//4153 4174//4174
f 4212//4212 4172//4172 4153//4153
f 4199//4199 4213//4213 4145//4145
f 4213//4213 4169//4169 4145//4145
f 4214//4214 4215//4215 4165//4165
f 4165//4165 4215//4215 4170//4170
f 4215//4215 4178//4178 4170//4170
f 4216//4216 1337//1337 4178//4178
f 4217//4217 4133//4133 4166//4166
f 1442//1442 4196//4196 1333//1333
f 4135//4135 1443//1443 1344//1344
f 4218//4218 4128//4128 4146//4146
f 4219//4219 4062//4062 4061//4061
f 4220//4220 4147//4147 4129//4129
f 4201//4201 4221//4221 4148//4148
f 4221//4221 4163//4163 4148//4148
f 4182//4182 4112//4112 4130//4130
f 4186//4186 4214//4214 4165//4165
f 4215//4215 4216//4216 4178//4178
f 4217//4217 4222//4222 4133//4133
f 4196//4196 4223//4223 4114//4114
f 4114//4114 4223//4223 1393//1393
f 4223//4223 4224//4224 1393//1393
f 1450//1450 4202//4202 1328//1328
f 4106//4106 4219//4219 4061//4061
f 1451//1451 4225//4225 4162//4162
f 1451//1451 4162//4162 1355//1355
f 4226//4226 4186//4186 4112//4112
f 4191//4191 4177//4177 4175//4175
f 4227//4227 4228//4228 4177//4177
f 4177//4177 4228//4228 4140//4140
f 4228//4228 4207//4207 4140//4140
f 4209//4209 1318//1318 4173//4173
f 4222//4222 4150//4150 4133//4133
f 1394//1394 4229//4229 4192//4192
f 4192//4192 4230//4230 4135//4135
f 4230//4230 1443//1443 4135//4135
f 4206//4206 4231//4231 4138//4138
f 4231//4231 4146//4146 4138//4138
f 4225//4225 4220//4220 4162//4162
f 4220//4220 4232//4232 4147//4147
f 1419//1419 4233//4233 4180//4180
f 4233//4233 4181//4181 4180//4180
f 4182//4182 4234//4234 4112//4112
f 4187//4187 4190//4190 4139//4139
f 4216//4216 1455//1455 1337//1337
f 1391//1391 4185//4185 1392//1392
f 4122//4122 4235//4235 4155//4155
f 4235//4235 1340//1340 4155//4155
f 4218//4218 4236//4236 4106//4106
f 4218//4218 4106//4106 4128//4128
f 4219//4219 1428//1428 4062//4062
f 4220//4220 4129//4129 4162//4162
f 4163//4163 4237//4237 4183//4183
f 4237//4237 1323//1323 4183//4183
f 4209//4209 1462//1462 1318//1318
f 4197//4197 1463//1463 1364//1364
f 1464//1464 4188//4188 1409//1409
f 4176//4176 1435//1435 1374//1374
f 1417//1417 4238//4238 4203//4203
f 4238//4238 4204//4204 4203//4203
f 4236//4236 4219//4219 4106//4106
f 4214//4214 4239//4239 4215//4215
f 4239//4239 4240//4240 4215//4215
f 4240//4240 4241//4241 4215//4215
f 4215//4215 4241//4241 4216//4216
f 4224//4224 1468//1468 1393//1393
f 1383//1383 4242//4242 1394//1394
f 4242//4242 4229//4229 1394//1394
f 4229//4229 4230//4230 4192//4192
f 4188//4188 1523//1523 4193//4193
f 1523//1523 4171//4171 4193//4193
f 4243//4243 4176//4176 4171//4171
f 4198//4198 1501//1501 4211//4211
f 1501//1501 4212//4212 4211//4211
f 4212//4212 4244//4244 4172//4172
f 4204//4204 4245//4245 4199//4199
f 4245//4245 4213//4213 4199//4199
f 4231//4231 4218//4218 4146//4146
f 4246//4246 4201//4201 4147//4147
f 4221//4221 4247//4247 4163//4163
f 4247//4247 4237//4237 4163//4163
f 1471//1471 4233//4233 1419//1419
f 1457//1457 1473//1473 1439//1439
f 4207//4207 4248//4248 4209//4209
f 1450//1450 1511//1511 4202//4202
f 1511//1511 4210//4210 4202//4202
f 4249//4249 1424//1424 4172//4172
f 4250//4250 4245//4245 4204//4204
f 1604//1604 1478//1478 1331//1331
f 1604//1604 1331//1331 1399//1399
f 4251//4251 4235//4235 4122//4122
f 1480//1480 4189//4189 1350//1350
f 1480//1480 4158//4158 4189//4189
f 4232//4232 4246//4246 4147//4147
f 4181//4181 4252//4252 4182//4182
f 4234//4234 4226//4226 4112//4112
f 4239//4239 4214//4214 4186//4186
f 4208//4208 4253//4253 4195//4195
f 4253//4253 4254//4254 4195//4195
f 4195//4195 4254//4254 4166//4166
f 4254//4254 4217//4217 4166//4166
f 4255//4255 4222//4222 4217//4217
f 4255//4255 4150//4150 4222//4222
f 1442//1442 1498//1498 4196//4196
f 1498//1498 4223//4223 4196//4196
f 1486//1486 4242//4242 1383//1383
f 1464//1464 1523//1523 4188//4188
f 4210//4210 1502//1502 4198//4198
f 1502//1502 1501//1501 4198//4198
f 1501//1501 4256//4256 4212//4212
f 1491//1491 4238//4238 1417//1417
f 4257//4257 4231//4231 4206//4206
f 4257//4257 4206//4206 4194//4194
f 4231//4231 4258//4258 4218//4218
f 4219//4219 1545//1545 1428//1428
f 4233//4233 4259//4259 4181//4181
f 4259//4259 4252//4252 4181//4181
f 4252//4252 4234//4234 4182//4182
f 1494//1494 4187//4187 1381//1381
f 4241//4241 1455//1455 4216//4216
f 1496//1496 4208//4208 1371//1371
f 1390//1390 1497//1497 1441//1441
f 4260//4260 4120//4120 4185//4185
f 4261//4261 1463//1463 4197//4197
f 1511//1511 1502//1502 4210//4210
f 4256//4256 4244//4244 4212//4212
f 4244//4244 4249//4249 4172//4172
f 4238//4238 4250//4250 4204//4204
f 4200//4200 4251//4251 4122//4122
f 4258//4258 4236//4236 4218//4218
f 1507//1507 1493//1493 1412//1412
f 4237//4237 1508//1508 1323//1323
f 4248//4248 4262//4262 4209//4209
f 4262//4262 1462//1462 4209//4209
f 4260//4260 4197//4197 4120//4120
f 4260//4260 4261//4261 4197//4197
f 1500//1500 4263//4263 1501//1501
f 4263//4263 4256//4256 1501//1501
f 4249//4249 4264//4264 1424//1424
f 1471//1471 4265//4265 4233//4233
f 4265//4265 4259//4259 4233//4233
f 4187//4187 4266//4266 4190//4190
f 1512//1512 1473//1473 1457//1457
f 4267//4267 4177//4177 4191//4191
f 4267//4267 4227//4227 4177//4177
f 1389//1389 4268//4268 1390//1390
f 4242//4242 4230//4230 4229//4229
f 4230//4230 1516//1516 1443//1443
f 1423//1423 1522//1522 1432//1432
f 1475//1475 1524//1524 1464//1464
f 1520//1520 1435//1435 4176//4176
f 1450//1450 1551//1551 1511//1511
f 4269//4269 4251//4251 4200//4200
f 4226//4226 4270//4270 4186//4186
f 4270//4270 4271//4271 4186//4186
f 4186//4186 4271//4271 4239//4239
f 4272//4272 4255//4255 4217//4217
f 4268//4268 1497//1497 1390//1390
f 4273//4273 1516//1516 4230//4230
f 4243//4243 1520//1520 4176//4176
f 4264//4264 1525//1525 1424//1424
f 4245//4245 4274//4274 4213//4213
f 4274//4274 4169//4169 4213//4213
f 1480//1480 4275//4275 4158//4158
f 4205//4205 4276//4276 4194//4194
f 4276//4276 4257//4257 4194//4194
f 4271//4271 4277//4277 4239//4239
f 4277//4277 4240//4240 4239//4239
f 1512//1512 1531//1531 1473//1473
f 4190//4190 4267//4267 4191//4191
f 4227//4227 4278//4278 4228//4228
f 4278//4278 4279//4279 4228//4228
f 4228//4228 4279//4279 4207//4207
f 4279//4279 4248//4248 4207//4207
f 4254//4254 4272//4272 4217//4217
f 4242//4242 4273//4273 4230//4230
f 1536//1536 1524//1524 1475//1475
f 4169//4169 4269//4269 4200//4200
f 4275//4275 4205//4205 4158//4158
f 4240//4240 4280//4280 4241//4241
f 1514//1514 1455//1455 4241//4241
f 1540//1540 4281//4281 1498//1498
f 4281//4281 4282//4282 1498//1498
f 1498//1498 4282//4282 4223//4223
f 4185//4185 4283//4283 4260//4260
f 1511//1511 4284//4284 1500//1500
f 1491//1491 4285//4285 4238//4238
f 4274//4274 4286//4286 4169//4169
f 4235//4235 1542//1542 1340//1340
f 1494//1494 4287//4287 4187//4187
f 4287//4287 4266//4266 4187//4187
f 4280//4280 1514//1514 4241//4241
f 4262//4262 1547//1547 1462//1462
f 1468//1468 4185//4185 1391//1391
f 1552//1552 4284//4284 1511//1511
f 4284//4284 4288//4288 1500//1500
f 4288//4288 4263//4263 1500//1500
f 4257//4257 4289//4289 4231//4231
f 4289//4289 4258//4258 4231//4231
f 4201//4201 4290//4290 4221//4221
f 4290//4290 4247//4247 4221//4221
f 4247//4247 4291//4291 4237//4237
f 4234//4234 4292//4292 4226//4226
f 4292//4292 4270//4270 4226//4226
f 1496//1496 4293//4293 4208//4208
f 4293//4293 4253//4253 4208//4208
f 4255//4255 4294//4294 4150//4150
f 4294//4294 4295//4295 1389//1389
f 4294//4294 1389//1389 4150//4150
f 4295//4295 4268//4268 1389//1389
f 4261//4261 1557//1557 1463//1463
f 4296//4296 1523//1523 1524//1524
f 4297//4297 4171//4171 1523//1523
f 4297//4297 4243//4243 4171//4171
f 1559//1559 1551//1551 1450//1450
f 4286//4286 4269//4269 4169//4169
f 4298//4298 4219//4219 4236//4236
f 4298//4298 4299//4299 4219//4219
f 4299//4299 1545//1545 4219//4219
f 4291//4291 1508//1508 4237//4237
f 4300//4300 4283//4283 4185//4185
f 4296//4296 4297//4297 1523//1523
f 1536//1536 4296//4296 1524//1524
f 4243//4243 4301//4301 1520//1520
f 1559//1559 1566//1566 1551//1551
f 4285//4285 1590//1590 4238//4238
f 4238//4238 1590//1590 4250//4250
f 1590//1590 1589//1589 4250//4250
f 4250//4250 1589//1589 4245//4245
f 1589//1589 4274//4274 4245//4245
f 1451//1451 4302//4302 4225//4225
f 4302//4302 4220//4220 4225//4225
f 4252//4252 4292//4292 4234//4234
f 4267//4267 4303//4303 4227//4227
f 4279//4279 4262//4262 4248//4248
f 1552//1552 4288//4288 4284//4284
f 4290//4290 4304//4304 4247//4247
f 4304//4304 4291//4291 4247//4247
f 4265//4265 4305//4305 4259//4259
f 4305//4305 4252//4252 4259//4259
f 4306//4306 4272//4272 4254//4254
f 1691//1691 1547//1547 4262//4262
f 4282//4282 4224//4224 4223//4223
f 4301//4301 1583//1583 1520//1520
f 4276//4276 4205//4205 4275//4275
f 4266//4266 4267//4267 4190//4190
f 4303//4303 4278//4278 4227//4227
f 1579//1579 4293//4293 1496//1496
f 4272//4272 4307//4307 4255//4255
f 1580//1580 4308//4308 1486//1486
f 1486//1486 4308//4308 4242//4242
f 4309//4309 4263//4263 4288//4288
f 1562//1562 4275//4275 1480//1480
f 1597//1597 1531//1531 1512//1512
f 1491//1491 1618//1618 4285//4285
f 1618//1618 1590//1590 4285//4285
f 4310//4310 4274//4274 1589//1589
f 4276//4276 4311//4311 4257//4257
f 4311//4311 4289//4289 4257//4257
f 1507//1507 1595//1595 1493//1493
f 4232//4232 4312//4312 4246//4246
f 4312//4312 4313//4313 4246//4246
f 4246//4246 4313//4313 4201//4201
f 4313//4313 4290//4290 4201//4201
f 1597//1597 1596//1596 1531//1531
f 4266//4266 4314//4314 4267//4267
f 4293//4293 4315//4315 4253//4253
f 4315//4315 4254//4254 4253//4253
f 4279//4279 1691//1691 4262//4262
f 4260//4260 4316//4316 4261//4261
f 4261//4261 1600//1600 1557//1557
f 1603//1603 1618//1618 1491//1491
f 1618//1618 1602//1602 1590//1590
f 4269//4269 4317//4317 4251//4251
f 4317//4317 4235//4235 4251//4251
f 4275//4275 4318//4318 4276//4276
f 1607//1607 4265//4265 1471//1471
f 4277//4277 4319//4319 4240//4240
f 4319//4319 4280//4280 4240//4240
f 4314//4314 4303//4303 4267//4267
f 4280//4280 1609//1609 1514//1514
f 4268//4268 1570//1570 1497//1497
f 4316//4316 1600//1600 4261//4261
f 1552//1552 4320//4320 4288//4288
f 4320//4320 4309//4309 4288//4288
f 1566//1566 1667//1667 1552//1552
f 4252//4252 4321//4321 4292//4292
f 4315//4315 4322//4322 4254//4254
f 1468//1468 4323//4323 4185//4185
f 4323//4323 4300//4300 4185//4185
f 4324//4324 1516//1516 4273//4273
f 4325//4325 4297//4297 4296//4296
f 1536//1536 4325//4325 4296//4296
f 4309//4309 4326//4326 4263//4263
f 1615//1615 1668//1668 1566//1566
f 1615//1615 1566//1566 1559//1559
f 1668//1668 1667//1667 1566//1566
f 4326//4326 4327//4327 4256//4256
f 4326//4326 4256//4256 4263//4263
f 4327//4327 4244//4244 4256//4256
f 4318//4318 4311//4311 4276//4276
f 4289//4289 4328//4328 4258//4258
f 1620//1620 4302//4302 1451//1451
f 4329//4329 4321//4321 4252//4252
f 4303//4303 4330//4330 4278//4278
f 4330//4330 4279//4279 4278//4278
f 1667//1667 4320//4320 1552//1552
f 4249//4249 1642//1642 4264//4264
f 1642//1642 1525//1525 4264//4264
f 1617//1617 1602//1602 1618//1618
f 4310//4310 4331//4331 4274//4274
f 4331//4331 4286//4286 4274//4274
f 4328//4328 4236//4236 4258//4258
f 4299//4299 1622//1622 1545//1545
f 1607//1607 4332//4332 4265//4265
f 4332//4332 4305//4305 4265//4265
f 4271//4271 4319//4319 4277//4277
f 1623//1623 4287//4287 1494//1494
f 4333//4333 1609//1609 4280//4280
f 4322//4322 4306//4306 4254//4254
f 4307//4307 4294//4294 4255//4255
f 4308//4308 4334//4334 4242//4242
f 4334//4334 4273//4273 4242//4242
f 4297//4297 4335//4335 4243//4243
f 1591//1591 4331//4331 1589//1589
f 1589//1589 4331//4331 4310//4310
f 1562//1562 4336//4336 4275//4275
f 4336//4336 4318//4318 4275//4275
f 4337//4337 4298//4298 4236//4236
f 4220//4220 4338//4338 4232//4232
f 4305//4305 4329//4329 4252//4252
f 1632//1632 1595//1595 1507//1507
f 4304//4304 4339//4339 4291//4291
f 1692//1692 1691//1691 4279//4279
f 4283//4283 4340//4340 4260//4260
f 4340//4340 4316//4316 4260//4260
f 4341//4341 4297//4297 4325//4325
f 4243//4243 4335//4335 4301//4301
f 4327//4327 4342//4342 4244//4244
f 4342//4342 4249//4249 4244//4244
f 1617//1617 1630//1630 1602//1602
f 4319//4319 4333//4333 4280//4280
f 4330//4330 1692//1692 4279//4279
f 1540//1540 4343//4343 4281//4281
f 4343//4343 4282//4282 4281//4281
f 4224//4224 4323//4323 1468//1468
f 4324//4324 1648//1648 1516//1516
f 4316//4316 1635//1635 1600//1600
f 1651//1651 4325//4325 1536//1536
f 4344//4344 4320//4320 1667//1667
f 4345//4345 1642//1642 4249//4249
f 4346//4346 4317//4317 4269//4269
f 4317//4317 4347//4347 4235//4235
f 4347//4347 1653//1653 1542//1542
f 4347//4347 1542//1542 4235//4235
f 4348//4348 4311//4311 4318//4318
f 4349//4349 4299//4299 4298//4298
f 4350//4350 4330//4330 4303//4303
f 4306//4306 4307//4307 4272//4272
f 1655//1655 1647//1647 1610//1610
f 4348//4348 4351//4351 4311//4311
f 4351//4351 4289//4289 4311//4311
f 4328//4328 4337//4337 4236//4236
f 1632//1632 1660//1660 1595//1595
f 1662//1662 4332//4332 1607//1607
f 4352//4352 4314//4314 4266//4266
f 4353//4353 4224//4224 4282//4282
f 4341//4341 4354//4354 4297//4297
f 4355//4355 4341//4341 4325//4325
f 4354//4354 4335//4335 4297//4297
f 4301//4301 1658//1658 1583//1583
f 1615//1615 1669//1669 1668//1668
f 1670//1670 4356//4356 1630//1630
f 1670//1670 1630//1630 1617//1617
f 4336//4336 4348//4348 4318//4318
f 4302//4302 4357//4357 4220//4220
f 4338//4338 4312//4312 4232//4232
f 4290//4290 4358//4358 4304//4304
f 4358//4358 4339//4339 4304//4304
f 4291//4291 1673//1673 1508//1508
f 4321//4321 4359//4359 4292//4292
f 4359//4359 4270//4270 4292//4292
f 4352//4352 4360//4360 4314//4314
f 4314//4314 4361//4361 4303//4303
f 1674//1674 4293//4293 1579//1579
f 1675//1675 4343//4343 1540//1540
f 1651//1651 4355//4355 4325//4325
f 1669//1669 4344//4344 1667//1667
f 4342//4342 4345//4345 4249//4249
f 4362//4362 4286//4286 4331//4331
f 4270//4270 4363//4363 4271//4271
f 4363//4363 4364//4364 4319//4319
f 4363//4363 4319//4319 4271//4271
f 1681//1681 1596//1596 1597//1597
f 4364//4364 4333//4333 4319//4319
f 4350//4350 4365//4365 4330//4330
f 4365//4365 1692//1692 4330//4330
f 1655//1655 1701//1701 1647//1647
f 4334//4334 4324//4324 4273//4273
f 1591//1591 1722//1722 4331//4331
f 1722//1722 4362//4362 4331//4331
f 4362//4362 4366//4366 4286//4286
f 4351//4351 4367//4367 4289//4289
f 4367//4367 4328//4328 4289//4289
f 4337//4337 4349//4349 4298//4298
f 4357//4357 4338//4338 4220//4220
f 4287//4287 4352//4352 4266//4266
f 1681//1681 1689//1689 1596//1596
f 4333//4333 4368//4368 1609//1609
f 4309//4309 4369//4369 4326//4326
f 4369//4369 4327//4327 4326//4326
f 1695//1695 4302//4302 1620//1620
f 4332//4332 4370//4370 4305//4305
f 4370//4370 4329//4329 4305//4305
f 4361//4361 4350//4350 4303//4303
f 1690//1690 1547//1547 1691//1691
f 4343//4343 4353//4353 4282//4282
f 1677//1677 4356//4356 1670//1670
f 1662//1662 4371//4371 4332//4332
f 4371//4371 4370//4370 4332//4332
f 4339//4339 1673//1673 4291//4291
f 4359//4359 4372//4372 4270//4270
f 4372//4372 4363//4363 4270//4270
f 1674//1674 4373//4373 4293//4293
f 4373//4373 4315//4315 4293//4293
f 4306//4306 4374//4374 4307//4307
f 4374//4374 4294//4294 4307//4307
f 4295//4295 4375//4375 4268//4268
f 4316//4316 1702//1702 1635//1635
f 4355//4355 4376//4376 4341//4341
f 4376//4376 4354//4354 4341//4341
f 4320//4320 4377//4377 4309//4309
f 4377//4377 4369//4369 4309//4309
f 4366//4366 4269//4269 4286//4286
f 4366//4366 4346//4346 4269//4269
f 1687//1687 4336//4336 1562//1562
f 4367//4367 4378//4378 4328//4328
f 4378//4378 4337//4337 4328//4328
f 4334//4334 4379//4379 4324//4324
f 4379//4379 1648//1648 4324//4324
f 4300//4300 4340//4340 4283//4283
f 4380//4380 4376//4376 4355//4355
f 4344//4344 4381//4381 4320//4320
f 4381//4381 4377//4377 4320//4320
f 1722//1722 4382//4382 4362//4362
f 1677//1677 4383//4383 4356//4356
f 4383//4383 1711//1711 1630//1630
f 4383//4383 1630//1630 4356//4356
f 4348//4348 4384//4384 4351//4351
f 4384//4384 4367//4367 4351//4351
f 1623//1623 4385//4385 4287//4287
f 4368//4368 1725//1725 1609//1609
f 4322//4322 4386//4386 4306//4306
f 4340//4340 4387//4387 4316//4316
f 1651//1651 1751//1751 4355//4355
f 1751//1751 4380//4380 4355//4355
f 4376//4376 4388//4388 4354//4354
f 4388//4388 4335//4335 4354//4354
f 1704//1704 4344//4344 1669//1669
f 4382//4382 4389//4389 4362//4362
f 4389//4389 4366//4366 4362//4362
f 4338//4338 4390//4390 4312//4312
f 4390//4390 4313//4313 4312//4312
f 1681//1681 1713//1713 1689//1689
f 4391//4391 4333//4333 4364//4364
f 1716//1716 4308//4308 1580//1580
f 4300//4300 4392//4392 4340//4340
f 4392//4392 4393//4393 4340//4340
f 1642//1642 1721//1721 1643//1643
f 1723//1723 4383//4383 1677//1677
f 4366//4366 4394//4394 4346//4346
f 4395//4395 4337//4337 4378//4378
f 4395//4395 4396//4396 4337//4337
f 4396//4396 4397//4397 4337//4337
f 4337//4337 4397//4397 4349//4349
f 4313//4313 4398//4398 4290//4290
f 4398//4398 4358//4358 4290//4290
f 4399//4399 4359//4359 4321//4321
f 4308//4308 1716//1716 4334//4334
f 4400//4400 4379//4379 4334//4334
f 4379//4379 1726//1726 1648//1648
f 4387//4387 1702//1702 4316//4316
f 4401//4401 1658//1658 4301//4301
f 4402//4402 4342//4342 4327//4327
f 4403//4403 1732//1732 1642//1642
f 4403//4403 1642//1642 4345//4345
f 4404//4404 4394//4394 4366//4366
f 4346//4346 4405//4405 4317//4317
f 4405//4405 4347//4347 4317//4317
f 4347//4347 1734//1734 1653//1653
f 4336//4336 4406//4406 4348//4348
f 4349//4349 4407//4407 4299//4299
f 4407//4407 1622//1622 4299//4299
f 4408//4408 4390//4390 4338//4338
f 1846//1846 1673//1673 4339//4339
f 1690//1690 1741//1741 1547//1547
f 4375//4375 1570//1570 4268//4268
f 4380//4380 4388//4388 4376//4376
f 4388//4388 4409//4409 4335//4335
f 4377//4377 4410//4410 4369//4369
f 4410//4410 4402//4402 4369//4369
f 4369//4369 4402//4402 4327//4327
f 4342//4342 4403//4403 4345//4345
f 4394//4394 4405//4405 4346//4346
f 4411//4411 4336//4336 1687//1687
f 1767//1767 1654//1654 1688//1688
f 4397//4397 4407//4407 4349//4349
f 4370//4370 4412//4412 4329//4329
f 1750//1750 4385//4385 1623//1623
f 4385//4385 4352//4352 4287//4287
f 4360//4360 4361//4361 4314//4314
f 1716//1716 4400//4400 4334//4334
f 4400//4400 4413//4413 4379//4379
f 4413//4413 1726//1726 4379//4379
f 4393//4393 4387//4387 4340//4340
f 4409//4409 4301//4301 4335//4335
f 4409//4409 4401//4401 4301//4301
f 4401//4401 1753//1753 1658//1658
f 4402//4402 4403//4403 4342//4342
f 4411//4411 4414//4414 4336//4336
f 4398//4398 4415//4415 4358//4358
f 4415//4415 4339//4339 4358//4358
f 4412//4412 4321//4321 4329//4329
f 4416//4416 4322//4322 4315//4315
f 1758//1758 4343//4343 1675//1675
f 4343//4343 4417//4417 4353//4353
f 4323//4323 4392//4392 4300//4300
f 1722//1722 4418//4418 4382//4382
f 1711//1711 4418//4418 1722//1722
f 1754//1754 4419//4419 1723//1723
f 4419//4419 4383//4383 1723//1723
f 4418//4418 4389//4389 4382//4382
f 4414//4414 4406//4406 4336//4336
f 4415//4415 1847//1847 4339//4339
f 1847//1847 1846//1846 4339//4339
f 4420//4420 4368//4368 4333//4333
f 4373//4373 4416//4416 4315//4315
f 1692//1692 4421//4421 1690//1690
f 1704//1704 1770//1770 4344//4344
f 1770//1770 4381//4381 4344//4344
f 1720//1720 1769//1769 1704//1704
f 4383//4383 4422//4422 1711//1711
f 4423//4423 4404//4404 4366//4366
f 4406//4406 4424//4424 4348//4348
f 4424//4424 4384//4384 4348//4348
f 4390//4390 4425//4425 4313//4313
f 4425//4425 4398//4398 4313//4313
f 4412//4412 4399//4399 4321//4321
f 4391//4391 4420//4420 4333//4333
f 4426//4426 4427//4427 4323//4323
f 4353//4353 4417//4417 4224//4224
f 4417//4417 4426//4426 4224//4224
f 4224//4224 4426//4426 4323//4323
f 4427//4427 4392//4392 4323//4323
f 4381//4381 4428//4428 4377//4377
f 4428//4428 4410//4410 4377//4377
f 1765//1765 1773//1773 1721//1721
f 4419//4419 4422//4422 4383//4383
f 4384//4384 4429//4429 4367//4367
f 4429//4429 4378//4378 4367//4367
f 1695//1695 4430//4430 4302//4302
f 4430//4430 4357//4357 4302//4302
f 4408//4408 4338//4338 4357//4357
f 1776//1776 1713//1713 1681//1681
f 1778//1778 4373//4373 1674//1674
f 1779//1779 1701//1701 1655//1655
f 4375//4375 1809//1809 1570//1570
f 4387//4387 1780//1780 1702//1702
f 1770//1770 4431//4431 4381//4381
f 4431//4431 4428//4428 4381//4381
f 4432//4432 4403//4403 4402//4402
f 4424//4424 4429//4429 4384//4384
f 4429//4429 4395//4395 4378//4378
f 1846//1846 1782//1782 1673//1673
f 4363//4363 4433//4433 4364//4364
f 4433//4433 4391//4391 4364//4364
f 4365//4365 4434//4434 1692//1692
f 4434//4434 4421//4421 1692//1692
f 4422//4422 1843//1843 1711//1711
f 1843//1843 4418//4418 1711//1711
f 4399//4399 4435//4435 4359//4359
f 4435//4435 4372//4372 4359//4359
f 4420//4420 1837//1837 4368//4368
f 1837//1837 1725//1725 4368//4368
f 1778//1778 4436//4436 4373//4373
f 4436//4436 4416//4416 4373//4373
f 4322//4322 4416//4416 4386//4386
f 4386//4386 4374//4374 4306//4306
f 1793//1793 4437//4437 1751//1751
f 4437//4437 4380//4380 1751//1751
f 4403//4403 1795//1795 1732//1732
f 1786//1786 4419//4419 1754//1754
f 4418//4418 4438//4438 4389//4389
f 4438//4438 4366//4366 4389//4389
f 1796//1796 4411//4411 1687//1687
f 1776//1776 1798//1798 1713//1713
f 4421//4421 1741//1741 1690//1690
f 4437//4437 4388//4388 4380//4380
f 1810//1810 4431//4431 1770//1770
f 1720//1720 1804//1804 1769//1769
f 1786//1786 1865//1865 4419//4419
f 1865//1865 4422//4422 4419//4419
f 4404//4404 4439//4439 4394//4394
f 4396//4396 4440//4440 4397//4397
f 4371//4371 4441//4441 4370//4370
f 4433//4433 4420//4420 4391//4391
f 1758//1758 4442//4442 4343//4343
f 4442//4442 4417//4417 4343//4343
f 1799//1799 4400//4400 1716//1716
f 4392//4392 4443//4443 4393//4393
f 4443//4443 4444//4444 4393//4393
f 4444//4444 4387//4387 4393//4393
f 4445//4445 1753//1753 4401//4401
f 1810//1810 4446//4446 4431//4431
f 4446//4446 4428//4428 4431//4431
f 4428//4428 4447//4447 4410//4410
f 4447//4447 4402//4402 4410//4410
f 4394//4394 4448//4448 4405//4405
f 4448//4448 4347//4347 4405//4405
f 1813//1813 4371//4371 1662//1662
f 4441//4441 4412//4412 4370//4370
f 4385//4385 1913//1913 4352//4352
f 4449//4449 1837//1837 4420//4420
f 1761//1761 1725//1725 1837//1837
f 4446//4446 4450//4450 4428//4428
f 4450//4450 4447//4447 4428//4428
f 1843//1843 1842//1842 4418//4418
f 1842//1842 4438//4438 4418//4418
f 4438//4438 4423//4423 4366//4366
f 4448//4448 4451//4451 4347//4347
f 4451//4451 1734//1734 4347//4347
f 1817//1817 1660//1660 1632//1632
f 4352//4352 1913//1913 4360//4360
f 4433//4433 4449//4449 4420//4420
f 4360//4360 1915//1915 4361//4361
f 4350//4350 4452//4452 4365//4365
f 4452//4452 4434//4434 4365//4365
f 4453//4453 4386//4386 4416//4416
f 4413//4413 1821//1821 1726//1726
f 4444//4444 1780//1780 4387//4387
f 4437//4437 4454//4454 4388//4388
f 4454//4454 4409//4409 4388//4388
f 4445//4445 1823//1823 1753//1753
f 4439//4439 4448//4448 4394//4394
f 4406//4406 4455//4455 4424//4424
f 4456//4456 4407//4407 4397//4397
f 4435//4435 4457//4457 4372//4372
f 4457//4457 4363//4363 4372//4372
f 1915//1915 4350//4350 4361//4361
f 4458//4458 4374//4374 4386//4386
f 4374//4374 4459//4459 4294//4294
f 4459//4459 4460//4460 4295//4295
f 4459//4459 4295//4295 4294//4294
f 4460//4460 4375//4375 4295//4295
f 1799//1799 4461//4461 4400//4400
f 4427//4427 4443//4443 4392//4392
f 1854//1854 4437//4437 1793//1793
f 1829//1829 1804//1804 1720//1720
f 1865//1865 1864//1864 4422//4422
f 1864//1864 1844//1844 4422//4422
f 1844//1844 1843//1843 4422//4422
f 4462//4462 4438//4438 1842//1842
f 4451//4451 1832//1832 1734//1734
f 4455//4455 4463//4463 4424//4424
f 4463//4463 4429//4429 4424//4424
f 4457//4457 4464//4464 4363//4363
f 4464//4464 4433//4433 4363//4363
f 4436//4436 4465//4465 4416//4416
f 4466//4466 1741//1741 4421//4421
f 4400//4400 4467//4467 4413//4413
f 4467//4467 1821//1821 4413//4413
f 4447//4447 4432//4432 4402//4402
f 4468//4468 4396//4396 4395//4395
f 4440//4440 4456//4456 4397//4397
f 4469//4469 4412//4412 4441//4441
f 1913//1913 1915//1915 4360//4360
f 1915//1915 4470//4470 4350//4350
f 4470//4470 4452//4452 4350//4350
f 4465//4465 4453//4453 4416//4416
f 4461//4461 4467//4467 4400//4400
f 4409//4409 4445//4445 4401//4401
f 1835//1835 4446//4446 1810//1810
f 1829//1829 1835//1835 1804//1804
f 1845//1845 4430//4430 1695//1695
f 4425//4425 4471//4471 4398//4398
f 4471//4471 4472//4472 4398//4398
f 4398//4398 4472//4472 4415//4415
f 4472//4472 1848//1848 4415//4415
f 4415//4415 1848//1848 1847//1847
f 4412//4412 4473//4473 4399//4399
f 4473//4473 4435//4435 4399//4399
f 4434//4434 4466//4466 4421//4421
f 4474//4474 4454//4454 4437//4437
f 4475//4475 4403//4403 4432//4432
f 4408//4408 4476//4476 4390//4390
f 4476//4476 4425//4425 4390//4390
f 1854//1854 4474//4474 4437//4437
f 4446//4446 4477//4477 4450//4450
f 4477//4477 4478//4478 4447//4447
f 4477//4477 4447//4447 4450//4450
f 1829//1829 4479//4479 1835//1835
f 4479//4479 1893//1893 1835//1835
f 4478//4478 4432//4432 4447//4447
f 4429//4429 4468//4468 4395//4395
f 4469//4469 4473//4473 4412//4412
f 4464//4464 4480//4480 4433//4433
f 4453//4453 4458//4458 4386//4386
f 1835//1835 1893//1893 4446//4446
f 1893//1893 4477//4477 4446//4446
f 1830//1830 1865//1865 1786//1786
f 4481//4481 4448//4448 4439//4439
f 4411//4411 4482//4482 4414//4414
f 4482//4482 4406//4406 4414//4414
f 1813//1813 4483//4483 4371//4371
f 4483//4483 4441//4441 4371//4371
f 1848//1848 1782//1782 1846//1846
f 4452//4452 4484//4484 4434//4434
f 4485//4485 4426//4426 4417//4417
f 4486//4486 4474//4474 1854//1854
f 4487//4487 1795//1795 4403//4403
f 1864//1864 1866//1866 1844//1844
f 4468//4468 4488//4488 4396//4396
f 4489//4489 4408//4408 4357//4357
f 1798//1798 1912//1912 1750//1750
f 1912//1912 4490//4490 1750//1750
f 1750//1750 4490//4490 4385//4385
f 4490//4490 1913//1913 4385//4385
f 4480//4480 4449//4449 4433//4433
f 4449//4449 1870//1870 1837//1837
f 4484//4484 4466//4466 4434//4434
f 1829//1829 4491//4491 4479//4479
f 4491//4491 1893//1893 4479//4479
f 4487//4487 1876//1876 1795//1795
f 1889//1889 4462//4462 1842//1842
f 4462//4462 4492//4492 4438//4438
f 4492//4492 4423//4423 4438//4438
f 4482//4482 4493//4493 4406//4406
f 4493//4493 4455//4455 4406//4406
f 4456//4456 4494//4494 4407//4407
f 4494//4494 1622//1622 4407//4407
f 1882//1882 1881//1881 1817//1817
f 4476//4476 4495//4495 4425//4425
f 4495//4495 4471//4471 4425//4425
f 4496//4496 4444//4444 4443//4443
f 4454//4454 4497//4497 4409//4409
f 1888//1888 4491//4491 1829//1829
f 4478//4478 4475//4475 4432//4432
f 1863//1863 1866//1866 1864//1864
f 1889//1889 4498//4498 4462//4462
f 4498//4498 4492//4492 4462//4462
f 4423//4423 4499//4499 4404//4404
f 4499//4499 4439//4439 4404//4404
f 1796//1796 4500//4500 4411//4411
f 4500//4500 4482//4482 4411//4411
f 4501//4501 4459//4459 4374//4374
f 1892//1892 4442//4442 1758//1758
f 4442//4442 4502//4502 4417//4417
f 4461//4461 4503//4503 4467//4467
f 4503//4503 1821//1821 4467//4467
f 4486//4486 4504//4504 4474//4474
f 1895//1895 4477//4477 1893//1893
f 4491//4491 1894//1894 1893//1893
f 1890//1890 1896//1896 1830//1830
f 1830//1830 1896//1896 1865//1865
f 4488//4488 4440//4440 4396//4396
f 4472//4472 1955//1955 1848//1848
f 4427//4427 4505//4505 4443//4443
f 4505//4505 4496//4496 4443//4443
f 4504//4504 4454//4454 4474//4474
f 4497//4497 4445//4445 4409//4409
f 4492//4492 4499//4499 4423//4423
f 4506//4506 4476//4476 4408//4408
f 1955//1955 1782//1782 1848//1848
f 4507//4507 4435//4435 4473//4473
f 4507//4507 4457//4457 4435//4435
f 4508//4508 4509//4509 4449//4449
f 4508//4508 4449//4449 4480//4480
f 4465//4465 4510//4510 4453//4453
f 4458//4458 4501//4501 4374//4374
f 1892//1892 4502//4502 4442//4442
f 4511//4511 1823//1823 4445//4445
f 4475//4475 4487//4487 4403//4403
f 1907//1907 1919//1919 1875//1875
f 1875//1875 1919//1919 1874//1874
f 4494//4494 1908//1908 1622//1622
f 1955//1955 1911//1911 1782//1782
f 1915//1915 4512//4512 4470//4470
f 4512//4512 4513//4513 4470//4470
f 4470//4470 4513//4513 4452//4452
f 4513//4513 4484//4484 4452//4452
f 4514//4514 4466//4466 4484//4484
f 4485//4485 4505//4505 4427//4427
f 4485//4485 4427//4427 4426//4426
f 1895//1895 4515//4515 4477//4477
f 4515//4515 4478//4478 4477//4477
f 4499//4499 4481//4481 4439//4439
f 4430//4430 4489//4489 4357//4357
f 4489//4489 4506//4506 4408//4408
f 4457//4457 4516//4516 4464//4464
f 4516//4516 4480//4480 4464//4464
f 1914//1914 4512//4512 1915//1915
f 4509//4509 1870//1870 4449//4449
f 4510//4510 4458//4458 4453//4453
f 4517//4517 1809//1809 4375//4375
f 4503//4503 1927//1927 1821//1821
f 4504//4504 4518//4518 4454//4454
f 4518//4518 4497//4497 4454//4454
f 4511//4511 1930//1930 1823//1823
f 4515//4515 4519//4519 4478//4478
f 4519//4519 4475//4475 4478//4478
f 4429//4429 4488//4488 4468//4468
f 4507//4507 4520//4520 4457//4457
f 4520//4520 4516//4516 4457//4457
f 4516//4516 4508//4508 4480//4480
f 4521//4521 1914//1914 1913//1913
f 4466//4466 1938//1938 1741//1741
f 4502//4502 4485//4485 4417//4417
f 4481//4481 4522//4522 4448//4448
f 4522//4522 4523//4523 4448//4448
f 4448//4448 4523//4523 4451//4451
f 4523//4523 1832//1832 4451//4451
f 4463//4463 4524//4524 4429//4429
f 4524//4524 4488//4488 4429//4429
f 4513//4513 4514//4514 4484//4484
f 1946//1946 4525//4525 4436//4436
f 1946//1946 4436//4436 1778//1778
f 4525//4525 4465//4465 4436//4436
f 4526//4526 4501//4501 4458//4458
f 4517//4517 1939//1939 1809//1809
f 1949//1949 4486//4486 1854//1854
f 4497//4497 4511//4511 4445//4445
f 4519//4519 4527//4527 4475//4475
f 1950//1950 4500//4500 1796//1796
f 1845//1845 4528//4528 4430//4430
f 4471//4471 4529//4529 4472//4472
f 4529//4529 1955//1955 4472//4472
f 4441//4441 4530//4530 4469//4469
f 1945//1945 1951//1951 1868//1868
f 4514//4514 4531//4531 4466//4466
f 4460//4460 4517//4517 4375//4375
f 4532//4532 4503//4503 4461//4461
f 4532//4532 1927//1927 4503//4503
f 4496//4496 4533//4533 4444//4444
f 1888//1888 4534//4534 4491//4491
f 4534//4534 1894//1894 4491//4491
f 4535//4535 4498//4498 1889//1889
f 4529//4529 1956//1956 1955//1955
f 1954//1954 1911//1911 1955//1955
f 4533//4533 1780//1780 4444//4444
f 4515//4515 1972//1972 4519//4519
f 4534//4534 1895//1895 1894//1894
f 1972//1972 4527//4527 4519//4519
f 4527//4527 4536//4536 4475//4475
f 1863//1863 1968//1968 1866//1866
f 1970//1970 1896//1896 1890//1890
f 4506//4506 4537//4537 4476//4476
f 4537//4537 4495//4495 4476//4476
f 4495//4495 4538//4538 4471//4471
f 4538//4538 4529//4529 4471//4471
f 1960//1960 4483//4483 1813//1813
f 4483//4483 4539//4539 4441//4441
f 4530//4530 4473//4473 4469//4469
f 4540//4540 4532//4532 4461//4461
f 4533//4533 1948//1948 1780//1780
f 4486//4486 4541//4541 4504//4504
f 1972//1972 4515//4515 1895//1895
f 4487//4487 1966//1966 1876//1876
f 1969//1969 4535//4535 1889//1889
f 1970//1970 1967//1967 1896//1896
f 4498//4498 4542//4542 4492//4492
f 4542//4542 4499//4499 4492//4492
f 4543//4543 4522//4522 4481//4481
f 4539//4539 4530//4530 4441//4441
f 4530//4530 4507//4507 4473//4473
f 4490//4490 4521//4521 1913//1913
f 4508//4508 4544//4544 4509//4509
f 4513//4513 4545//4545 4514//4514
f 4545//4545 4531//4531 4514//4514
f 4541//4541 4518//4518 4504//4504
f 4518//4518 4546//4546 4497//4497
f 1967//1967 1968//1968 1863//1863
f 4542//4542 4547//4547 4499//4499
f 4499//4499 4543//4543 4481//4481
f 1950//1950 4548//4548 4500//4500
f 4548//4548 4482//4482 4500//4500
f 4482//4482 4549//4549 4493//4493
f 4549//4549 4550//4550 4493//4493
f 4493//4493 4550//4550 4455//4455
f 4550//4550 4463//4463 4455//4455
f 4524//4524 4551//4551 4488//4488
f 4456//4456 4552//4552 4494//4494
f 4552//4552 1908//1908 4494//4494
f 1882//1882 1974//1974 1881//1881
f 4516//4516 4553//4553 4508//4508
f 4553//4553 4544//4544 4508//4508
f 4554//4554 4512//4512 1914//1914
f 4512//4512 4555//4555 4513//4513
f 4544//4544 1870//1870 4509//4509
f 4555//4555 4545//4545 4513//4513
f 4525//4525 4556//4556 4465//4465
f 4556//4556 4510//4510 4465//4465
f 4531//4531 4557//4557 4466//4466
f 4510//4510 4526//4526 4458//4458
f 4557//4557 1938//1938 4466//4466
f 1949//1949 4541//4541 4486//4486
f 4534//4534 4558//4558 1895//1895
f 4558//4558 1973//1973 1895//1895
f 1973//1973 4559//4559 1972//1972
f 4559//4559 4527//4527 1972//1972
f 4536//4536 4487//4487 4475//4475
f 4560//4560 4561//4561 4487//4487
f 4561//4561 1966//1966 4487//4487
f 4547//4547 4543//4543 4499//4499
f 4562//4562 4456//4456 4440//4440
f 4562//4562 4552//4552 4456//4456
f 4528//4528 4489//4489 4430//4430
f 1958//1958 4563//4563 1799//1799
f 4563//4563 4540//4540 1799//1799
f 4540//4540 4461//4461 1799//1799
f 4564//4564 4496//4496 4505//4505
f 4497//4497 4565//4565 4511//4511
f 4536//4536 4560//4560 4487//4487
f 1983//1983 1919//1919 1907//1907
f 4523//4523 1985//1985 1832//1832
f 4548//4548 4566//4566 4482//4482
f 4551//4551 4440//4440 4488//4488
f 4567//4567 4562//4562 4440//4440
f 1951//1951 4568//4568 1912//1912
f 4568//4568 4569//4569 1912//1912
f 1912//1912 4569//4569 4490//4490
f 4569//4569 4521//4521 4490//4490
f 4544//4544 1988//1988 1870//1870
f 1892//1892 4570//4570 4502//4502
f 1949//1949 4571//4571 4541//4541
f 4558//4558 4572//4572 1973//1973
f 4572//4572 4559//4559 1973//1973
f 4559//4559 4536//4536 4527//4527
f 4566//4566 4549//4549 4482//4482
f 4551//4551 4567//4567 4440//4440
f 1992//1992 1974//1974 1882//1882
f 1871//1871 1999//1999 1926//1926
f 4571//4571 4518//4518 4541//4541
f 4546//4546 4565//4565 4497//4497
f 4535//4535 4573//4573 4498//4498
f 4573//4573 4542//4542 4498//4498
f 1998//1998 4528//4528 1845//1845
f 4516//4516 4574//4574 4553//4553
f 4574//4574 4544//4544 4553//4553
f 4545//4545 4557//4557 4531//4531
f 4575//4575 4576//4576 4485//4485
f 4575//4575 4485//4485 4502//4502
f 4565//4565 2005//2005 4511//4511
f 4511//4511 2005//2005 1930//1930
f 4539//4539 4577//4577 4530//4530
f 4530//4530 4578//4578 4507//4507
f 4520//4520 4579//4579 4516//4516
f 4579//4579 4574//4574 4516//4516
f 4570//4570 4575//4575 4502//4502
f 1888//1888 4580//4580 4534//4534
f 4580//4580 4558//4558 4534//4534
f 4572//4572 4581//4581 4559//4559
f 4581//4581 4536//4536 4559//4559
f 1983//1983 2006//2006 1919//1919
f 2031//2031 1967//1967 1970//1970
f 4537//4537 4582//4582 4495//4495
f 4582//4582 4538//4538 4495//4495
f 4577//4577 4578//4578 4530//4530
f 4578//4578 4520//4520 4507//4507
f 4583//4583 4554//4554 1914//1914
f 4510//4510 4584//4584 4526//4526
f 4526//4526 4585//4585 4501//4501
f 4585//4585 4459//4459 4501//4501
f 4460//4460 4586//4586 4517//4517
f 4517//4517 4586//4586 1939//1939
f 4485//4485 4587//4587 4505//4505
f 4540//4540 4588//4588 4532//4532
f 4588//4588 2014//2014 1927//1927
f 4588//4588 1927//1927 4532//4532
f 1960//1960 4589//4589 4483//4483
f 4589//4589 4539//4539 4483//4483
f 4590//4590 4584//4584 4510//4510
f 2021//2021 4580//4580 1888//1888
f 4558//4558 4591//4591 4572//4572
f 4591//4591 4581//4581 4572//4572
f 4581//4581 4592//4592 4536//4536
f 4536//4536 4593//4593 4560//4560
f 2031//2031 2074//2074 1967//1967
f 2074//2074 1968//1968 1967//1967
f 4542//4542 4594//4594 4547//4547
f 4594//4594 4543//4543 4547//4547
f 4566//4566 4595//4595 4549//4549
f 4595//4595 4596//4596 4549//4549
f 4596//4596 4550//4550 4549//4549
f 4552//4552 2022//2022 1908//1908
f 2024//2024 4589//4589 1960//1960
f 4583//4583 1914//1914 4521//4521
f 4585//4585 4597//4597 4459//4459
f 4597//4597 4460//4460 4459//4459
f 4587//4587 4564//4564 4505//4505
f 4598//4598 4518//4518 4571//4571
f 4580//4580 4599//4599 4558//4558
f 4599//4599 4591//4591 4558//4558
f 4561//4561 2030//2030 1966//1966
f 4573//4573 4600//4600 4542//4542
f 4600//4600 4594//4594 4542//4542
f 4594//4594 4601//4601 4543//4543
f 4601//4601 4602//4602 4543//4543
f 4543//4543 4602//4602 4522//4522
f 4602//4602 4523//4523 4522//4522
f 2032//2032 4548//4548 1950//1950
f 4548//4548 4595//4595 4566//4566
f 4550//4550 4603//4603 4463//4463
f 4603//4603 4524//4524 4463//4463
f 4582//4582 4604//4604 4538//4538
f 4604//4604 4605//4605 4529//4529
f 4604//4604 4529//4529 4538//4538
f 4605//4605 1956//1956 4529//4529
f 4574//4574 2140//2140 4544//4544
f 2140//2140 1988//1988 4544//4544
f 4606//4606 4588//4588 4540//4540
f 4533//4533 2033//2033 1948//1948
f 1949//1949 4607//4607 4571//4571
f 4607//4607 4598//4598 4571//4571
f 4567//4567 4608//4608 4562//4562
f 4579//4579 4609//4609 4574//4574
f 2036//2036 4568//4568 1951//1951
f 2140//2140 2038//2038 1988//1988
f 4555//4555 4610//4610 4545//4545
f 4610//4610 4557//4557 4545//4545
f 4576//4576 4587//4587 4485//4485
f 4564//4564 4611//4611 4496//4496
f 4496//4496 4611//4611 4533//4533
f 4592//4592 4593//4593 4536//4536
f 2074//2074 2076//2076 1968//1968
f 4528//4528 4612//4612 4489//4489
f 4612//4612 4506//4506 4489//4489
f 4569//4569 4613//4613 4521//4521
f 4590//4590 4510//4510 4556//4556
f 2045//2045 4570//4570 1892//1892
f 4563//4563 4606//4606 4540//4540
f 4518//4518 4614//4614 4546//4546
f 2049//2049 2041//2041 2004//2004
f 4608//4608 4552//4552 4562//4562
f 1998//1998 4612//4612 4528//4528
f 4605//4605 4615//4615 1956//1956
f 4615//4615 1954//1954 1956//1956
f 4578//4578 4616//4616 4520//4520
f 4616//4616 4579//4579 4520//4520
f 4568//4568 4617//4617 4569//4569
f 4617//4617 4613//4613 4569//4569
f 4613//4613 4583//4583 4521//4521
f 4618//4618 4512//4512 4554//4554
f 4584//4584 4585//4585 4526//4526
f 4587//4587 4619//4619 4564//4564
f 2055//2055 4607//4607 1949//1949
f 2057//2057 2006//2006 1983//1983
f 2032//2032 4620//4620 4548//4548
f 4620//4620 4595//4595 4548//4548
f 4615//4615 2082//2082 1954//1954
f 2082//2082 1911//1911 1954//1954
f 4583//4583 4618//4618 4554//4554
f 4525//4525 4621//4621 4556//4556
f 4621//4621 4590//4590 4556//4556
f 4622//4622 1938//1938 4557//4557
f 4597//4597 4623//4623 4460//4460
f 4623//4623 4586//4586 4460//4460
f 4614//4614 4565//4565 4546//4546
f 4565//4565 2069//2069 2005//2005
f 2049//2049 2070//2070 2041//2041
f 4580//4580 4624//4624 4599//4599
f 4624//4624 4591//4591 4599//4599
f 4593//4593 4625//4625 4560//4560
f 2073//2073 2076//2076 2074//2074
f 2076//2076 4535//4535 1969//1969
f 4535//4535 4626//4626 4573//4573
f 4626//4626 4600//4600 4573//4573
f 2031//2031 2075//2075 2074//2074
f 4594//4594 4627//4627 4601//4601
f 4612//4612 4628//4628 4506//4506
f 4628//4628 4537//4537 4506//4506
f 4618//4618 4629//4629 4555//4555
f 4618//4618 4555//4555 4512//4512
f 4629//4629 4610//4610 4555//4555
f 4610//4610 4622//4622 4557//4557
f 4611//4611 2033//2033 4533//4533
f 4591//4591 4630//4630 4581//4581
f 4630//4630 4592//4592 4581//4581
f 4560//4560 4631//4631 4561//4561
f 4631//4631 2030//2030 4561//4561
f 2076//2076 4626//4626 4535//4535
f 4628//4628 4582//4582 4537//4537
f 4577//4577 4632//4632 4578//4578
f 4609//4609 2140//2140 4574//4574
f 4588//4588 2085//2085 2014//2014
f 4619//4619 4611//4611 4564//4564
f 2086//2086 2070//2070 2049//2049
f 4624//4624 4633//4633 4591//4591
f 4633//4633 4630//4630 4591//4591
f 4631//4631 4560//4560 4625//4625
f 4606//4606 2085//2085 4588//4588
f 2055//2055 4634//4634 4607//4607
f 2021//2021 4635//4635 4580//4580
f 4635//4635 4624//4624 4580//4580
f 4636//4636 4602//4602 4601//4601
f 4628//4628 4637//4637 4582//4582
f 4637//4637 4638//4638 4604//4604
f 4637//4637 4604//4604 4582//4582
f 4638//4638 4605//4605 4604//4604
f 4605//4605 4639//4639 4615//4615
f 4640//4640 4632//4632 4577//4577
f 2140//2140 2089//2089 2038//2038
f 4563//4563 4641//4641 4606//4606
f 4598//4598 4642//4642 4518//4518
f 4642//4642 4614//4614 4518//4518
f 2070//2070 2086//2086 2091//2091
f 4592//4592 4625//4625 4593//4593
f 4643//4643 4626//4626 2076//2076
f 4620//4620 4644//4644 4595//4595
f 4644//4644 4596//4596 4595//4595
f 4644//4644 4550//4550 4596//4596
f 4616//4616 4645//4645 4579//4579
f 4645//4645 2141//2141 4579//4579
f 4579//4579 2141//2141 4609//4609
f 4629//4629 4646//4646 4610//4610
f 1946//1946 4647//4647 4525//4525
f 4647//4647 4621//4621 4525//4525
f 2073//2073 4648//4648 2076//2076
f 2096//2096 4648//4648 2073//2073
f 4648//4648 4649//4649 2076//2076
f 4600//4600 4627//4627 4594//4594
f 4523//4523 2100//2100 1985//1985
f 4644//4644 4650//4650 4550//4550
f 4650//4650 4603//4603 4550//4550
f 4603//4603 4651//4651 4524//4524
f 4651//4651 4551//4551 4524//4524
f 4612//4612 4652//4652 4628//4628
f 4638//4638 4653//4653 4605//4605
f 4653//4653 4639//4639 4605//4605
f 4639//4639 2082//2082 4615//4615
f 4646//4646 4622//4622 4610//4610
f 2107//2107 4647//4647 1946//1946
f 1958//1958 4654//4654 4563//4563
f 4654//4654 4641//4641 4563//4563
f 4642//4642 4655//4655 4614//4614
f 4630//4630 4625//4625 4592//4592
f 4649//4649 4643//4643 2076//2076
f 4643//4643 4656//4656 4626//4626
f 4626//4626 4656//4656 4600//4600
f 4656//4656 4627//4627 4600//4600
f 4602//4602 4657//4657 4523//4523
f 4657//4657 2100//2100 4523//4523
f 4651//4651 4658//4658 4551//4551
f 4608//4608 2022//2022 4552//4552
f 4639//4639 2115//2115 2082//2082
f 2141//2141 2140//2140 4609//4609
f 4607//4607 4634//4634 4598//4598
f 4634//4634 4642//4642 4598//4598
f 4631//4631 2122//2122 2030//2030
f 4627//4627 4636//4636 4601//4601
f 2123//2123 4589//4589 2024//2024
f 4568//4568 4659//4659 4617//4617
f 4659//4659 4613//4613 4617//4617
f 2140//2140 2106//2106 2089//2089
f 4619//4619 4660//4660 4611//4611
f 2121//2121 2131//2131 2057//2057
f 4589//4589 4661//4661 4539//4539
f 4661//4661 4577//4577 4539//4539
f 4578//4578 4662//4662 4616//4616
f 4662//4662 4645//4645 4616//4616
f 4583//4583 4663//4663 4618//4618
f 4623//4623 4664//4664 4586//4586
f 4576//4576 4665//4665 4587//4587
f 4611//4611 2138//2138 2033//2033
f 4614//4614 4666//4666 4565//4565
f 4666//4666 2069//2069 4565//4565
f 2075//2075 4667//4667 2096//2096
f 4667//4667 4648//4648 2096//2096
f 4668//4668 4656//4656 4643//4643
f 1998//1998 4669//4669 4612//4612
f 2123//2123 4670//4670 4589//4589
f 4670//4670 4661//4661 4589//4589
f 4661//4661 4640//4640 4577//4577
f 4613//4613 4671//4671 4583//4583
f 4671//4671 4672//4672 4583//4583
f 4672//4672 4663//4663 4583//4583
f 4664//4664 1939//1939 4586//4586
f 2142//2142 4570//4570 2045//2045
f 4635//4635 4673//4673 4624//4624
f 4673//4673 4674//4674 4624//4624
f 4624//4624 4674//4674 4633//4633
f 4674//4674 4675//4675 4630//4630
f 4674//4674 4630//4630 4633//4633
f 4675//4675 4625//4625 4630//4630
f 4676//4676 4631//4631 4625//4625
f 2099//2099 4667//4667 2075//2075
f 4649//4649 4668//4668 4643//4643
f 1992//1992 2148//2148 1974//1974
f 4669//4669 4652//4652 4612//4612
f 4663//4663 4677//4677 4618//4618
f 4677//4677 4629//4629 4618//4618
f 4622//4622 2153//2153 1938//1938
f 4575//4575 4678//4678 4576//4576
f 2155//2155 4654//4654 1958//1958
f 4606//4606 2154//2154 2085//2085
f 4619//4619 4679//4679 4660//4660
f 4680//4680 2138//2138 4611//4611
f 4667//4667 4681//4681 4648//4648
f 4681//4681 4649//4649 4648//4648
f 2160//2160 4682//4682 4620//4620
f 2160//2160 4620//4620 2032//2032
f 4682//4682 4644//4644 4620//4620
f 4658//4658 4683//4683 4551//4551
f 4683//4683 4567//4567 4551//4551
f 4567//4567 4683//4683 4608//4608
f 4677//4677 4684//4684 4629//4629
f 2139//2139 2189//2189 2140//2140
f 4684//4684 4646//4646 4629//4629
f 2189//2189 2106//2106 2140//2140
f 4685//4685 2153//2153 4622//4622
f 4664//4664 2163//2163 1939//1939
f 4665//4665 4679//4679 4587//4587
f 4641//4641 4686//4686 4606//4606
f 4686//4686 2154//2154 4606//4606
f 4679//4679 4619//4619 4587//4587
f 4660//4660 4680//4680 4611//4611
f 4655//4655 4666//4666 4614//4614
f 2167//2167 4635//4635 2021//2021
f 4675//4675 4676//4676 4625//4625
f 4687//4687 4688//4688 4668//4668
f 4681//4681 4689//4689 4649//4649
f 4689//4689 4668//4668 4649//4649
f 4688//4688 4656//4656 4668//4668
f 4690//4690 4602//4602 4636//4636
f 4691//4691 2022//2022 4608//4608
f 2055//2055 4692//4692 4634//4634
f 4692//4692 4693//4693 4634//4634
f 4634//4634 4693//4693 4642//4642
f 4693//4693 4655//4655 4642//4642
f 4676//4676 4694//4694 4631//4631
f 2185//2185 4667//4667 2099//2099
f 4688//4688 4695//4695 4656//4656
f 4695//4695 4627//4627 4656//4656
f 4683//4683 4691//4691 4608//4608
f 4653//4653 4696//4696 4639//4639
f 2036//2036 2264//2264 4568//4568
f 2264//2264 4659//4659 4568//4568
f 2151//2151 2106//2106 2189//2189
f 4689//4689 4687//4687 4668//4668
f 4627//4627 4690//4690 4636//4636
f 4637//4637 4697//4697 4638//4638
f 4697//4697 4698//4698 4638//4638
f 4638//4638 4698//4698 4653//4653
f 4698//4698 4696//4696 4653//4653
f 4640//4640 4699//4699 4632//4632
f 4684//4684 4700//4700 4646//4646
f 4646//4646 4700//4700 4622//4622
f 4701//4701 4584//4584 4590//4590
f 4701//4701 4585//4585 4584//4584
f 4678//4678 2341//2341 4576//4576
f 2341//2341 4665//4665 4576//4576
f 2179//2179 4669//4669 1998//1998
f 4669//4669 4702//4702 4652//4652
f 4702//4702 4703//4703 4652//4652
f 4703//4703 4628//4628 4652//4652
f 4639//4639 4696//4696 2115//2115
f 4696//4696 2180//2180 2115//2115
f 4632//4632 4699//4699 4578//4578
f 4699//4699 4662//4662 4578//4578
f 4645//4645 4704//4704 2141//2141
f 2181//2181 2264//2264 2036//2036
f 4700//4700 4685//4685 4622//4622
f 4705//4705 4701//4701 4590//4590
f 4706//4706 4686//4686 4641//4641
f 2167//2167 4707//4707 4635//4635
f 4707//4707 4673//4673 4635//4635
f 4628//4628 4708//4708 4637//4637
f 4708//4708 4697//4697 4637//4637
f 2172//2172 4709//4709 2055//2055
f 4710//4710 4644//4644 4682//4682
f 4710//4710 4711//4711 4650//4650
f 4710//4710 4650//4650 4644//4644
f 4711//4711 4712//4712 4650//4650
f 4650//4650 4712//4712 4603//4603
f 4712//4712 4651//4651 4603//4603
f 4691//4691 2174//2174 2022//2022
f 2123//2123 2300//2300 4670//4670
f 2300//2300 4661//4661 4670//4670
f 4704//4704 2139//2139 2141//2141
f 2139//2139 2190//2190 2189//2189
f 2191//2191 4647//4647 2107//2107
f 4647//4647 4705//4705 4621//4621
f 2155//2155 2220//2220 4654//4654
f 2220//2220 4641//4641 4654//4654
f 4709//4709 4692//4692 2055//2055
f 4666//4666 2194//2194 2069//2069
f 4707//4707 4713//4713 4673//4673
f 4713//4713 4714//4714 4673//4673
f 4673//4673 4714//4714 4674//4674
f 4714//4714 4675//4675 4674//4674
f 4631//4631 2184//2184 2122//2122
f 2184//2184 2121//2121 2122//2122
f 4689//4689 4715//4715 4687//4687
f 4715//4715 4688//4688 4687//4687
f 2179//2179 4716//4716 4669//4669
f 4716//4716 4702//4702 4669//4669
f 4661//4661 4717//4717 4640//4640
f 4717//4717 4718//4718 4640//4640
f 4718//4718 4699//4699 4640//4640
f 2191//2191 4719//4719 4647//4647
f 4719//4719 4705//4705 4647//4647
f 4705//4705 4590//4590 4621//4621
f 2142//2142 2329//2329 4570//4570
f 2329//2329 4575//4575 4570//4570
f 4714//4714 4720//4720 4675//4675
f 4720//4720 4676//4676 4675//4675
f 4721//4721 4657//4657 4602//4602
f 4712//4712 4722//4722 4651//4651
f 4722//4722 4658//4658 4651//4651
f 2205//2205 2300//2300 2123//2123
f 2299//2299 4717//4717 4661//4661
f 4659//4659 4671//4671 4613//4613
f 2211//2211 2329//2329 2142//2142
f 2220//2220 4706//4706 4641//4641
f 4694//4694 2184//2184 4631//4631
f 2185//2185 4723//4723 4667//4667
f 4723//4723 4681//4681 4667//4667
f 4681//4681 4715//4715 4689//4689
f 4688//4688 4724//4724 4695//4695
f 4724//4724 4627//4627 4695//4695
f 4690//4690 4721//4721 4602//4602
f 2215//2215 4725//4725 2160//2160
f 2160//2160 4725//4725 4682//4682
f 4725//4725 4710//4710 4682//4682
f 4703//4703 4708//4708 4628//4628
f 2300//2300 2299//2299 4661//4661
f 4726//4726 4677//4677 4663//4663
f 2267//2267 2190//2190 2139//2139
f 4727//4727 4728//4728 4685//4685
f 4727//4727 4685//4685 4700//4700
f 4623//4623 4729//4729 4664//4664
f 2218//2218 2163//2163 4664//4664
f 2271//2271 4692//4692 4709//4709
f 4723//4723 4730//4730 4681//4681
f 4730//4730 4715//4715 4681//4681
f 4731//4731 4683//4683 4658//4658
f 2181//2181 2232//2232 2264//2264
f 4684//4684 4727//4727 4700//4700
f 4728//4728 2153//2153 4685//4685
f 4729//4729 2218//2218 4664//4664
f 2172//2172 4732//4732 4709//4709
f 4732//4732 2271//2271 4709//4709
f 4693//4693 4733//4733 4655//4655
f 4720//4720 2289//2289 4676//4676
f 4715//4715 4734//4734 4688//4688
f 4734//4734 4724//4724 4688//4688
f 4724//4724 4735//4735 4627//4627
f 4704//4704 2267//2267 2139//2139
f 4736//4736 4597//4597 4585//4585
f 4706//4706 4737//4737 4686//4686
f 4737//4737 2154//2154 4686//4686
f 4692//4692 2256//2256 4693//4693
f 2256//2256 4733//4733 4693//4693
f 4733//4733 4666//4666 4655//4655
f 2167//2167 4738//4738 4707//4707
f 4738//4738 4739//4739 4713//4713
f 4738//4738 4713//4713 4707//4707
f 4739//4739 4714//4714 4713//4713
f 2214//2214 4723//4723 2185//2185
f 4627//4627 4735//4735 4690//4690
f 4740//4740 4731//4731 4658//4658
f 1992//1992 2230//2230 2148//2148
f 4672//4672 4726//4726 4663//4663
f 4726//4726 4684//4684 4677//4677
f 2271//2271 2257//2257 4692//4692
f 2257//2257 2256//2256 4692//4692
f 4739//4739 4741//4741 4714//4714
f 4741//4741 4720//4720 4714//4714
f 4662//4662 4742//4742 4645//4645
f 4742//4742 4704//4704 4645//4645
f 4701//4701 4736//4736 4585//4585
f 4597//4597 4743//4743 4623//4623
f 4743//4743 4729//4729 4623//4623
f 2219//2219 4744//4744 2220//2220
f 2329//2329 4745//4745 4575//4575
f 2220//2220 4746//4746 4706//4706
f 4737//4737 2239//2239 2154//2154
f 4722//4722 4740//4740 4658//4658
f 4683//4683 4747//4747 4691//4691
f 4742//4742 4748//4748 4704//4704
f 4748//4748 2267//2267 4704//4704
f 4719//4719 4749//4749 4705//4705
f 4749//4749 4750//4750 4705//4705
f 4705//4705 4750//4750 4701//4701
f 2250//2250 4744//4744 2219//2219
f 4744//4744 4746//4746 2220//2220
f 4746//4746 4737//4737 4706//4706
f 2259//2259 4738//4738 2167//2167
f 4751//4751 4710//4710 4725//4725
f 2262//2262 2230//2230 1992//1992
f 4698//4698 4752//4752 4696//4696
f 4752//4752 2180//2180 4696//4696
f 2265//2265 4659//4659 2264//2264
f 2268//2268 2237//2237 2190//2190
f 4728//4728 2269//2269 2153//2153
f 4736//4736 4743//4743 4597//4597
f 4745//4745 4678//4678 4575//4575
f 4741//4741 2287//2287 4720//4720
f 2287//2287 2289//2289 4720//4720
f 4715//4715 4753//4753 4734//4734
f 4753//4753 4724//4724 4734//4734
f 4657//4657 2273//2273 2100//2100
f 2215//2215 4751//4751 4725//4725
f 4711//4711 4754//4754 4712//4712
f 4754//4754 4722//4722 4712//4712
f 4697//4697 4755//4755 4698//4698
f 4755//4755 4752//4752 4698//4698
f 2265//2265 4756//4756 4659//4659
f 4748//4748 2281//2281 2267//2267
f 4726//4726 4757//4757 4684//4684
f 4757//4757 4727//4727 4684//4684
f 4745//4745 2341//2341 4678//4678
f 4680//4680 2278//2278 2138//2138
f 2289//2289 4694//4694 4676//4676
f 4758//4758 4690//4690 4735//4735
f 4721//4721 4759//4759 4657//4657
f 4759//4759 2273//2273 4657//4657
f 4671//4671 4760//4760 4672//4672
f 4750//4750 4761//4761 4701//4701
f 2284//2284 2311//2311 2172//2172
f 2172//2172 2311//2311 4732//4732
f 2311//2311 2271//2271 4732//4732
f 4666//4666 2286//2286 2194//2194
f 4723//4723 4762//4762 4730//4730
f 4762//4762 4715//4715 4730//4730
f 4758//4758 4721//4721 4690//4690
f 2179//2179 4763//4763 4716//4716
f 4708//4708 4764//4764 4697//4697
f 4764//4764 4755//4755 4697//4697
f 2291//2291 2300//2300 2205//2205
f 4752//4752 2292//2292 2180//2180
f 4756//4756 4671//4671 4659//4659
f 4660//4660 4765//4765 4680//4680
f 4766//4766 2255//2255 2271//2271
f 4738//4738 4767//4767 4739//4739
f 4767//4767 4741//4741 4739//4739
f 4762//4762 4768//4768 4715//4715
f 4768//4768 4753//4753 4715//4715
f 4769//4769 4710//4710 4751//4751
f 4769//4769 4770//4770 4711//4711
f 4769//4769 4711//4711 4710//4710
f 4770//4770 4754//4754 4711//4711
f 4731//4731 4747//4747 4683//4683
f 2299//2299 4771//4771 4717//4717
f 4662//4662 4772//4772 4742//4742
f 4757//4757 4773//4773 4727//4727
f 4773//4773 4774//4774 4727//4727
f 4727//4727 4774//4774 4728//4728
f 4774//4774 2269//2269 4728//4728
f 4746//4746 2239//2239 4737//4737
f 4679//4679 4765//4765 4660//4660
f 2256//2256 4775//4775 4733//4733
f 4733//4733 2286//2286 4666//4666
f 4768//4768 4776//4776 4753//4753
f 2298//2298 4763//4763 2179//2179
f 4763//4763 4777//4777 4702//4702
f 4763//4763 4702//4702 4716//4716
f 4703//4703 4778//4778 4708//4708
f 4778//4778 4764//4764 4708//4708
f 2291//2291 2301//2301 2300//2300
f 2305//2305 4771//4771 2299//2299
f 4742//4742 4779//4779 4748//4748
f 4779//4779 2281//2281 4748//4748
f 4760//4760 4726//4726 4672//4672
f 4761//4761 4736//4736 4701//4701
f 2250//2250 4780//4780 4744//4744
f 4746//4746 4781//4781 2239//2239
f 4781//4781 2211//2211 2239//2239
f 2311//2311 4766//4766 2271//2271
f 2259//2259 4782//4782 4738//4738
f 4782//4782 4767//4767 4738//4738
f 2214//2214 4783//4783 4723//4723
f 4783//4783 4762//4762 4723//4723
f 4776//4776 4724//4724 4753//4753
f 4784//4784 4759//4759 4721//4721
f 4772//4772 4779//4779 4742//4742
f 2307//2307 4719//4719 2191//2191
f 2340//2340 4665//4665 2341//2341
f 2329//2329 4785//4785 4745//4745
f 4785//4785 2341//2341 4745//4745
f 4744//4744 4786//4786 4746//4746
f 4766//4766 4787//4787 2255//2255
f 4741//4741 4788//4788 2287//2287
f 4788//4788 2288//2288 2287//2287
f 4776//4776 4789//4789 4724//4724
f 4789//4789 4735//4735 4724//4724
f 4777//4777 4790//4790 4703//4703
f 4790//4790 4778//4778 4703//4703
f 4755//4755 4791//4791 4752//4752
f 4780//4780 4786//4786 4744//4744
f 4766//4766 2311//2311 2310//2310
f 4792//4792 4758//4758 4735//4735
f 4691//4691 2320//2320 2174//2174
f 4777//4777 4703//4703 4702//4702
f 2307//2307 4793//4793 4719//4719
f 4793//4793 4749//4749 4719//4719
f 4794//4794 4765//4765 4679//4679
f 4765//4765 4795//4795 4680//4680
f 4795//4795 2278//2278 4680//4680
f 4787//4787 2256//2256 2255//2255
f 4783//4783 4768//4768 4762//4762
f 4758//4758 4784//4784 4721//4721
f 2349//2349 2230//2230 2262//2262
f 4729//4729 2323//2323 2218//2218
f 2371//2371 4780//4780 2250//2250
f 4786//4786 4796//4796 4746//4746
f 4796//4796 4781//4781 4746//4746
f 4781//4781 2330//2330 2211//2211
f 4795//4795 2325//2325 2278//2278
f 4767//4767 4797//4797 4741//4741
f 4797//4797 4788//4788 4741//4741
f 2289//2289 4798//4798 4694//4694
f 4768//4768 4799//4799 4776//4776
f 4771//4771 4718//4718 4717//4717
f 4793//4793 4750//4750 4749//4749
f 4665//4665 4794//4794 4679//4679
f 4796//4796 4800//4800 4781//4781
f 4800//4800 2330//2330 4781//4781
f 2334//2334 4766//4766 2310//2310
f 4782//4782 4801//4801 4767//4767
f 4801//4801 4797//4797 4767//4767
f 2288//2288 4798//4798 2289//2289
f 4694//4694 4802//4802 2184//2184
f 4802//4802 2260//2260 2184//2184
f 2318//2318 4783//4783 2214//2214
f 4747//4747 4803//4803 4691//4691
f 4803//4803 2320//2320 4691//4691
f 2298//2298 4804//4804 4763//4763
f 4699//4699 4805//4805 4662//4662
f 4805//4805 4772//4772 4662//4662
f 4779//4779 2363//2363 2281//2281
f 4726//4726 4806//4806 4757//4757
f 4806//4806 4773//4773 4757//4757
f 2340//2340 4807//4807 4665//4665
f 4807//4807 4794//4794 4665//4665
f 2317//2317 2334//2334 2285//2285
f 2285//2285 2334//2334 2284//2284
f 4798//4798 4802//4802 4694//4694
f 4783//4783 4799//4799 4768//4768
f 4799//4799 4808//4808 4776//4776
f 4808//4808 4789//4789 4776//4776
f 4789//4789 4792//4792 4735//4735
f 2348//2348 4751//4751 2215//2215
f 4809//4809 4770//4770 4769//4769
f 4718//4718 4810//4810 4699//4699
f 4810//4810 4805//4805 4699//4699
f 4760//4760 4811//4811 4726//4726
f 4812//4812 4774//4774 4773//4773
f 2348//2348 4813//4813 4751//4751
f 4813//4813 4769//4769 4751//4751
f 4763//4763 4790//4790 4777//4777
f 4814//4814 4810//4810 4718//4718
f 4756//4756 4815//4815 4671//4671
f 4806//4806 4812//4812 4773//4773
f 4793//4793 4816//4816 4750//4750
f 4812//4812 4817//4817 4774//4774
f 4785//4785 2342//2342 2341//2341
f 4787//4787 4775//4775 2256//2256
f 4733//4733 2356//2356 2286//2286
f 4802//4802 2366//2366 2260//2260
f 4813//4813 4809//4809 4769//4769
f 4778//4778 4818//4818 4764//4764
f 4818//4818 4755//4755 4764//4764
f 4771//4771 4814//4814 4718//4718
f 2368//2368 4756//4756 2265//2265
f 2369//2369 2359//2359 2314//2314
f 4815//4815 4760//4760 4671//4671
f 4811//4811 4806//4806 4726//4726
f 4743//4743 4819//4819 4729//4729
f 2371//2371 4820//4820 4780//4780
f 2334//2334 2386//2386 4766//4766
f 4821//4821 2356//2356 4733//4733
f 2377//2377 4782//4782 2259//2259
f 4801//4801 4822//4822 4797//4797
f 4822//4822 4788//4788 4797//4797
f 2213//2213 2388//2388 2234//2234
f 2318//2318 4823//4823 4783//4783
f 4759//4759 2379//2379 2273//2273
f 2382//2382 2301//2301 2291//2291
f 4791//4791 4824//4824 4752//4752
f 4824//4824 2292//2292 4752//4752
f 2383//2383 4793//4793 2307//2307
f 4761//4761 4825//4825 4736//4736
f 4817//4817 2269//2269 4774//4774
f 4819//4819 2323//2323 4729//4729
f 2384//2384 4785//4785 2329//2329
f 4820//4820 4826//4826 4786//4786
f 4820//4820 4786//4786 4780//4780
f 4826//4826 4796//4796 4786//4786
f 2386//2386 4827//4827 4766//4766
f 4766//4766 4828//4828 4787//4787
f 4828//4828 4775//4775 4787//4787
f 4821//4821 4733//4733 4775//4775
f 4822//4822 4829//4829 4788//4788
f 4829//4829 2288//2288 4788//4788
f 4754//4754 4830//4830 4722//4722
f 4830//4830 4740//4740 4722//4722
f 4740//4740 4831//4831 4731//4731
f 4804//4804 4790//4790 4763//4763
f 4818//4818 4832//4832 4755//4755
f 4832//4832 4791//4791 4755//4755
f 4760//4760 4833//4833 4811//4811
f 4827//4827 4828//4828 4766//4766
f 2377//2377 4834//4834 4782//4782
f 4834//4834 4801//4801 4782//4782
f 4823//4823 4835//4835 4783//4783
f 4835//4835 4799//4799 4783//4783
f 4789//4789 4836//4836 4792//4792
f 4837//4837 4747//4747 4731//4731
f 2382//2382 2389//2389 2301//2301
f 2368//2368 4838//4838 4756//4756
f 4838//4838 4815//4815 4756//4756
f 4816//4816 4761//4761 4750//4750
f 4795//4795 2395//2395 2325//2325
f 4834//4834 4839//4839 4801//4801
f 4839//4839 4822//4822 4801//4801
f 4829//4829 4840//4840 2288//2288
f 4835//4835 4841//4841 4799//4799
f 4841//4841 4808//4808 4799//4799
f 4830//4830 4831//4831 4740//4740
f 2389//2389 4771//4771 2305//2305
f 4824//4824 2405//2405 2292//2292
f 2383//2383 4842//4842 4793//4793
f 4842//4842 4816//4816 4793//4793
f 4808//4808 4843//4843 4789//4789
f 4843//4843 4836//4836 4789//4789
f 4805//4805 4844//4844 4772//4772
f 4844//4844 4779//4779 4772//4772
f 4844//4844 2363//2363 4779//4779
f 4806//4806 4845//4845 4812//4812
f 4817//4817 2411//2411 2269//2269
f 4846//4846 4800//4800 4796//4796
f 4807//4807 4765//4765 4794//4794
f 2396//2396 2388//2388 2213//2213
f 4840//4840 4798//4798 2288//2288
f 4836//4836 4758//4758 4792//4792
f 4831//4831 4837//4837 4731//4731
f 4837//4837 4803//4803 4747//4747
f 4815//4815 4833//4833 4760//4760
f 4811//4811 4847//4847 4806//4806
f 4847//4847 4845//4845 4806//4806
f 4845//4845 4817//4817 4812//4812
f 4816//4816 4848//4848 4761//4761
f 4848//4848 4825//4825 4761//4761
f 4825//4825 4849//4849 4736//4736
f 4849//4849 4743//4743 4736//4736
f 2371//2371 2462//2462 4820//4820
f 2384//2384 4850//4850 4785//4785
f 4850//4850 2342//2342 4785//4785
f 2420//2420 4823//4823 2318//2318
f 2462//2462 4851//4851 4820//4820
f 4851//4851 4826//4826 4820//4820
f 4800//4800 2423//2423 2330//2330
f 2425//2425 4827//4827 2386//2386
f 4834//4834 4852//4852 4839//4839
f 4852//4852 4822//4822 4839//4839
f 4813//4813 4853//4853 4809//4809
f 4853//4853 4854//4854 4770//4770
f 4853//4853 4770//4770 4809//4809
f 4854//4854 4754//4754 4770//4770
f 4803//4803 2433//2433 2320//2320
f 4855//4855 4790//4790 4804//4804
f 4826//4826 4846//4846 4796//4796
f 4765//4765 4856//4856 4795//4795
f 4856//4856 2395//2395 4795//4795
f 2425//2425 4857//4857 4827//4827
f 4858//4858 4821//4821 4775//4775
f 4852//4852 4859//4859 4822//4822
f 4859//4859 4829//4829 4822//4822
f 4841//4841 4860//4860 4808//4808
f 4860//4860 4843//4843 4808//4808
f 4836//4836 4861//4861 4758//4758
f 4861//4861 4784//4784 4758//4758
f 4861//4861 4862//4862 4784//4784
f 4784//4784 4862//4862 4759//4759
f 4862//4862 2379//2379 4759//4759
f 2389//2389 4863//4863 4771//4771
f 4864//4864 2411//2411 4817//4817
f 4851//4851 4846//4846 4826//4826
f 4846//4846 2423//2423 4800//4800
f 4807//4807 4865//4865 4765//4765
f 4865//4865 4856//4856 4765//4765
f 4866//4866 4775//4775 4828//4828
f 4802//4802 2439//2439 2366//2366
f 4854//4854 4867//4867 4754//4754
f 4867//4867 4830//4830 4754//4754
f 2298//2298 4868//4868 4804//4804
f 4790//4790 4869//4869 4778//4778
f 4869//4869 4818//4818 4778//4778
f 4832//4832 4824//4824 4791//4791
f 2382//2382 4870//4870 2389//2389
f 2442//2442 4838//4838 2368//2368
f 4844//4844 4871//4871 2363//2363
f 2369//2369 2443//2443 2359//2359
f 4871//4871 2444//2444 2363//2363
f 4827//4827 4866//4866 4828//4828
f 4866//4866 4858//4858 4775//4775
f 4872//4872 4861//4861 4836//4836
f 2348//2348 4873//4873 4813//4813
f 4868//4868 4855//4855 4804//4804
f 4863//4863 4814//4814 4771//4771
f 4833//4833 4874//4874 4811//4811
f 4874//4874 4847//4847 4811//4811
f 4842//4842 4875//4875 4816//4816
f 2418//2418 2424//2424 2474//2474
f 4876//4876 4865//4865 4807//4807
f 4857//4857 4866//4866 4827//4827
f 4821//4821 2450//2450 2356//2356
f 4877//4877 4841//4841 4835//4835
f 4873//4873 4853//4853 4813//4813
f 2451//2451 4868//4868 2298//2298
f 4870//4870 4863//4863 2389//2389
f 4856//4856 2449//2449 2395//2395
f 2377//2377 4852//4852 4834//4834
f 4859//4859 4878//4878 4829//4829
f 4878//4878 4840//4840 4829//4829
f 4840//4840 4879//4879 4798//4798
f 4855//4855 4880//4880 4790//4790
f 4880//4880 4869//4869 4790//4790
f 4818//4818 4881//4881 4832//4832
f 4881//4881 4824//4824 4832//4832
f 4847//4847 4882//4882 4845//4845
f 2383//2383 2524//2524 4842//4842
f 4845//4845 4864//4864 4817//4817
f 4875//4875 4848//4848 4816//4816
f 4743//4743 4883//4883 4819//4819
f 2672//2672 2340//2340 2342//2342
f 2455//2455 2437//2437 2317//2317
f 4858//4858 2450//2450 4821//4821
f 2420//2420 2533//2533 4823//4823
f 2533//2533 4835//4835 4823//4823
f 4877//4877 4860//4860 4841//4841
f 4869//4869 4884//4884 4818//4818
f 4884//4884 4881//4881 4818//4818
f 2458//2458 4870//4870 2382//2382
f 4824//4824 2459//2459 2405//2405
f 4874//4874 4885//4885 4847//4847
f 4885//4885 4882//4882 4847//4847
f 2461//2461 2524//2524 2383//2383
f 2524//2524 4875//4875 4842//4842
f 4849//4849 4883//4883 4743//4743
f 2672//2672 4807//4807 2340//2340
f 2507//2507 2533//2533 2420//2420
f 4862//4862 2467//2467 2379//2379
f 2469//2469 2443//2443 2369//2369
f 4886//4886 4833//4833 4815//4815
f 4882//4882 4864//4864 4845//4845
f 2533//2533 4887//4887 4835//4835
f 4887//4887 4877//4877 4835//4835
f 4854//4854 4888//4888 4867//4867
f 4888//4888 4830//4830 4867//4867
f 4889//4889 4810//4810 4814//4814
f 4886//4886 4890//4890 4833//4833
f 4891//4891 4874//4874 4833//4833
f 4892//4892 4872//4872 4836//4836
f 2478//2478 4873//4873 2348//2348
f 4881//4881 4893//4893 4824//4824
f 4893//4893 2459//2459 4824//4824
f 4838//4838 4886//4886 4815//4815
f 4891//4891 4885//4885 4874//4874
f 2672//2672 4876//4876 4807//4807
f 4850//4850 2673//2673 2342//2342
f 2673//2673 2672//2672 2342//2342
f 4894//4894 4846//4846 4851//4851
f 4846//4846 4895//4895 2423//2423
f 4895//4895 2484//2484 2423//2423
f 4856//4856 2513//2513 2449//2449
f 2437//2437 4896//4896 2425//2425
f 4896//4896 4857//4857 2425//2425
f 4857//4857 4897//4897 4866//4866
f 4898//4898 4899//4899 4859//4859
f 4898//4898 4859//4859 4852//4852
f 4899//4899 4878//4878 4859//4859
f 4798//4798 2502//2502 4802//4802
f 2502//2502 2439//2439 4802//4802
f 4860//4860 4900//4900 4843//4843
f 4900//4900 4892//4892 4843//4843
f 4843//4843 4892//4892 4836//4836
f 4901//4901 4862//4862 4861//4861
f 4901//4901 2467//2467 4862//4862
f 4873//4873 4902//4902 4853//4853
f 2451//2451 4903//4903 4868//4868
f 2458//2458 4904//4904 4870//4870
f 4844//4844 4905//4905 4871//4871
f 4905//4905 2444//2444 4871//4871
f 4890//4890 4891//4891 4833//4833
f 2523//2523 4875//4875 2524//2524
f 4864//4864 2497//2497 2411//2411
f 4883//4883 2483//2483 2323//2323
f 4883//4883 2323//2323 4819//4819
f 2499//2499 4906//4906 2462//2462
f 4906//4906 4851//4851 2462//2462
f 2377//2377 4898//4898 4852//4852
f 4877//4877 2538//2538 4860//4860
f 2538//2538 4900//4900 4860//4860
f 4888//4888 4907//4907 4830//4830
f 4907//4907 4831//4831 4830//4830
f 4803//4803 2552//2552 2433//2433
f 4863//4863 4889//4889 4814//4814
f 4805//4805 4908//4908 4844//4844
f 4908//4908 4905//4905 4844//4844
f 2570//2570 4896//4896 2437//2437
f 4858//4858 4909//4909 2450//2450
f 2506//2506 4898//4898 2377//2377
f 4878//4878 4910//4910 4840//4840
f 4872//4872 4901//4901 4861//4861
f 4911//4911 4837//4837 4831//4831
f 4889//4889 4805//4805 4810//4810
f 4848//4848 4912//4912 4825//4825
f 4894//4894 4895//4895 4846//4846
f 4910//4910 4879//4879 4840//4840
f 4913//4913 2552//2552 4803//4803
f 4903//4903 4855//4855 4868//4868
f 4914//4914 4889//4889 4863//4863
f 4885//4885 4915//4915 4882//4882
f 2519//2519 2524//2524 2461//2461
f 4912//4912 4849//4849 4825//4825
f 4897//4897 2605//2605 4866//4866
f 2605//2605 4858//4858 4866//4866
f 4916//4916 4899//4899 4898//4898
f 4879//4879 2502//2502 4798//4798
f 4903//4903 4917//4917 4855//4855
f 4870//4870 4914//4914 4863//4863
f 4918//4918 4886//4886 4838//4838
f 4905//4905 2526//2526 2444//2444
f 2519//2519 2525//2525 2524//2524
f 4875//4875 4919//4919 4848//4848
f 2484//2484 4850//4850 2384//2384
f 4920//4920 4900//4900 2538//2538
f 2478//2478 4921//4921 4873//4873
f 4921//4921 4902//4902 4873//4873
f 4884//4884 4922//4922 4881//4881
f 4922//4922 4893//4893 4881//4881
f 4904//4904 4914//4914 4870//4870
f 4889//4889 4923//4923 4805//4805
f 4923//4923 4908//4908 4805//4805
f 4915//4915 4924//4924 4882//4882
f 4924//4924 4864//4864 4882//4882
f 4924//4924 4925//4925 4864//4864
f 4912//4912 4926//4926 4849//4849
f 4925//4925 2497//2497 4864//4864
f 2512//2512 2487//2487 2548//2548
f 4909//4909 2532//2532 2450//2450
f 2537//2537 4920//4920 2538//2538
f 4902//4902 4854//4854 4853//4853
f 4922//4922 4927//4927 4893//4893
f 2442//2442 4918//4918 4838//4838
f 4896//4896 4897//4897 4857//4857
f 2533//2533 2539//2539 4887//4887
f 2539//2539 4877//4877 4887//4887
f 4877//4877 2539//2539 2538//2538
f 4902//4902 4928//4928 4854//4854
f 4928//4928 4888//4888 4854//4854
f 4907//4907 4911//4911 4831//4831
f 4919//4919 4912//4912 4848//4848
f 4929//4929 4930//4930 4876//4876
f 4931//4931 4856//4856 4865//4865
f 4932//4932 4901//4901 4872//4872
f 4880//4880 4933//4933 4869//4869
f 4933//4933 4884//4884 4869//4869
f 2458//2458 4934//4934 4904//4904
f 4927//4927 2459//2459 4893//4893
f 4935//4935 4890//4890 4886//4886
f 2519//2519 2555//2555 2525//2525
f 4883//4883 2531//2531 2483//2483
f 4931//4931 4936//4936 4856//4856
f 4936//4936 2513//2513 4856//4856
f 2559//2559 2539//2539 2533//2533
f 4892//4892 4937//4937 4872//4872
f 4937//4937 4932//4932 4872//4872
f 4938//4938 4902//4902 4921//4921
f 4837//4837 4913//4913 4803//4803
f 4855//4855 4939//4939 4880//4880
f 4939//4939 4933//4933 4880//4880
f 4933//4933 4940//4940 4884//4884
f 4940//4940 4922//4922 4884//4884
f 2562//2562 2442//2442 2469//2469
f 4935//4935 4886//4886 4918//4918
f 4941//4941 4885//4885 4891//4891
f 4925//4925 2564//2564 2497//2497
f 4926//4926 4883//4883 4849//4849
f 2672//2672 4929//4929 4876//4876
f 4895//4895 2635//2635 2484//2484
f 4876//4876 4931//4931 4865//4865
f 2605//2605 4942//4942 4858//4858
f 4899//4899 2595//2595 4878//4878
f 2595//2595 4910//4910 4878//4878
f 4932//4932 2467//2467 4901//4901
f 2478//2478 4943//4943 4921//4921
f 4943//4943 4938//4938 4921//4921
f 2544//2544 2543//2543 2480//2480
f 4917//4917 4939//4939 4855//4855
f 4944//4944 4923//4923 4889//4889
f 2562//2562 4945//4945 2442//2442
f 4945//4945 4918//4918 2442//2442
f 4908//4908 2602//2602 4905//4905
f 2602//2602 2526//2526 4905//4905
f 4946//4946 4891//4891 4890//4890
f 3264//3264 4919//4919 4875//4875
f 2484//2484 4947//4947 4850//4850
f 4947//4947 2673//2673 4850//4850
f 4948//4948 4895//4895 4894//4894
f 4936//4936 2569//2569 2513//2513
f 4858//4858 4949//4949 4909//4909
f 4916//4916 2596//2596 4899//4899
f 2596//2596 2595//2595 4899//4899
f 2595//2595 4950//4950 4910//4910
f 2573//2573 4951//4951 2537//2537
f 4951//4951 4920//4920 2537//2537
f 4920//4920 4951//4951 4900//4900
f 4951//4951 4892//4892 4900//4900
f 2523//2523 4952//4952 4875//4875
f 4952//4952 3264//3264 4875//4875
f 4924//4924 4953//4953 4925//4925
f 2612//2612 2531//2531 4883//4883
f 4954//4954 4894//4894 4851//4851
f 4948//4948 4955//4955 4895//4895
f 4955//4955 2635//2635 4895//4895
f 4876//4876 4930//4930 4931//4931
f 4896//4896 2606//2606 4897//4897
f 4942//4942 4949//4949 4858//4858
f 2506//2506 4956//4956 4898//4898
f 4956//4956 4916//4916 4898//4898
f 4910//4910 4957//4957 4879//4879
f 4957//4957 2502//2502 4879//4879
f 4957//4957 2580//2580 2502//2502
f 2699//2699 4928//4928 4902//4902
f 4911//4911 4913//4913 4837//4837
f 4934//4934 4914//4914 4904//4904
f 4885//4885 4958//4958 4915//4915
f 2555//2555 4952//4952 2523//2523
f 4958//4958 4924//4924 4915//4915
f 4954//4954 4948//4948 4894//4894
f 2570//2570 2677//2677 4896//4896
f 2677//2677 2606//2606 4896//4896
f 2606//2606 2605//2605 4897//4897
f 2585//2585 4956//4956 2506//2506
f 4956//4956 2596//2596 4916//4916
f 4959//4959 4911//4911 4907//4907
f 4913//4913 2638//2638 2552//2552
f 2587//2587 4903//4903 2451//2451
f 2588//2588 4934//4934 2458//2458
f 4960//4960 4927//4927 4922//4922
f 4914//4914 4944//4944 4889//4889
f 4927//4927 2589//2589 2459//2459
f 4946//4946 4961//4961 4891//4891
f 4961//4961 4941//4941 4891//4891
f 4941//4941 4962//4962 4885//4885
f 4962//4962 4958//4958 4885//4885
f 4953//4953 2564//2564 4925//4925
f 4906//4906 4954//4954 4851//4851
f 2680//2680 2532//2532 4909//4909
f 4963//4963 4957//4957 4910//4910
f 2597//2597 4943//4943 2478//2478
f 4938//4938 2699//2699 4902//4902
f 4964//4964 4933//4933 4939//4939
f 4923//4923 4965//4965 4908//4908
f 4965//4965 2602//2602 4908//4908
f 4958//4958 4953//4953 4924//4924
f 4966//4966 4912//4912 4919//4919
f 2672//2672 4967//4967 4929//4929
f 4949//4949 2680//2680 4909//4909
f 4917//4917 4964//4964 4939//4939
f 4940//4940 4968//4968 4922//4922
f 4968//4968 4960//4960 4922//4922
f 4965//4965 4969//4969 2602//2602
f 2563//2563 2611//2611 2593//2593
f 2594//2594 4970//4970 2595//2595
f 4970//4970 4950//4950 2595//2595
f 2559//2559 4971//4971 2539//2539
f 4971//4971 2573//2573 2539//2539
f 2489//2489 2574//2574 2508//2508
f 4932//4932 2616//2616 2467//2467
f 4928//4928 4972//4972 4888//4888
f 4972//4972 4907//4907 4888//4888
f 2544//2544 2587//2587 2543//2543
f 2640//2640 2583//2583 2609//2609
f 4973//4973 2612//2612 4883//4883
f 4967//4967 4930//4930 4929//4929
f 2626//2626 2677//2677 2570//2570
f 4956//4956 2694//2694 2596//2596
f 2694//2694 2594//2594 2596//2596
f 4943//4943 4974//4974 4938//4938
f 4974//4974 2699//2699 4938//4938
f 2699//2699 2698//2698 4928//4928
f 2698//2698 4972//4972 4928//4928
f 4911//4911 2957//2957 4913//4913
f 4975//4975 4917//4917 4903//4903
f 2639//2639 2587//2587 2544//2544
f 4960//4960 2589//2589 4927//4927
f 4976//4976 4977//4977 4923//4923
f 4976//4976 4923//4923 4944//4944
f 4977//4977 4965//4965 4923//4923
f 4935//4935 4946//4946 4890//4890
f 3264//3264 4966//4966 4919//4919
f 4926//4926 4973//4973 4883//4883
f 2636//2636 4947//4947 2484//2484
f 4955//4955 2636//2636 2635//2635
f 4978//4978 4949//4949 4942//4942
f 4914//4914 4976//4976 4944//4944
f 2641//2641 4945//4945 2562//2562
f 4945//4945 4935//4935 4918//4918
f 4961//4961 4979//4979 4962//4962
f 4961//4961 4962//4962 4941//4941
f 4979//4979 4958//4958 4962//4962
f 4973//4973 2644//2644 2612//2612
f 2604//2604 4978//4978 2605//2605
f 2677//2677 2604//2604 2606//2606
f 4978//4978 4942//4942 2605//2605
f 4980//4980 4970//4970 2594//2594
f 2585//2585 2694//2694 4956//4956
f 4970//4970 4981//4981 4950//4950
f 4950//4950 4963//4963 4910//4910
f 4982//4982 4951//4951 2573//2573
f 4951//4951 4983//4983 4892//4892
f 4960//4960 2735//2735 2589//2589
f 4969//4969 2650//2650 2602//2602
f 2631//2631 4952//4952 2555//2555
f 2670//2670 2564//2564 4953//4953
f 4954//4954 4984//4984 4948//4948
f 4984//4984 4955//4955 4948//4948
f 4936//4936 2655//2655 2569//2569
f 2657//2657 2550//2550 2579//2579
f 4982//4982 4983//4983 4951//4951
f 2957//2957 2638//2638 4913//4913
f 2660//2660 4975//4975 4903//4903
f 2660//2660 4903//4903 2587//2587
f 4985//4985 4964//4964 4917//4917
f 4964//4964 4986//4986 4933//4933
f 4986//4986 4987//4987 4933//4933
f 4933//4933 4987//4987 4940//4940
f 4987//4987 4988//4988 4940//4940
f 4940//4940 4988//4988 4968//4968
f 4988//4988 4960//4960 4968//4968
f 2664//2664 4989//4989 2588//2588
f 2588//2588 4989//4989 4934//4934
f 4989//4989 4914//4914 4934//4934
f 2736//2736 2735//2735 4960//4960
f 4977//4977 4990//4990 4965//4965
f 4991//4991 4935//4935 4945//4945
f 4958//4958 2670//2670 4953//4953
f 2671//2671 4967//4967 2672//2672
f 2678//2678 4978//4978 2604//2604
f 4983//4983 4937//4937 4892//4892
f 2597//2597 4992//4992 4943//4943
f 4992//4992 4974//4974 4943//4943
f 4993//4993 4972//4972 2698//2698
f 4975//4975 4985//4985 4917//4917
f 4988//4988 2736//2736 4960//4960
f 2641//2641 4991//4991 4945//4945
f 4990//4990 4969//4969 4965//4965
f 4912//4912 4994//4994 4926//4926
f 4994//4994 4973//4973 4926//4926
f 4984//4984 3009//3009 4955//4955
f 3009//3009 2636//2636 4955//4955
f 2696//2696 4980//4980 2694//2694
f 2694//2694 4980//4980 2594//2594
f 2585//2585 2695//2695 2694//2694
f 4980//4980 4981//4981 4970//4970
f 4981//4981 4995//4995 4950//4950
f 4995//4995 4963//4963 4950//4950
f 2697//2697 4982//4982 4971//4971
f 4971//4971 4982//4982 2573//2573
f 2559//2559 2697//2697 4971//4971
f 2957//2957 2701//2701 2638//2638
f 2662//2662 2729//2729 2639//2639
f 4989//4989 4996//4996 4914//4914
f 4990//4990 4997//4997 4969//4969
f 4997//4997 2650//2650 4969//4969
f 4979//4979 4998//4998 4958//4958
f 4998//4998 4999//4999 4958//4958
f 4999//4999 2862//2862 4958//4958
f 2862//2862 2670//2670 4958//4958
f 2674//2674 5000//5000 4906//4906
f 2674//2674 4906//4906 2499//2499
f 5000//5000 4954//4954 4906//4906
f 2626//2626 2765//2765 2677//2677
f 2713//2713 2695//2695 2585//2585
f 2580//2580 4957//4957 4963//4963
f 2775//2775 4982//4982 2697//2697
f 2783//2783 2616//2616 4932//4932
f 4974//4974 2700//2700 2699//2699
f 4993//4993 5001//5001 4972//4972
f 5001//5001 4907//4907 4972//4972
f 2723//2723 2725//2725 2659//2659
f 4987//4987 5002//5002 4988//4988
f 5002//5002 2737//2737 2736//2736
f 5002//5002 2736//2736 4988//4988
f 4996//4996 5003//5003 4914//4914
f 4914//4914 5003//5003 4976//4976
f 2738//2738 2740//2740 2735//2735
f 2735//2735 2740//2740 2589//2589
f 5003//5003 5004//5004 4976//4976
f 5004//5004 4977//4977 4976//4976
f 4977//4977 2835//2835 4990//4990
f 2741//2741 4991//4991 2641//2641
f 2835//2835 4997//4997 4990//4990
f 4991//4991 4946//4946 4935//4935
f 4997//4997 2746//2746 2650//2650
f 2862//2862 2750//2750 2670//2670
f 5000//5000 4984//4984 4954//4954
f 2766//2766 5005//5005 2677//2677
f 5005//5005 5006//5006 2677//2677
f 5006//5006 2678//2678 2677//2677
f 2767//2767 2765//2765 2626//2626
f 2696//2696 5007//5007 4980//4980
f 2700//2700 5001//5001 2698//2698
f 2698//2698 5001//5001 4993//4993
f 4992//4992 2952//2952 4974//4974
f 3032//3032 2957//2957 4911//4911
f 2790//2790 2721//2721 2720//2720
f 2788//2788 2720//2720 2722//2722
f 2721//2721 2791//2791 2719//2719
f 2723//2723 5008//5008 2727//2727
f 2723//2723 2727//2727 2725//2725
f 5008//5008 2794//2794 2727//2727
f 2794//2794 2730//2730 2727//2727
f 4986//4986 5009//5009 4987//4987
f 2662//2662 2805//2805 2729//2729
f 5009//5009 5002//5002 4987//4987
f 2821//2821 2737//2737 5002//5002
f 2664//2664 5010//5010 4989//4989
f 2821//2821 2820//2820 2737//2737
f 5004//5004 5011//5011 4977//4977
f 5011//5011 2835//2835 4977//4977
f 2742//2742 2970//2970 2741//2741
f 2970//2970 4991//4991 2741//2741
f 2835//2835 2840//2840 4997//4997
f 2840//2840 2746//2746 4997//4997
f 3040//3040 4952//4952 2631//2631
f 4998//4998 2863//2863 4999//4999
f 2863//2863 2862//2862 4999//4999
f 4966//4966 5012//5012 4912//4912
f 2862//2862 2869//2869 2750//2750
f 5013//5013 2644//2644 4973//4973
f 2753//2753 2759//2759 2872//2872
f 2757//2757 2760//2760 2756//2756
f 2911//2911 5000//5000 2674//2674
f 5000//5000 5014//5014 4984//4984
f 4930//4930 4936//4936 4931//4931
f 2767//2767 2927//2927 2765//2765
f 2926//2926 2928//2928 2931//2931
f 2928//2928 2772//2772 2931//2931
f 2934//2934 2695//2695 2713//2713
f 2933//2933 2770//2770 2657//2657
f 2936//2936 2773//2773 2772//2772
f 2773//2773 2776//2776 2774//2774
f 3085//3085 5015//5015 4982//4982
f 3085//3085 4982//4982 2775//2775
f 5015//5015 4983//4983 4982//4982
f 2944//2944 2947//2947 2778//2778
f 2947//2947 2780//2780 2778//2778
f 2947//2947 2950//2950 2780//2780
f 2780//2780 2950//2950 2782//2782
f 2952//2952 3087//3087 4974//4974
f 3087//3087 5016//5016 2700//2700
f 3087//3087 2700//2700 4974//4974
f 2950//2950 2954//2954 2782//2782
f 2953//2953 2952//2952 2597//2597
f 2597//2597 2952//2952 4992//4992
f 2782//2782 2954//2954 2785//2785
f 5001//5001 4959//4959 4907//4907
f 2954//2954 2784//2784 2785//2785
f 4959//4959 5017//5017 4911//4911
f 4911//4911 5017//5017 3032//3032
f 5008//5008 2959//2959 2794//2794
f 2660//2660 2960//2960 4975//4975
f 4985//4985 5018//5018 4964//4964
f 5018//5018 5009//5009 4986//4986
f 5018//5018 4986//4986 4964//4964
f 2806//2806 2961//2961 2796//2796
f 5009//5009 5019//5019 5002//5002
f 5019//5019 2962//2962 2821//2821
f 5019//5019 2821//2821 5002//5002
f 2962//2962 5010//5010 2664//2664
f 5020//5020 2809//2809 2822//2822
f 2964//2964 2810//2810 2811//2811
f 2821//2821 2962//2962 2703//2703
f 2835//2835 2971//2971 2742//2742
f 5021//5021 5022//5022 4946//4946
f 4946//4946 5022//5022 4961//4961
f 5022//5022 4979//4979 4961//4961
f 4998//4998 5023//5023 2863//2863
f 5023//5023 2852//2852 2863//2863
f 2863//2863 2852//2852 2858//2858
f 5012//5012 5024//5024 4912//4912
f 5024//5024 4994//4994 4912//4912
f 2999//2999 2760//2760 2757//2757
f 2999//2999 2881//2881 2760//2760
f 2882//2882 5025//5025 2883//2883
f 5026//5026 2888//2888 2885//2885
f 5026//5026 2890//2890 2888//2888
f 5027//5027 2895//2895 2890//2890
f 2895//2895 2902//2902 2896//2896
f 2903//2903 3006//3006 2906//2906
f 3006//3006 2910//2910 2906//2906
f 5028//5028 5029//5029 2910//2910
f 5029//5029 2911//2911 2910//2910
f 5029//5029 5000//5000 2911//2911
f 3010//3010 4947//4947 2636//2636
f 4947//4947 2671//2671 2673//2673
f 4984//4984 3329//3329 3009//3009
f 2711//2711 3016//3016 2767//2767
f 3019//3019 3021//3021 2932//2932
f 2932//2932 3021//3021 2934//2934
f 3021//3021 3022//3022 2696//2696
f 3022//3022 5030//5030 5007//5007
f 3022//3022 5007//5007 2696//2696
f 5007//5007 5031//5031 4980//4980
f 2934//2934 3021//3021 2695//2695
f 5031//5031 4981//4981 4980//4980
f 2658//2658 3025//3025 2940//2940
f 2940//2940 3025//3025 2775//2775
f 3025//3025 3085//3085 2775//2775
f 5015//5015 5032//5032 4983//4983
f 3028//3028 3086//3086 2951//2951
f 2951//2951 3086//3086 2952//2952
f 2723//2723 3030//3030 5008//5008
f 3030//3030 5033//5033 5008//5008
f 5033//5033 5034//5034 5008//5008
f 5008//5008 5034//5034 2959//2959
f 5034//5034 5035//5035 2958//2958
f 5034//5034 2958//2958 2959//2959
f 5035//5035 5036//5036 2958//2958
f 2958//2958 5036//5036 2792//2792
f 5036//5036 2793//2793 2792//2792
f 5037//5037 2799//2799 2793//2793
f 2800//2800 5038//5038 2802//2802
f 5038//5038 3033//3033 2661//2661
f 5038//5038 2661//2661 2802//2802
f 5038//5038 3092//3092 3033//3033
f 5018//5018 5039//5039 5009//5009
f 5040//5040 2961//2961 2806//2806
f 5039//5039 5019//5019 5009//5009
f 5019//5019 5041//5041 2962//2962
f 5041//5041 5010//5010 2962//2962
f 5042//5042 5020//5020 2966//2966
f 2966//2966 5020//5020 2822//2822
f 4996//4996 5043//5043 5003//5003
f 2965//2965 5042//5042 2966//2966
f 5043//5043 5004//5004 5003//5003
f 5004//5004 5044//5044 5011//5011
f 5044//5044 3155//3155 2835//2835
f 5044//5044 2835//2835 5011//5011
f 3155//3155 3154//3154 2835//2835
f 2835//2835 3154//3154 2971//2971
f 4991//4991 5021//5021 4946//4946
f 5022//5022 3311//3311 4979//4979
f 3311//3311 4998//4998 4979//4979
f 4998//4998 5045//5045 5023//5023
f 5046//5046 5045//5045 4998//4998
f 5045//5045 3043//3043 5023//5023
f 5023//5023 3043//3043 2852//2852
f 5013//5013 3056//3056 2644//2644
f 5026//5026 5027//5027 2890//2890
f 5027//5027 5047//5047 2895//2895
f 5047//5047 5048//5048 2895//2895
f 2895//2895 5048//5048 2902//2902
f 5048//5048 3005//3005 2902//2902
f 2902//2902 3005//3005 2903//2903
f 3005//3005 5049//5049 3006//3006
f 3006//3006 5049//5049 2910//2910
f 5049//5049 5028//5028 2910//2910
f 5029//5029 5014//5014 5000//5000
f 3329//3329 3010//3010 3009//3009
f 4936//4936 3082//3082 2655//2655
f 3080//3080 2767//2767 3016//3016
f 3080//3080 2927//2927 2767//2767
f 3081//3081 5005//5005 2766//2766
f 5006//5006 5050//5050 2678//2678
f 3083//3083 3022//3022 3020//3020
f 5051//5051 4937//4937 4983//4983
f 3086//3086 3087//3087 2952//2952
f 5052//5052 5016//5016 3087//3087
f 5016//5016 5053//5053 2700//2700
f 5053//5053 5001//5001 2700//2700
f 5001//5001 5054//5054 4959//4959
f 3030//3030 3091//3091 5033//5033
f 3091//3091 5034//5034 5033//5033
f 5035//5035 5055//5055 5036//5036
f 2960//2960 5056//5056 4975//4975
f 5056//5056 4985//4985 4975//4975
f 5057//5057 5058//5058 5036//5036
f 5036//5036 5058//5058 2793//2793
f 5058//5058 5037//5037 2793//2793
f 5037//5037 2800//2800 2799//2799
f 2800//2800 3092//3092 5038//5038
f 3093//3093 2960//2960 3033//3033
f 5040//5040 5059//5059 2961//2961
f 5041//5041 5019//5019 5039//5039
f 5020//5020 5060//5060 2809//2809
f 5060//5060 5040//5040 2809//2809
f 5040//5040 2806//2806 2809//2809
f 5041//5041 5061//5061 5010//5010
f 5061//5061 5062//5062 5010//5010
f 5010//5010 5062//5062 4989//4989
f 5062//5062 4996//4996 4989//4989
f 5043//5043 5063//5063 5004//5004
f 5063//5063 5044//5044 5004//5004
f 5064//5064 3041//3041 3044//3044
f 3047//3047 5064//5064 3044//3044
f 4994//4994 5013//5013 4973//4973
f 5065//5065 5066//5066 2999//2999
f 2999//2999 5066//5066 2881//2881
f 5066//5066 3114//3114 2881//2881
f 5025//5025 5067//5067 2883//2883
f 5067//5067 2885//2885 2883//2883
f 2885//2885 5068//5068 5026//5026
f 5047//5047 5069//5069 5048//5048
f 3061//3061 3117//3117 3067//3067
f 5049//5049 5070//5070 5028//5028
f 3127//3127 3081//3081 3079//3079
f 3127//3127 5071//5071 5005//5005
f 3127//3127 5005//5005 3081//3081
f 5071//5071 5006//5006 5005//5005
f 5071//5071 5050//5050 5006//5006
f 5072//5072 4949//4949 4978//4978
f 3083//3083 5030//5030 3022//3022
f 3138//3138 3139//3139 2942//2942
f 3024//3024 3139//3139 3085//3085
f 3139//3139 5015//5015 3085//3085
f 4932//4932 5073//5073 2783//2783
f 3027//3027 3144//3144 3028//3028
f 3144//3144 5052//5052 3028//3028
f 3028//3028 5052//5052 3087//3087
f 3091//3091 3148//3148 5034//5034
f 3148//3148 5055//5055 5035//5035
f 3148//3148 5035//5035 5034//5034
f 5055//5055 5057//5057 5036//5036
f 2800//2800 3183//3183 3092//3092
f 5039//5039 5061//5061 5041//5041
f 3156//3156 2971//2971 3154//3154
f 3216//3216 2965//2965 2972//2972
f 5074//5074 4991//4991 2970//2970
f 2978//2978 3216//3216 2974//2974
f 3216//3216 2972//2972 2974//2974
f 3040//3040 3264//3264 4952//4952
f 3162//3162 5075//5075 3107//3107
f 3102//3102 3098//3098 3100//3100
f 5075//5075 3103//3103 3107//3107
f 3167//3167 5065//5065 2999//2999
f 3163//3163 3108//3108 3111//3111
f 5067//5067 5076//5076 2885//2885
f 5076//5076 5068//5068 2885//2885
f 5068//5068 5077//5077 5026//5026
f 5077//5077 5027//5027 5026//5026
f 3063//3063 5078//5078 3061//3061
f 5048//5048 5079//5079 3005//3005
f 5079//5079 5080//5080 3005//3005
f 5078//5078 3117//3117 3061//3061
f 3005//3005 5080//5080 5049//5049
f 5081//5081 3126//3126 3117//3117
f 5081//5081 5082//5082 3126//3126
f 5030//5030 5031//5031 5007//5007
f 5082//5082 5083//5083 3126//3126
f 4995//4995 2580//2580 4963//4963
f 5083//5083 3137//3137 3126//3126
f 3138//3138 5084//5084 3139//3139
f 5083//5083 5085//5085 3137//3137
f 5084//5084 5015//5015 3139//3139
f 5073//5073 4932//4932 4937//4937
f 5053//5053 5086//5086 5001//5001
f 5054//5054 5017//5017 4959//4959
f 3148//3148 3178//3178 5055//5055
f 3178//3178 5057//5057 5055//5055
f 3182//3182 5056//5056 2960//2960
f 5037//5037 3183//3183 2800//2800
f 3183//3183 3093//3093 3092//3092
f 3184//3184 3182//3182 3093//3093
f 5018//5018 5087//5087 5039//5039
f 5087//5087 5061//5061 5039//5039
f 5088//5088 4996//4996 5062//5062
f 5042//5042 5089//5089 5020//5020
f 5089//5089 5060//5060 5020//5020
f 4996//4996 3411//3411 5043//5043
f 3215//3215 5042//5042 2965//2965
f 2971//2971 5074//5074 2970//2970
f 3309//3309 3311//3311 5022//5022
f 3311//3311 5090//5090 4998//4998
f 5090//5090 5046//5046 4998//4998
f 5046//5046 5091//5091 5045//5045
f 5091//5091 3188//3188 5045//5045
f 5045//5045 3188//3188 3043//3043
f 5092//5092 3051//3051 3099//3099
f 3098//3098 5092//5092 3099//3099
f 5077//5077 5047//5047 5027//5027
f 5079//5079 5048//5048 5069//5069
f 5080//5080 5070//5070 5049//5049
f 5093//5093 5014//5014 5029//5029
f 3010//3010 5094//5094 4947//4947
f 4967//4967 5095//5095 4930//4930
f 5014//5014 5096//5096 4984//4984
f 5096//5096 3329//3329 4984//4984
f 3203//3203 5097//5097 5071//5071
f 3203//3203 5071//5071 3127//3127
f 2678//2678 5072//5072 4978//4978
f 3083//3083 5098//5098 5030//5030
f 5098//5098 5099//5099 5030//5030
f 5099//5099 5031//5031 5030//5030
f 5084//5084 5100//5100 5015//5015
f 5100//5100 5051//5051 5032//5032
f 5100//5100 5032//5032 5015//5015
f 5051//5051 4983//4983 5032//5032
f 5073//5073 3211//3211 2783//2783
f 5052//5052 5101//5101 5016//5016
f 5101//5101 5053//5053 5016//5016
f 5102//5102 5054//5054 5001//5001
f 5017//5017 3180//3180 3032//3032
f 3212//3212 3179//3179 3150//3150
f 3213//3213 5103//5103 3178//3178
f 3178//3178 5103//5103 5057//5057
f 3290//3290 5103//5103 3213//3213
f 3290//3290 5104//5104 5103//5103
f 5104//5104 5105//5105 5103//5103
f 5103//5103 5058//5058 5057//5057
f 5103//5103 5106//5106 5058//5058
f 5058//5058 5106//5106 5037//5037
f 5105//5105 5106//5106 5103//5103
f 5105//5105 5107//5107 5106//5106
f 5106//5106 5108//5108 5037//5037
f 5107//5107 5108//5108 5106//5106
f 5037//5037 5108//5108 3183//3183
f 5107//5107 5109//5109 5108//5108
f 5108//5108 3214//3214 3184//3184
f 5108//5108 3184//3184 3183//3183
f 5108//5108 3293//3293 3214//3214
f 5110//5110 5107//5107 5105//5105
f 5059//5059 5040//5040 5060//5060
f 5088//5088 5111//5111 4996//4996
f 5111//5111 3411//3411 4996//4996
f 3411//3411 5112//5112 5043//5043
f 5112//5112 5063//5063 5043//5043
f 3156//3156 5113//5113 2971//2971
f 5113//5113 5074//5074 2971//2971
f 5114//5114 3301//3301 3298//3298
f 5115//5115 3254//3254 3301//3301
f 5074//5074 5021//5021 4991//4991
f 5115//5115 5116//5116 3254//3254
f 5116//5116 3255//3255 3254//3254
f 3309//3309 5022//5022 5021//5021
f 5116//5116 5117//5117 3306//3306
f 5116//5116 3306//3306 3255//3255
f 5117//5117 3260//3260 3306//3306
f 5117//5117 3258//3258 3260//3260
f 5118//5118 3038//3038 3041//3041
f 5117//5117 3313//3313 3259//3259
f 5117//5117 3259//3259 3258//3258
f 3040//3040 3262//3262 3264//3264
f 3147//3147 5119//5119 3162//3162
f 5120//5120 3313//3313 5117//5117
f 3313//3313 5121//5121 3316//3316
f 5024//5024 5122//5122 4994//4994
f 3051//3051 5064//5064 3047//3047
f 3189//3189 3097//3097 3049//3049
f 5122//5122 5013//5013 4994//4994
f 3266//3266 3269//3269 3267//3267
f 5123//5123 5075//5075 3162//3162
f 3166//3166 3193//3193 3271//3271
f 3273//3273 3167//3167 3194//3194
f 5075//5075 3367//3367 3103//3103
f 3367//3367 3102//3102 3103//3103
f 3167//3167 5066//5066 5065//5065
f 5077//5077 5124//5124 5047//5047
f 5124//5124 5069//5069 5047//5047
f 5079//5079 5125//5125 5080//5080
f 5028//5028 5093//5093 5029//5029
f 5094//5094 2671//2671 4947//4947
f 5126//5126 5081//5081 3117//3117
f 5127//5127 4936//4936 4930//4930
f 5127//5127 3082//3082 4936//4936
f 3234//3234 3339//3339 3203//3203
f 3340//3340 3339//3339 3234//3234
f 3340//3340 3234//3234 3281//3281
f 3339//3339 5097//5097 3203//3203
f 5071//5071 5072//5072 5050//5050
f 5072//5072 2678//2678 5050//5050
f 3237//3237 5098//5098 3083//3083
f 5099//5099 5128//5128 5031//5031
f 5128//5128 5129//5129 4981//4981
f 5128//5128 4981//4981 5031//5031
f 5130//5130 5083//5083 5082//5082
f 5129//5129 4995//4995 4981//4981
f 5131//5131 3084//3084 2580//2580
f 3208//3208 3286//3286 5084//5084
f 3208//3208 5084//5084 3138//3138
f 3286//3286 5100//5100 5084//5084
f 3285//3285 5100//5100 3286//3286
f 5083//5083 5132//5132 5085//5085
f 3240//3240 3143//3143 3029//3029
f 3241//3241 5133//5133 3144//3144
f 3144//3144 5133//5133 5052//5052
f 5133//5133 5101//5101 5052//5052
f 5086//5086 5102//5102 5001//5001
f 5132//5132 5134//5134 5085//5085
f 3137//3137 5134//5134 3147//3147
f 3289//3289 5135//5135 3290//3290
f 3290//3290 5135//5135 5104//5104
f 5136//5136 5135//5135 3289//3289
f 5108//5108 5109//5109 3293//3293
f 4985//4985 5137//5137 5018//5018
f 5135//5135 3247//3247 5104//5104
f 5136//5136 3247//3247 5135//5135
f 5104//5104 5138//5138 5105//5105
f 5138//5138 5110//5110 5105//5105
f 5107//5107 3249//3249 5109//5109
f 5109//5109 3295//3295 3293//3293
f 5059//5059 3246//3246 2961//2961
f 3247//3247 5138//5138 5104//5104
f 3249//3249 3295//3295 5109//5109
f 5139//5139 5059//5059 5060//5060
f 3248//3248 3247//3247 5136//5136
f 5138//5138 5140//5140 5110//5110
f 5110//5110 5140//5140 5107//5107
f 5140//5140 3253//3253 5107//5107
f 3253//3253 3249//3249 5107//5107
f 3249//3249 3251//3251 3295//3295
f 5089//5089 5139//5139 5060//5060
f 3247//3247 3218//3218 5138//5138
f 3218//3218 5140//5140 5138//5138
f 3250//3250 3297//3297 3299//3299
f 3147//3147 5134//5134 5119//5119
f 3218//3218 3185//3185 5140//5140
f 3185//3185 3253//3253 5140//5140
f 3253//3253 3257//3257 3249//3249
f 3249//3249 3297//3297 3250//3250
f 3298//3298 3301//3301 3300//3300
f 3257//3257 5114//5114 3249//3249
f 5114//5114 3297//3297 3249//3249
f 3297//3297 5114//5114 3298//3298
f 5044//5044 3252//3252 3155//3155
f 5141//5141 3216//3216 2978//2978
f 3257//3257 3219//3219 5114//5114
f 5114//5114 5115//5115 3301//3301
f 3219//3219 3222//3222 5114//5114
f 3222//3222 3221//3221 5114//5114
f 3221//3221 5142//5142 5114//5114
f 5142//5142 5115//5115 5114//5114
f 5142//5142 5116//5116 5115//5115
f 3261//3261 5143//5143 3040//3040
f 5143//5143 3262//3262 3040//3040
f 5118//5118 3186//3186 3038//3038
f 3221//3221 3190//3190 5142//5142
f 5046//5046 3319//3319 5091//5091
f 5090//5090 3319//3319 5046//5046
f 5064//5064 5118//5118 3041//3041
f 3190//3190 3224//3224 5142//5142
f 3224//3224 5116//5116 5142//5142
f 3224//3224 5144//5144 5116//5116
f 5144//5144 5117//5117 5116//5116
f 5121//5121 3318//3318 3316//3316
f 3268//3268 3320//3320 3319//3319
f 3268//3268 3319//3319 5090//5090
f 3319//3319 3188//3188 5091//5091
f 3264//3264 3263//3263 4966//4966
f 3224//3224 3191//3191 5144//5144
f 5144//5144 5120//5120 5117//5117
f 5144//5144 5145//5145 5120//5120
f 5120//5120 5145//5145 5121//5121
f 5120//5120 5121//5121 3313//3313
f 5121//5121 5146//5146 3318//3318
f 3318//3318 5146//5146 3322//3322
f 5147//5147 5064//5064 3051//3051
f 3191//3191 3165//3165 5144//5144
f 3165//3165 5145//5145 5144//5144
f 5145//5145 5146//5146 5121//5121
f 5146//5146 3266//3266 3322//3322
f 3322//3322 3266//3266 3268//3268
f 3320//3320 3268//3268 3325//3325
f 3268//3268 3267//3267 3325//3325
f 5119//5119 5123//5123 3162//3162
f 3165//3165 3225//3225 5145//5145
f 3225//3225 5148//5148 5145//5145
f 5148//5148 5146//5146 5145//5145
f 5146//5146 5148//5148 3266//3266
f 3225//3225 3271//3271 5148//5148
f 3269//3269 3272//3272 3270//3270
f 3270//3270 3272//3272 3274//3274
f 5123//5123 3368//3368 5075//5075
f 3367//3367 3098//3098 3102//3102
f 3367//3367 5092//5092 3098//3098
f 5148//5148 3227//3227 3266//3266
f 3227//3227 3269//3269 3266//3266
f 3368//3368 3367//3367 5075//5075
f 3271//3271 3196//3196 5148//5148
f 5148//5148 3196//3196 3227//3227
f 3227//3227 3197//3197 3269//3269
f 3197//3197 3272//3272 3269//3269
f 3272//3272 5149//5149 3273//3273
f 5149//5149 3167//3167 3273//3273
f 3197//3197 5149//5149 3272//3272
f 5149//5149 3114//3114 5066//5066
f 5149//5149 5066//5066 3167//3167
f 3197//3197 3114//3114 5149//5149
f 3278//3278 5078//5078 3063//3063
f 5078//5078 5126//5126 3117//3117
f 5070//5070 5093//5093 5028//5028
f 3281//3281 3282//3282 3337//3337
f 3339//3339 3341//3341 5097//5097
f 3341//3341 5150//5150 5097//5097
f 5097//5097 5150//5150 5071//5071
f 5150//5150 5072//5072 5071//5071
f 5072//5072 5151//5151 4949//4949
f 5151//5151 5152//5152 4949//4949
f 4949//4949 5152//5152 2680//2680
f 5152//5152 3133//3133 2680//2680
f 3342//3342 5098//5098 3237//3237
f 3208//3208 3284//3284 3286//3286
f 5153//5153 3285//3285 3287//3287
f 3285//3285 5051//5051 5100//5100
f 5154//5154 5073//5073 4937//4937
f 3288//3288 3240//3240 3345//3345
f 3288//3288 5133//5133 3241//3241
f 3347//3347 5133//5133 3288//3288
f 5134//5134 3137//3137 5085//5085
f 3244//3244 5056//5056 3182//3182
f 5056//5056 5155//5155 4985//4985
f 5018//5018 5137//5137 5087//5087
f 5156//5156 5088//5088 5062//5062
f 5139//5139 5157//5157 5059//5059
f 5158//5158 5111//5111 5088//5088
f 5159//5159 5089//5089 5042//5042
f 5111//5111 5160//5160 3411//3411
f 5112//5112 3355//3355 5063//5063
f 3355//3355 3252//3252 5063//5063
f 5063//5063 3252//3252 5044//5044
f 5161//5161 3309//3309 5021//5021
f 3311//3311 3419//3419 5090//5090
f 5090//5090 3324//3324 3268//3268
f 3321//3321 3315//3315 3319//3319
f 3319//3319 3315//3315 3188//3188
f 5162//5162 5118//5118 5064//5064
f 5147//5147 3051//3051 5092//5092
f 3328//3328 5163//5163 2882//2882
f 2882//2882 5163//5163 5025//5025
f 5163//5163 5067//5067 5025//5025
f 5164//5164 5069//5069 5124//5124
f 5125//5125 5070//5070 5080//5080
f 5093//5093 5165//5165 5014//5014
f 5165//5165 5096//5096 5014//5014
f 5095//5095 5127//5127 4930//4930
f 5166//5166 5081//5081 5126//5126
f 3202//3202 3336//3336 3335//3335
f 3336//3336 3376//3376 3335//3335
f 3376//3376 5167//5167 3379//3379
f 5167//5167 3381//3381 3379//3379
f 3336//3336 3389//3389 3376//3376
f 3389//3389 5167//5167 3376//3376
f 5167//5167 3382//3382 3381//3381
f 5081//5081 5166//5166 5082//5082
f 3389//3389 5168//5168 5167//5167
f 5168//5168 3382//3382 5167//5167
f 3391//3391 5168//5168 3389//3389
f 3337//3337 3386//3386 3281//3281
f 3391//3391 3387//3387 5168//5168
f 5168//5168 3387//3387 3382//3382
f 3386//3386 5169//5169 3281//3281
f 3281//3281 5169//5169 3340//3340
f 5166//5166 5170//5170 5082//5082
f 5169//5169 3341//3341 3340//3340
f 3232//3232 3204//3204 3336//3336
f 3390//3390 3392//3392 3391//3391
f 3390//3390 3393//3393 3392//3392
f 5171//5171 3393//3393 3390//3390
f 3395//3395 3342//3342 3343//3343
f 3398//3398 5172//5172 3342//3342
f 3398//3398 3342//3342 3395//3395
f 3342//3342 5172//5172 5098//5098
f 5172//5172 5099//5099 5098//5098
f 5099//5099 5173//5173 5128//5128
f 5171//5171 3399//3399 3398//3398
f 3397//3397 5174//5174 5171//5171
f 5174//5174 3399//3399 5171//5171
f 5153//5153 3287//3287 3402//3402
f 3287//3287 3284//3284 3402//3402
f 3452//3452 3285//3285 5153//5153
f 3452//3452 5175//5175 3285//3285
f 5175//5175 5051//5051 3285//3285
f 5051//5051 5154//5154 4937//4937
f 3348//3348 3288//3288 3345//3345
f 3347//3347 3464//3464 5133//5133
f 5101//5101 5176//5176 5053//5053
f 5176//5176 5086//5086 5053//5053
f 5177//5177 5178//5178 3289//3289
f 5155//5155 5137//5137 4985//4985
f 3289//3289 5178//5178 5136//5136
f 5137//5137 5179//5179 5087//5087
f 5157//5157 3246//3246 5059//5059
f 5179//5179 5180//5180 5087//5087
f 5087//5087 5180//5180 5061//5061
f 5180//5180 5156//5156 5062//5062
f 5180//5180 5062//5062 5061//5061
f 5156//5156 5181//5181 5088//5088
f 5178//5178 3248//3248 5136//5136
f 5181//5181 5158//5158 5088//5088
f 5158//5158 5160//5160 5111//5111
f 3411//3411 3355//3355 5112//5112
f 5182//5182 5021//5021 5074//5074
f 5182//5182 5161//5161 5021//5021
f 3186//3186 5141//5141 2978//2978
f 3419//3419 3421//3421 5090//5090
f 3421//3421 3324//3324 5090//5090
f 3263//3263 5012//5012 4966//4966
f 5183//5183 5123//5123 5119//5119
f 5147//5147 5162//5162 5064//5064
f 5123//5123 5184//5184 3368//3368
f 3575//3575 5092//5092 3367//3367
f 3575//3575 5185//5185 5092//5092
f 5013//5013 3370//3370 3056//3056
f 5186//5186 5079//5079 5069//5069
f 3330//3330 3491//3491 3010//3010
f 3491//3491 5094//5094 3010//3010
f 3330//3330 3329//3329 5096//5096
f 3384//3384 3385//3385 3386//3386
f 3385//3385 5169//5169 3386//3386
f 3391//3391 3389//3389 3390//3390
f 3341//3341 5072//5072 5150//5150
f 3393//3393 3396//3396 3394//3394
f 5171//5171 3396//3396 3393//3393
f 3396//3396 3398//3398 3395//3395
f 3390//3390 3397//3397 5171//5171
f 5171//5171 3398//3398 3396//3396
f 5172//5172 5173//5173 5099//5099
f 5173//5173 5129//5129 5128//5128
f 5174//5174 3444//3444 3399//3399
f 3397//3397 5187//5187 5174//5174
f 5187//5187 3444//3444 5174//5174
f 4995//4995 5131//5131 2580//2580
f 3397//3397 5188//5188 5187//5187
f 5187//5187 5188//5188 3444//3444
f 5188//5188 3449//3449 3447//3447
f 5188//5188 3447//3447 3444//3444
f 3401//3401 5188//5188 3397//3397
f 5188//5188 3402//3402 3449//3449
f 5189//5189 5188//5188 3401//3401
f 5189//5189 5190//5190 5188//5188
f 3402//3402 5190//5190 5153//5153
f 5188//5188 5190//5190 3402//3402
f 5190//5190 3452//3452 5153//5153
f 5189//5189 3454//3454 5190//5190
f 5189//5189 3456//3456 3454//3454
f 3456//3456 3455//3455 3454//3454
f 3401//3401 5191//5191 5189//5189
f 3404//3404 5191//5191 3401//3401
f 5191//5191 3456//3456 5189//5189
f 5191//5191 3458//3458 3456//3456
f 5191//5191 3461//3461 3458//3458
f 3461//3461 3459//3459 3458//3458
f 5192//5192 3461//3461 5191//5191
f 3404//3404 5192//5192 5191//5191
f 5192//5192 3464//3464 3461//3461
f 3464//3464 3348//3348 3461//3461
f 3348//3348 3464//3464 3347//3347
f 3464//3464 5193//5193 5133//5133
f 5193//5193 5101//5101 5133//5133
f 5176//5176 5102//5102 5086//5086
f 5192//5192 3468//3468 3464//3464
f 3468//3468 3465//3465 3464//3464
f 3407//3407 5192//5192 3404//3404
f 5192//5192 3469//3469 3468//3468
f 3407//3407 5194//5194 5192//5192
f 5194//5194 3469//3469 5192//5192
f 5195//5195 3469//3469 5194//5194
f 3408//3408 5194//5194 3407//3407
f 3408//3408 5195//5195 5194//5194
f 5195//5195 3471//3471 3469//3469
f 3408//3408 5196//5196 5195//5195
f 5196//5196 3473//3473 5195//5195
f 5195//5195 3473//3473 3471//3471
f 3408//3408 5197//5197 5196//5196
f 5196//5196 5197//5197 3473//3473
f 3409//3409 3476//3476 3408//3408
f 3408//3408 3476//3476 5197//5197
f 3410//3410 5177//5177 3289//3289
f 3244//3244 5155//5155 5056//5056
f 5198//5198 5157//5157 5139//5139
f 5178//5178 3479//3479 3248//3248
f 5159//5159 5198//5198 5089//5089
f 5089//5089 5198//5198 5139//5139
f 3215//3215 5159//5159 5042//5042
f 3355//3355 5199//5199 3156//3156
f 5199//5199 5113//5113 3156//3156
f 5113//5113 5182//5182 5074//5074
f 5200//5200 3215//3215 3216//3216
f 5141//5141 5200//5200 3216//3216
f 5161//5161 3310//3310 3309//3309
f 5201//5201 3263//3263 3262//3262
f 5134//5134 5183//5183 5119//5119
f 3421//3421 3362//3362 3324//3324
f 5185//5185 5147//5147 5092//5092
f 5202//5202 3370//3370 5013//5013
f 5184//5184 3369//3369 3368//3368
f 3369//3369 3575//3575 3367//3367
f 3326//3326 3371//3371 3168//3168
f 5203//5203 5204//5204 5068//5068
f 5203//5203 5068//5068 5076//5076
f 5069//5069 5164//5164 5186//5186
f 5205//5205 5093//5093 5070//5070
f 5206//5206 5166//5166 5126//5126
f 5165//5165 3330//3330 5096//5096
f 3438//3438 3543//3543 3385//3385
f 3385//3385 3543//3543 5169//5169
f 5169//5169 3543//3543 3341//3341
f 5082//5082 5170//5170 5130//5130
f 5207//5207 5173//5173 5172//5172
f 3443//3443 5208//5208 3398//3398
f 3398//3398 5208//5208 5172//5172
f 5208//5208 5207//5207 5172//5172
f 5173//5173 5209//5209 5129//5129
f 5209//5209 4995//4995 5129//5129
f 3453//3453 5190//5190 3454//3454
f 3453//3453 3452//3452 5190//5190
f 5130//5130 5132//5132 5083//5083
f 3466//3466 5193//5193 3464//3464
f 3467//3467 3465//3465 3468//3468
f 5054//5054 5210//5210 5017//5017
f 5210//5210 3180//3180 5017//5017
f 5211//5211 3474//3474 3212//3212
f 5211//5211 3212//3212 3180//3180
f 5212//5212 3473//3473 5197//5197
f 3475//3475 5155//5155 3244//3244
f 3477//3477 5197//5197 3476//3476
f 5155//5155 5213//5213 5137//5137
f 3246//3246 3477//3477 3409//3409
f 5137//5137 5180//5180 5179//5179
f 3522//3522 3246//3246 5157//5157
f 5180//5180 5214//5214 5156//5156
f 5214//5214 5181//5181 5156//5156
f 5158//5158 5215//5215 5160//5160
f 5215//5215 3412//3412 5160//5160
f 5160//5160 3412//3412 3411//3411
f 3412//3412 5199//5199 3355//3355
f 3310//3310 5216//5216 3311//3311
f 5217//5217 5141//5141 3186//3186
f 5216//5216 3419//3419 3311//3311
f 3482//3482 5143//5143 3261//3261
f 5143//5143 5201//5201 3262//3262
f 5118//5118 5217//5217 3186//3186
f 5216//5216 5218//5218 3419//3419
f 3419//3419 5218//5218 3420//3420
f 5218//5218 3484//3484 3422//3422
f 5218//5218 3422//3422 3420//3420
f 3486//3486 3487//3487 3484//3484
f 3486//3486 3484//3484 5218//5218
f 3486//3486 3362//3362 3421//3421
f 5122//5122 5202//5202 5013//5013
f 5163//5163 5203//5203 5076//5076
f 5163//5163 5076//5076 5067//5067
f 5204//5204 5077//5077 5068//5068
f 5204//5204 5124//5124 5077//5077
f 5219//5219 5164//5164 5124//5124
f 5186//5186 5220//5220 5079//5079
f 3278//3278 5206//5206 5078//5078
f 5079//5079 5220//5220 5125//5125
f 5206//5206 5126//5126 5078//5078
f 5125//5125 5221//5221 5070//5070
f 5221//5221 5205//5205 5070//5070
f 5205//5205 3536//3536 5093//5093
f 5222//5222 3556//3556 2671//2671
f 2671//2671 3556//3556 4967//4967
f 3536//3536 5165//5165 5093//5093
f 3538//3538 5165//5165 3536//3536
f 5165//5165 5223//5223 3330//3330
f 3538//3538 5223//5223 5165//5165
f 5094//5094 5222//5222 2671//2671
f 3556//3556 5095//5095 4967//4967
f 3537//3537 3536//3536 5224//5224
f 3538//3538 5225//5225 5223//5223
f 5223//5223 3490//3490 3330//3330
f 5225//5225 3539//3539 5223//5223
f 5223//5223 3539//3539 3490//3490
f 5226//5226 3538//3538 3537//3537
f 5226//5226 5225//5225 3538//3538
f 5095//5095 3556//3556 5127//5127
f 3334//3334 3492//3492 3541//3541
f 3541//3541 3492//3492 3537//3537
f 3492//3492 3493//3493 3537//3537
f 3493//3493 5226//5226 3537//3537
f 5226//5226 5227//5227 5225//5225
f 5227//5227 3539//3539 5225//5225
f 3493//3493 3432//3432 5226//5226
f 3432//3432 3433//3433 5226//5226
f 5226//5226 3433//3433 5227//5227
f 3433//3433 3434//3434 5227//5227
f 3434//3434 3435//3435 3539//3539
f 3434//3434 3539//3539 5227//5227
f 5127//5127 3437//3437 3082//3082
f 3543//3543 5228//5228 3341//3341
f 5228//5228 5072//5072 3341//3341
f 5229//5229 5151//5151 5072//5072
f 5152//5152 3442//3442 3133//3133
f 5230//5230 5208//5208 3443//3443
f 5209//5209 5231//5231 4995//4995
f 5231//5231 5131//5131 4995//4995
f 3451//3451 3595//3595 3452//3452
f 3595//3595 5175//5175 3452//3452
f 5175//5175 3597//3597 5051//5051
f 5154//5154 5232//5232 5073//5073
f 3511//3511 5233//5233 3466//3466
f 5233//5233 5193//5193 3466//3466
f 5234//5234 5101//5101 5193//5193
f 5235//5235 5134//5134 5132//5132
f 5235//5235 5236//5236 5134//5134
f 3516//3516 3473//3473 5212//5212
f 5212//5212 5237//5237 3516//3516
f 5237//5237 5177//5177 3516//3516
f 3516//3516 5177//5177 3410//3410
f 3475//3475 5213//5213 5155//5155
f 3520//3520 5238//5238 3477//3477
f 3477//3477 5212//5212 5197//5197
f 3477//3477 5238//5238 5212//5212
f 5238//5238 5237//5237 5212//5212
f 3520//3520 3477//3477 3246//3246
f 3521//3521 5239//5239 3520//3520
f 5239//5239 5238//5238 3520//3520
f 3478//3478 5240//5240 5213//5213
f 3478//3478 5213//5213 3475//3475
f 5240//5240 5214//5214 5213//5213
f 5213//5213 5180//5180 5137//5137
f 5213//5213 5214//5214 5180//5180
f 3521//3521 3246//3246 3522//3522
f 5239//5239 3525//3525 5238//5238
f 5241//5241 5178//5178 5177//5177
f 5214//5214 5242//5242 5181//5181
f 5243//5243 5244//5244 5198//5198
f 5244//5244 3523//3523 5157//5157
f 5244//5244 5157//5157 5198//5198
f 3523//3523 3522//3522 5157//5157
f 5244//5244 5245//5245 3523//3523
f 3523//3523 5245//5245 3521//3521
f 5245//5245 3525//3525 3521//3521
f 3521//3521 3525//3525 5239//5239
f 5178//5178 5241//5241 3479//3479
f 3351//3351 3524//3524 3478//3478
f 3478//3478 3524//3524 5240//5240
f 5240//5240 5242//5242 5214//5214
f 5181//5181 5242//5242 5158//5158
f 5242//5242 5215//5215 5158//5158
f 5159//5159 5243//5243 5198//5198
f 5246//5246 5243//5243 5159//5159
f 5246//5246 5247//5247 5243//5243
f 5247//5247 5244//5244 5243//5243
f 5247//5247 5248//5248 5244//5244
f 5244//5244 5248//5248 5245//5245
f 5245//5245 5248//5248 3525//3525
f 3524//3524 3526//3526 5240//5240
f 3526//3526 5242//5242 5240//5240
f 3526//3526 5249//5249 5242//5242
f 5242//5242 5249//5249 5215//5215
f 5249//5249 3412//3412 5215//5215
f 3304//3304 3354//3354 3525//3525
f 3304//3304 3525//3525 5248//5248
f 3303//3303 3413//3413 3526//3526
f 3413//3413 5249//5249 3526//3526
f 5249//5249 5250//5250 3412//3412
f 5250//5250 5199//5199 3412//3412
f 5250//5250 5113//5113 5199//5199
f 5250//5250 5251//5251 5113//5113
f 5113//5113 5251//5251 5182//5182
f 3527//3527 3304//3304 5248//5248
f 3413//3413 3356//3356 5249//5249
f 3356//3356 3414//3414 5249//5249
f 5249//5249 3414//3414 5250//5250
f 3414//3414 5251//5251 5250//5250
f 5251//5251 5252//5252 5182//5182
f 3414//3414 5252//5252 5251//5251
f 5252//5252 5253//5253 5182//5182
f 5182//5182 5253//5253 5161//5161
f 3416//3416 3358//3358 3414//3414
f 3414//3414 3358//3358 5252//5252
f 3358//3358 3359//3359 5252//5252
f 3359//3359 3424//3424 5252//5252
f 3424//3424 5253//5253 5252//5252
f 5253//5253 3310//3310 5161//5161
f 5217//5217 5254//5254 5141//5141
f 3482//3482 5201//5201 5143//5143
f 5255//5255 5217//5217 5118//5118
f 5256//5256 5253//5253 3424//3424
f 3310//3310 5256//5256 5216//5216
f 5216//5216 5256//5256 5218//5218
f 5256//5256 3310//3310 5253//5253
f 3529//3529 5257//5257 3482//3482
f 3482//3482 5257//5257 5201//5201
f 5201//5201 5257//5257 3263//3263
f 5258//5258 5255//5255 5118//5118
f 3424//3424 3426//3426 5256//5256
f 3426//3426 3362//3362 5256//5256
f 5256//5256 3362//3362 3486//3486
f 5256//5256 3486//3486 5218//5218
f 5257//5257 5259//5259 3263//3263
f 3263//3263 5259//5259 5012//5012
f 5162//5162 5258//5258 5118//5118
f 3427//3427 5257//5257 3529//3529
f 5259//5259 5024//5024 5012//5012
f 5147//5147 5260//5260 5162//5162
f 3364//3364 3365//3365 3427//3427
f 3427//3427 3365//3365 5257//5257
f 3365//3365 5259//5259 5257//5257
f 3365//3365 5202//5202 5259//5259
f 5259//5259 5202//5202 5024//5024
f 5024//5024 5202//5202 5122//5122
f 5185//5185 5261//5261 5147//5147
f 3365//3365 3366//3366 5202//5202
f 3366//3366 3370//3370 5202//5202
f 5184//5184 3576//3576 3369//3369
f 3576//3576 3575//3575 3369//3369
f 5219//5219 5262//5262 5164//5164
f 5164//5164 5262//5262 5186//5186
f 5262//5262 5263//5263 5186//5186
f 5263//5263 5220//5220 5186//5186
f 5264//5264 5220//5220 5263//5263
f 5264//5264 5265//5265 5220//5220
f 5220//5220 5266//5266 5125//5125
f 5265//5265 5266//5266 5220//5220
f 5267//5267 5268//5268 5265//5265
f 5268//5268 5266//5266 5265//5265
f 5125//5125 5266//5266 5221//5221
f 5268//5268 5221//5221 5266//5266
f 5267//5267 5265//5265 5264//5264
f 5267//5267 5269//5269 5268//5268
f 5268//5268 5269//5269 5221//5221
f 5269//5269 5224//5224 5221//5221
f 5221//5221 5224//5224 5205//5205
f 5205//5205 5224//5224 3536//3536
f 5222//5222 3557//3557 3556//3556
f 3554//3554 3331//3331 5267//5267
f 5267//5267 5270//5270 5269//5269
f 5270//5270 5224//5224 5269//5269
f 3331//3331 3332//3332 5267//5267
f 3332//3332 5270//5270 5267//5267
f 3541//3541 3537//3537 5270//5270
f 5270//5270 3537//3537 5224//5224
f 3332//3332 3333//3333 5270//5270
f 3333//3333 3541//3541 5270//5270
f 3556//3556 3555//3555 5127//5127
f 3555//3555 5271//5271 5127//5127
f 5271//5271 3437//3437 5127//5127
f 5272//5272 5170//5170 5166//5166
f 5273//5273 5072//5072 5228//5228
f 5273//5273 5229//5229 5072//5072
f 5152//5152 5151//5151 5229//5229
f 5170//5170 5272//5272 5130//5130
f 3503//3503 5230//5230 3443//3443
f 5230//5230 5207//5207 5208//5208
f 5207//5207 5209//5209 5173//5173
f 5131//5131 3450//3450 3084//3084
f 5272//5272 5235//5235 5130//5130
f 3545//3545 3595//3595 3451//3451
f 3595//3595 3597//3597 5175//5175
f 3597//3597 5154//5154 5051//5051
f 5235//5235 5132//5132 5130//5130
f 5232//5232 3463//3463 3211//3211
f 5232//5232 3211//3211 5073//5073
f 5233//5233 5234//5234 5193//5193
f 5234//5234 5176//5176 5101//5101
f 5210//5210 5211//5211 3180//3180
f 5177//5177 5237//5237 5241//5241
f 3525//3525 5241//5241 5238//5238
f 5238//5238 5241//5241 5237//5237
f 5236//5236 5183//5183 5134//5134
f 5241//5241 3525//3525 3479//3479
f 5274//5274 5246//5246 5159//5159
f 5274//5274 5159//5159 3215//3215
f 3481//3481 3527//3527 5247//5247
f 5247//5247 3527//3527 5248//5248
f 5275//5275 3215//3215 5200//5200
f 5275//5275 5274//5274 3215//3215
f 5274//5274 3528//3528 5246//5246
f 5246//5246 3481//3481 5247//5247
f 5246//5246 3528//3528 3481//3481
f 5276//5276 5275//5275 5141//5141
f 5141//5141 5275//5275 5200//5200
f 5277//5277 5275//5275 5276//5276
f 5277//5277 5274//5274 5275//5275
f 5274//5274 3549//3549 3528//3528
f 5254//5254 5278//5278 5141//5141
f 5278//5278 5276//5276 5141//5141
f 5278//5278 5277//5277 5276//5276
f 5277//5277 5279//5279 5274//5274
f 5279//5279 3549//3549 5274//5274
f 5280//5280 5254//5254 5217//5217
f 5280//5280 5281//5281 5254//5254
f 5281//5281 5278//5278 5254//5254
f 5281//5281 5279//5279 5278//5278
f 5278//5278 5279//5279 5277//5277
f 3483//3483 3549//3549 5279//5279
f 5255//5255 5282//5282 5217//5217
f 5281//5281 3485//3485 5279//5279
f 3423//3423 3483//3483 5279//5279
f 3485//3485 3423//3423 5279//5279
f 5260//5260 5258//5258 5162//5162
f 5261//5261 5260//5260 5147//5147
f 5185//5185 5283//5283 5261//5261
f 5183//5183 5284//5284 5123//5123
f 5123//5123 5284//5284 5184//5184
f 3575//3575 5285//5285 5185//5185
f 5285//5285 5286//5286 5185//5185
f 5284//5284 3576//3576 5184//5184
f 5203//5203 5287//5287 5204//5204
f 5288//5288 5289//5289 5287//5287
f 5287//5287 5290//5290 5204//5204
f 5204//5204 5290//5290 5124//5124
f 5289//5289 5290//5290 5287//5287
f 5124//5124 5290//5290 5219//5219
f 5290//5290 5262//5262 5219//5219
f 5290//5290 5291//5291 5262//5262
f 3581//3581 5292//5292 5289//5289
f 5289//5289 5292//5292 5290//5290
f 3431//3431 5291//5291 5290//5290
f 5262//5262 5291//5291 5263//5263
f 3553//3553 5206//5206 3278//3278
f 3535//3535 3430//3430 3581//3581
f 3581//3581 3430//3430 5292//5292
f 5292//5292 3431//3431 5290//5290
f 5293//5293 5263//5263 5291//5291
f 5293//5293 5264//5264 5263//5263
f 3430//3430 3431//3431 5292//5292
f 3431//3431 5293//5293 5291//5291
f 3431//3431 3554//3554 5293//5293
f 3554//3554 5267//5267 5264//5264
f 3554//3554 5264//5264 5293//5293
f 3491//3491 5294//5294 5094//5094
f 5294//5294 5222//5222 5094//5094
f 3540//3540 3585//3585 3583//3583
f 5206//5206 5295//5295 5166//5166
f 3558//3558 3585//3585 3540//3540
f 3585//3585 5296//5296 3583//3583
f 5295//5295 5272//5272 5166//5166
f 3497//3497 3437//3437 3560//3560
f 3561//3561 5228//5228 3543//3543
f 3561//3561 5297//5297 5228//5228
f 5297//5297 5298//5298 5228//5228
f 5228//5228 5298//5298 5273//5273
f 5273//5273 5298//5298 5229//5229
f 3562//3562 3588//3588 3561//3561
f 3588//3588 5297//5297 3561//3561
f 3563//3563 5299//5299 3587//3587
f 3500//3500 5299//5299 3563//3563
f 5299//5299 3589//3589 3587//3587
f 3500//3500 3564//3564 5299//5299
f 5299//5299 3564//3564 3589//3589
f 5152//5152 3565//3565 3442//3442
f 3503//3503 3590//3590 5207//5207
f 3503//3503 5207//5207 5230//5230
f 3503//3503 5300//5300 3590//3590
f 5300//5300 3591//3591 3590//3590
f 3590//3590 3592//3592 5209//5209
f 3590//3590 5209//5209 5207//5207
f 3592//3592 3593//3593 5209//5209
f 3593//3593 5231//5231 5209//5209
f 3503//3503 5301//5301 5300//5300
f 3505//3505 5301//5301 3503//3503
f 5301//5301 3591//3591 5300//5300
f 3505//3505 3594//3594 5301//5301
f 3566//3566 3450//3450 5302//5302
f 3567//3567 5303//5303 3600//3600
f 3508//3508 5303//5303 3567//3567
f 5303//5303 3601//3601 3600//3600
f 3508//3508 3601//3601 5303//5303
f 3508//3508 3568//3568 3601//3601
f 3511//3511 3602//3602 5233//5233
f 3511//3511 5304//5304 3602//3602
f 3602//3602 5234//5234 5233//5233
f 5304//5304 3603//3603 3602//3602
f 3602//3602 3604//3604 5176//5176
f 3602//3602 5176//5176 5234//5234
f 5176//5176 3604//3604 5102//5102
f 3569//3569 5304//5304 3511//3511
f 5304//5304 3605//3605 3603//3603
f 3569//3569 5305//5305 5304//5304
f 5305//5305 3605//3605 5304//5304
f 3570//3570 5305//5305 3569//3569
f 3570//3570 5306//5306 5305//5305
f 5305//5305 3606//3606 3605//3605
f 5306//5306 3606//3606 5305//5305
f 3571//3571 5306//5306 3570//3570
f 3571//3571 3548//3548 3606//3606
f 3571//3571 3606//3606 5306//5306
f 5282//5282 5280//5280 5217//5217
f 5280//5280 3485//3485 5281//5281
f 5258//5258 5282//5282 5255//5255
f 3572//3572 5280//5280 5282//5282
f 5280//5280 3572//3572 3485//3485
f 5307//5307 5260//5260 5261//5261
f 5307//5307 3531//3531 5260//5260
f 5260//5260 3531//3531 5258//5258
f 5258//5258 3550//3550 5282//5282
f 3550//3550 3572//3572 5282//5282
f 5283//5283 5308//5308 5261//5261
f 5309//5309 5308//5308 5283//5283
f 5308//5308 5307//5307 5261//5261
f 5258//5258 3531//3531 3550//3550
f 5286//5286 5309//5309 5185//5185
f 5309//5309 5283//5283 5185//5185
f 3551//3551 3532//3532 5307//5307
f 5307//5307 3532//3532 3531//3531
f 3574//3574 5285//5285 3575//3575
f 3578//3578 5310//5310 3328//3328
f 3328//3328 5310//5310 5163//5163
f 3578//3578 5311//5311 5310//5310
f 5311//5311 5312//5312 5310//5310
f 5310//5310 5312//5312 5163//5163
f 5163//5163 5312//5312 5203//5203
f 5311//5311 5313//5313 5312//5312
f 5313//5313 5314//5314 5312//5312
f 5312//5312 5287//5287 5203//5203
f 5314//5314 5287//5287 5312//5312
f 5315//5315 5313//5313 5311//5311
f 5314//5314 5288//5288 5287//5287
f 5314//5314 5289//5289 5288//5288
f 3579//3579 5311//5311 3578//3578
f 5315//5315 3580//3580 5313//5313
f 5313//5313 3581//3581 5314//5314
f 3581//3581 5289//5289 5314//5314
f 5315//5315 5316//5316 3580//3580
f 3580//3580 3534//3534 5313//5313
f 3534//3534 3581//3581 5313//5313
f 5315//5315 5317//5317 5316//5316
f 3580//3580 5316//5316 3553//3553
f 5316//5316 5206//5206 3553//3553
f 5294//5294 3557//3557 5222//5222
f 3583//3583 5294//5294 3491//3491
f 5315//5315 5318//5318 5317//5317
f 5318//5318 5316//5316 5317//5317
f 3582//3582 3583//3583 3491//3491
f 3583//3583 5296//5296 5294//5294
f 5296//5296 5319//5319 5294//5294
f 5319//5319 3557//3557 5294//5294
f 3557//3557 5319//5319 3555//3555
f 5311//5311 5320//5320 5315//5315
f 5320//5320 5318//5318 5315//5315
f 5316//5316 5295//5295 5206//5206
f 5318//5318 5295//5295 5316//5316
f 3579//3579 5321//5321 5311//5311
f 5321//5321 5320//5320 5311//5311
f 3585//3585 3586//3586 5296//5296
f 5296//5296 3437//3437 5319//5319
f 5319//5319 3437//3437 5271//5271
f 5319//5319 5271//5271 3555//3555
f 3584//3584 5321//5321 3579//3579
f 3559//3559 3586//3586 3585//3585
f 3586//3586 3437//3437 5296//5296
f 5320//5320 5322//5322 5318//5318
f 5295//5295 5323//5323 5272//5272
f 5322//5322 5323//5323 5318//5318
f 5318//5318 5323//5323 5295//5295
f 3587//3587 5298//5298 5297//5297
f 3588//3588 3587//3587 5297//5297
f 3587//3587 3565//3565 5298//5298
f 5298//5298 3565//3565 5229//5229
f 5229//5229 3565//3565 5152//5152
f 3589//3589 3565//3565 3587//3587
f 5321//5321 5324//5324 5320//5320
f 5324//5324 5322//5322 5320//5320
f 3584//3584 5325//5325 5321//5321
f 5325//5325 5324//5324 5321//5321
f 5301//5301 3593//3593 3591//3591
f 5231//5231 3593//3593 5131//5131
f 5302//5302 3450//3450 5301//5301
f 5301//5301 3450//3450 3593//3593
f 3593//3593 3450//3450 5131//5131
f 5324//5324 5326//5326 5322//5322
f 5326//5326 5323//5323 5322//5322
f 5302//5302 5301//5301 3594//3594
f 5302//5302 3594//3594 3566//3566
f 5325//5325 5327//5327 5324//5324
f 5327//5327 5326//5326 5324//5324
f 3545//3545 3596//3596 3595//3595
f 3598//3598 5325//5325 3584//3584
f 3545//3545 5328//5328 3596//3596
f 3596//3596 5328//5328 3597//3597
f 3599//3599 3545//3545 3544//3544
f 3597//3597 5328//5328 5154//5154
f 3545//3545 3600//3600 5328//5328
f 3600//3600 5329//5329 5328//5328
f 5328//5328 5329//5329 5154//5154
f 5323//5323 5235//5235 5272//5272
f 3599//3599 3600//3600 3545//3545
f 3598//3598 5330//5330 5325//5325
f 5330//5330 5327//5327 5325//5325
f 5330//5330 5331//5331 5327//5327
f 5331//5331 5326//5326 5327//5327
f 5154//5154 5329//5329 5232//5232
f 3601//3601 3463//3463 3600//3600
f 3600//3600 3463//3463 5329//5329
f 5329//5329 3463//3463 5232//5232
f 5331//5331 5332//5332 5326//5326
f 5332//5332 5323//5323 5326//5326
f 5323//5323 5333//5333 5235//5235
f 5332//5332 5333//5333 5323//5323
f 3603//3603 3605//3605 3604//3604
f 3604//3604 3605//3605 5102//5102
f 5102//5102 3605//3605 5054//5054
f 3515//3515 5330//5330 3598//3598
f 5235//5235 5333//5333 5236//5236
f 5330//5330 5334//5334 5331//5331
f 5334//5334 5332//5332 5331//5331
f 3605//3605 5210//5210 5054//5054
f 3548//3548 5210//5210 3605//3605
f 3548//3548 3474//3474 5210//5210
f 5210//5210 3474//3474 5211//5211
f 3515//3515 5335//5335 5330//5330
f 5335//5335 5334//5334 5330//5330
f 3518//3518 5335//5335 3515//3515
f 5335//5335 5336//5336 5334//5334
f 5336//5336 5337//5337 5334//5334
f 5334//5334 5337//5337 5332//5332
f 5337//5337 5333//5333 5332//5332
f 5236//5236 5333//5333 5183//5183
f 5333//5333 5338//5338 5183//5183
f 5337//5337 5338//5338 5333//5333
f 3518//3518 5339//5339 5335//5335
f 5339//5339 5336//5336 5335//5335
f 5339//5339 5337//5337 5336//5336
f 3573//3573 5339//5339 3518//3518
f 5339//5339 5340//5340 5337//5337
f 5340//5340 5338//5338 5337//5337
f 5309//5309 5307//5307 5308//5308
f 5338//5338 5284//5284 5183//5183
f 5340//5340 5284//5284 5338//5338
f 3574//3574 5341//5341 5285//5285
f 5341//5341 5286//5286 5285//5285
f 5341//5341 5309//5309 5286//5286
f 5341//5341 3371//3371 5309//5309
f 5309//5309 3371//3371 5307//5307
f 5340//5340 3576//3576 5284//5284
f 5340//5340 5342//5342 3574//3574
f 5340//5340 3574//3574 3576//3576
f 3574//3574 5342//5342 5341//5341
f 5342//5342 3371//3371 5341//5341
f 3371//3371 3551//3551 5307//5307
f 3573//3573 5343//5343 5339//5339
f 5343//5343 5344//5344 5340//5340
f 5343//5343 5340//5340 5339//5339
f 5344//5344 5342//5342 5340//5340
f 5342//5342 3429//3429 3371//3371
f 3552//3552 3429//3429 5342//5342
f 3275//3275 5343//5343 3573//3573
f 5344//5344 3533//3533 5342//5342
f 3533//3533 3552//3552 5342//5342
f 3489//3489 3276//3276 3275//3275
f 3275//3275 3276//3276 5343//5343
f 3276//3276 3577//3577 5343//5343
f 5343//5343 3577//3577 5344//5344
f 3577//3577 3533//3533 5344//5344
